reviewGroup,internalId,swarfarmId,com2usId,name,element,archetype,awakeningStage,obtainable,homunculus,fusionFood,familyId,familyMemberCount,familyObtainableCount,familyHasPlayableSignal,skillCount,missingStats,transformsToId,transformsToName,transformedFromIds,transformedFromNames,transformLinked,reasons
MATERIAL_CANDIDATE,7,7,14202,Angelmon,FIRE,MATERIAL,BASE,true,false,false,42,10,10,false,1,,,,,,false,MATERIAL_ARCHETYPE|OBTAINABLE
MATERIAL_CANDIDATE,8,8,14212,Red Angelmon,FIRE,MATERIAL,AWAKENED,true,false,false,42,10,10,false,2,,,,,,false,MATERIAL_ARCHETYPE|OBTAINABLE
MATERIAL_CANDIDATE,9,9,18202,King Angelmon,FIRE,MATERIAL,BASE,true,false,false,81,10,10,false,1,,,,,,false,MATERIAL_ARCHETYPE|OBTAINABLE
MATERIAL_CANDIDATE,10,10,18212,Red King Angelmon,FIRE,MATERIAL,AWAKENED,true,false,false,81,10,10,false,2,,,,,,false,MATERIAL_ARCHETYPE|OBTAINABLE
MATERIAL_CANDIDATE,42,43,14201,Angelmon,WATER,MATERIAL,BASE,true,false,false,42,10,10,false,1,,,,,,false,MATERIAL_ARCHETYPE|OBTAINABLE
MATERIAL_CANDIDATE,43,44,18201,King Angelmon,WATER,MATERIAL,BASE,true,false,false,81,10,10,false,1,,,,,,false,MATERIAL_ARCHETYPE|OBTAINABLE
MATERIAL_CANDIDATE,49,50,14211,Blue Angelmon,WATER,MATERIAL,AWAKENED,true,false,false,42,10,10,false,2,,,,,,false,MATERIAL_ARCHETYPE|OBTAINABLE
MATERIAL_CANDIDATE,50,51,18211,Blue King Angelmon,WATER,MATERIAL,AWAKENED,true,false,false,81,10,10,false,2,,,,,,false,MATERIAL_ARCHETYPE|OBTAINABLE
MATERIAL_CANDIDATE,78,80,14203,Angelmon,WIND,MATERIAL,BASE,true,false,false,42,10,10,false,1,,,,,,false,MATERIAL_ARCHETYPE|OBTAINABLE
MATERIAL_CANDIDATE,79,81,14213,Gold Angelmon,WIND,MATERIAL,AWAKENED,true,false,false,42,10,10,false,2,,,,,,false,MATERIAL_ARCHETYPE|OBTAINABLE
MATERIAL_CANDIDATE,80,82,18203,King Angelmon,WIND,MATERIAL,BASE,true,false,false,81,10,10,false,1,,,,,,false,MATERIAL_ARCHETYPE|OBTAINABLE
MATERIAL_CANDIDATE,81,83,18213,Gold King Angelmon,WIND,MATERIAL,AWAKENED,true,false,false,81,10,10,false,2,,,,,,false,MATERIAL_ARCHETYPE|OBTAINABLE
MATERIAL_CANDIDATE,113,115,15105,Devilmon,DARK,MATERIAL,BASE,true,false,false,,0,0,false,1,,,,,,false,MATERIAL_ARCHETYPE|NO_FAMILY|OBTAINABLE
MATERIAL_CANDIDATE,118,120,14205,Angelmon,DARK,MATERIAL,BASE,true,false,false,42,10,10,false,1,,,,,,false,MATERIAL_ARCHETYPE|OBTAINABLE
MATERIAL_CANDIDATE,119,121,14215,Dark Angelmon,DARK,MATERIAL,AWAKENED,true,false,false,42,10,10,false,2,,,,,,false,MATERIAL_ARCHETYPE|OBTAINABLE
MATERIAL_CANDIDATE,120,122,18205,King Angelmon,DARK,MATERIAL,BASE,true,false,false,81,10,10,false,1,,,,,,false,MATERIAL_ARCHETYPE|OBTAINABLE
MATERIAL_CANDIDATE,121,123,18215,Dark King Angelmon,DARK,MATERIAL,AWAKENED,true,false,false,81,10,10,false,2,,,,,,false,MATERIAL_ARCHETYPE|OBTAINABLE
MATERIAL_CANDIDATE,140,142,14204,Angelmon,LIGHT,MATERIAL,BASE,true,false,false,42,10,10,false,1,,,,,,false,MATERIAL_ARCHETYPE|OBTAINABLE
MATERIAL_CANDIDATE,141,143,14214,White Angelmon,LIGHT,MATERIAL,AWAKENED,true,false,false,42,10,10,false,2,,,,,,false,MATERIAL_ARCHETYPE|OBTAINABLE
MATERIAL_CANDIDATE,142,144,18204,King Angelmon,LIGHT,MATERIAL,BASE,true,false,false,81,10,10,false,1,,,,,,false,MATERIAL_ARCHETYPE|OBTAINABLE
MATERIAL_CANDIDATE,143,145,18214,White King Angelmon,LIGHT,MATERIAL,AWAKENED,true,false,false,81,10,10,false,2,,,,,,false,MATERIAL_ARCHETYPE|OBTAINABLE
MATERIAL_CANDIDATE,790,799,14314,Rainbowmon,LIGHT,MATERIAL,AWAKENED,true,false,false,43,1,1,false,1,,,,,,false,MATERIAL_ARCHETYPE|OBTAINABLE
MATERIAL_CANDIDATE,1140,1155,21714,Super Angelmon,LIGHT,MATERIAL,AWAKENED,true,false,false,116,1,1,false,1,,,,,,false,MATERIAL_ARCHETYPE|OBTAINABLE
SPECIAL_ENTITY_CANDIDATE,1056,1071,40101,Inugami,WATER,NONE,BASE,false,false,false,260,1,0,false,3,,,,,,false,ARCHETYPE_NONE
SPECIAL_ENTITY_CANDIDATE,1057,1072,40201,Phoenix,WATER,NONE,BASE,false,false,false,261,1,0,false,3,,,,,,false,ARCHETYPE_NONE
SPECIAL_ENTITY_CANDIDATE,1058,1073,40302,Golem,FIRE,NONE,BASE,false,false,false,262,1,0,false,3,,,,,,false,ARCHETYPE_NONE
SPECIAL_ENTITY_CANDIDATE,1059,1074,40403,Sylphid,WIND,NONE,BASE,false,false,false,263,1,0,false,3,,,,,,false,ARCHETYPE_NONE
SPECIAL_ENTITY_CANDIDATE,1060,1075,40501,Undine,WATER,NONE,BASE,false,false,false,264,1,0,false,3,,,,,,false,ARCHETYPE_NONE
SPECIAL_ENTITY_CANDIDATE,1061,1076,40602,Inferno,FIRE,NONE,BASE,false,false,false,265,1,0,false,3,,,,,,false,ARCHETYPE_NONE
SPECIAL_ENTITY_CANDIDATE,1062,1077,40703,Chimera,WIND,NONE,BASE,false,false,false,266,1,0,false,3,,,,,,false,ARCHETYPE_NONE
SPECIAL_ENTITY_CANDIDATE,1063,1078,40803,Salamander,WIND,NONE,BASE,false,false,false,267,1,0,false,3,,,,,,false,ARCHETYPE_NONE
SPECIAL_ENTITY_CANDIDATE,1064,1079,40903,Sylph,WIND,NONE,BASE,false,false,false,268,1,0,false,3,,,,,,false,ARCHETYPE_NONE
SPECIAL_ENTITY_CANDIDATE,1065,1080,41006,Otherworldly Dragon,PURE,NONE,BASE,false,false,false,269,1,0,false,3,,,,,,false,ELEMENT_PURE|ARCHETYPE_NONE
SPECIAL_ENTITY_CANDIDATE,1066,1081,41101,Death Knight,WATER,NONE,BASE,false,false,false,270,1,0,false,3,,,,,,false,ARCHETYPE_NONE
SPECIAL_ENTITY_CANDIDATE,1067,1082,41202,Lich,FIRE,NONE,BASE,false,false,false,271,1,0,false,3,,,,,,false,ARCHETYPE_NONE
SPECIAL_ENTITY_CANDIDATE,1068,1083,41303,Keeper of Remains,WIND,NONE,BASE,false,false,false,272,1,0,false,3,,,,,,false,ARCHETYPE_NONE
SPECIAL_ENTITY_CANDIDATE,1069,1084,41401,Contaminated Dragon,WATER,NONE,BASE,false,false,false,273,1,0,false,3,,,,,,false,ARCHETYPE_NONE
SPECIAL_ENTITY_CANDIDATE,1070,1085,42006,Ath'taros,PURE,NONE,BASE,false,false,false,274,1,0,false,3,,,,,,false,ELEMENT_PURE|ARCHETYPE_NONE
SPECIAL_ENTITY_CANDIDATE,1071,1086,42106,Lyrith,PURE,NONE,BASE,false,false,false,275,2,0,false,3,,,,,,false,ELEMENT_PURE|ARCHETYPE_NONE
SPECIAL_ENTITY_CANDIDATE,1072,1087,42206,Lyrith,PURE,NONE,BASE,false,false,false,275,2,0,false,3,,,,,,false,ELEMENT_PURE|ARCHETYPE_NONE
SPECIAL_ENTITY_CANDIDATE,1073,1088,43001,Ice Beast,WATER,NONE,BASE,false,false,false,277,5,0,false,4,,,,,,false,ARCHETYPE_NONE
SPECIAL_ENTITY_CANDIDATE,1074,1089,43002,Fire Beast,FIRE,NONE,BASE,false,false,false,277,5,0,false,4,,,,,,false,ARCHETYPE_NONE
SPECIAL_ENTITY_CANDIDATE,1075,1090,43003,Wind Beast,WIND,NONE,BASE,false,false,false,277,5,0,false,4,,,,,,false,ARCHETYPE_NONE
SPECIAL_ENTITY_CANDIDATE,1076,1091,43004,Light Beast,LIGHT,NONE,BASE,false,false,false,277,5,0,false,4,,,,,,false,ARCHETYPE_NONE
SPECIAL_ENTITY_CANDIDATE,1077,1092,43005,Dark Beast,DARK,NONE,BASE,false,false,false,277,5,0,false,4,,,,,,false,ARCHETYPE_NONE
SPECIAL_ENTITY_CANDIDATE,1078,1093,44007,Chaos Beast Khi'zar Kha'jul,PURE,NONE,BASE,false,false,false,278,3,0,false,4,,,,,,false,ELEMENT_PURE|ARCHETYPE_NONE
SPECIAL_ENTITY_CANDIDATE,1079,1094,44008,Chaos Beast Khi'zar Kha'jul,PURE,NONE,BASE,false,false,false,278,3,0,false,4,,,,,,false,ELEMENT_PURE|ARCHETYPE_NONE
SPECIAL_ENTITY_CANDIDATE,1080,1095,44009,Chaos Beast Khi'zar Kha'jul,PURE,NONE,BASE,false,false,false,278,3,0,false,4,,,,,,false,ELEMENT_PURE|ARCHETYPE_NONE
SPECIAL_ENTITY_CANDIDATE,1081,1096,60101,Keeper of Water,WATER,NONE,BASE,false,false,false,301,5,0,false,3,,,,,,false,ARCHETYPE_NONE
SPECIAL_ENTITY_CANDIDATE,1082,1097,60102,Keeper of Fire,FIRE,NONE,BASE,false,false,false,301,5,0,false,3,,,,,,false,ARCHETYPE_NONE
SPECIAL_ENTITY_CANDIDATE,1083,1098,60103,Keeper of Wind,WIND,NONE,BASE,false,false,false,301,5,0,false,3,,,,,,false,ARCHETYPE_NONE
SPECIAL_ENTITY_CANDIDATE,1084,1099,60104,Keeper of Light,LIGHT,NONE,BASE,false,false,false,301,5,0,false,3,,,,,,false,ARCHETYPE_NONE
SPECIAL_ENTITY_CANDIDATE,1085,1100,60105,Keeper of Darkness,DARK,NONE,BASE,false,false,false,301,5,0,false,3,,,,,,false,ARCHETYPE_NONE
SPECIAL_ENTITY_CANDIDATE,1086,1101,60201,Ancient Giant,WATER,NONE,BASE,false,false,false,302,6,0,false,3,,,,,,false,ARCHETYPE_NONE
SPECIAL_ENTITY_CANDIDATE,1087,1102,60202,Ancient Giant,FIRE,NONE,BASE,false,false,false,302,6,0,false,3,,,,,,false,ARCHETYPE_NONE
SPECIAL_ENTITY_CANDIDATE,1088,1103,60203,Ancient Giant,WIND,NONE,BASE,false,false,false,302,6,0,false,3,,,,,,false,ARCHETYPE_NONE
SPECIAL_ENTITY_CANDIDATE,1089,1104,60204,Ancient Giant,LIGHT,NONE,BASE,false,false,false,302,6,0,false,3,,,,,,false,ARCHETYPE_NONE
SPECIAL_ENTITY_CANDIDATE,1090,1105,60205,Ancient Giant,DARK,NONE,BASE,false,false,false,302,6,0,false,3,,,,,,false,ARCHETYPE_NONE
SPECIAL_ENTITY_CANDIDATE,1091,1106,60301,Legendary Dragon,WATER,NONE,BASE,false,false,false,303,6,0,false,3,,,,,,false,ARCHETYPE_NONE
SPECIAL_ENTITY_CANDIDATE,1092,1107,60302,Legendary Dragon,FIRE,NONE,BASE,false,false,false,303,6,0,false,3,,,,,,false,ARCHETYPE_NONE
SPECIAL_ENTITY_CANDIDATE,1093,1108,60303,Legendary Dragon,WIND,NONE,BASE,false,false,false,303,6,0,false,3,,,,,,false,ARCHETYPE_NONE
SPECIAL_ENTITY_CANDIDATE,1094,1109,60304,Legendary Dragon,LIGHT,NONE,BASE,false,false,false,303,6,0,false,3,,,,,,false,ARCHETYPE_NONE
SPECIAL_ENTITY_CANDIDATE,1095,1110,60305,Legendary Dragon,DARK,NONE,BASE,false,false,false,303,6,0,false,3,,,,,,false,ARCHETYPE_NONE
SPECIAL_ENTITY_CANDIDATE,1096,1111,60401,Angelmon,WATER,NONE,BASE,false,false,false,304,24,0,false,3,,,,,,false,ARCHETYPE_NONE
SPECIAL_ENTITY_CANDIDATE,1097,1112,60501,Angelmon,WATER,NONE,BASE,false,false,false,304,24,0,false,2,,,,,,false,ARCHETYPE_NONE
SPECIAL_ENTITY_CANDIDATE,1098,1113,60601,Angelmon,WATER,NONE,BASE,false,false,false,304,24,0,false,2,,,,,,false,ARCHETYPE_NONE
SPECIAL_ENTITY_CANDIDATE,1099,1114,60701,Angelmon,WATER,NONE,BASE,false,false,false,304,24,0,false,2,,,,,,false,ARCHETYPE_NONE
SPECIAL_ENTITY_CANDIDATE,1100,1115,60402,Angelmon,FIRE,NONE,BASE,false,false,false,304,24,0,false,3,,,,,,false,ARCHETYPE_NONE
SPECIAL_ENTITY_CANDIDATE,1101,1116,60502,Angelmon,FIRE,NONE,BASE,false,false,false,304,24,0,false,2,,,,,,false,ARCHETYPE_NONE
SPECIAL_ENTITY_CANDIDATE,1102,1117,60602,Angelmon,FIRE,NONE,BASE,false,false,false,304,24,0,false,2,,,,,,false,ARCHETYPE_NONE
SPECIAL_ENTITY_CANDIDATE,1103,1118,60702,Angelmon,FIRE,NONE,BASE,false,false,false,304,24,0,false,2,,,,,,false,ARCHETYPE_NONE
SPECIAL_ENTITY_CANDIDATE,1104,1119,60403,Angelmon,WIND,NONE,BASE,false,false,false,304,24,0,false,3,,,,,,false,ARCHETYPE_NONE
SPECIAL_ENTITY_CANDIDATE,1105,1120,60503,Angelmon,WIND,NONE,BASE,false,false,false,304,24,0,false,2,,,,,,false,ARCHETYPE_NONE
SPECIAL_ENTITY_CANDIDATE,1106,1121,60603,Angelmon,WIND,NONE,BASE,false,false,false,304,24,0,false,2,,,,,,false,ARCHETYPE_NONE
SPECIAL_ENTITY_CANDIDATE,1107,1122,60703,Angelmon,WIND,NONE,BASE,false,false,false,304,24,0,false,2,,,,,,false,ARCHETYPE_NONE
SPECIAL_ENTITY_CANDIDATE,1108,1123,60404,Angelmon,LIGHT,NONE,BASE,false,false,false,304,24,0,false,3,,,,,,false,ARCHETYPE_NONE
SPECIAL_ENTITY_CANDIDATE,1109,1124,60504,Angelmon,LIGHT,NONE,BASE,false,false,false,304,24,0,false,2,,,,,,false,ARCHETYPE_NONE
SPECIAL_ENTITY_CANDIDATE,1110,1125,60604,Angelmon,LIGHT,NONE,BASE,false,false,false,304,24,0,false,2,,,,,,false,ARCHETYPE_NONE
SPECIAL_ENTITY_CANDIDATE,1111,1126,60704,Angelmon,LIGHT,NONE,BASE,false,false,false,304,24,0,false,2,,,,,,false,ARCHETYPE_NONE
SPECIAL_ENTITY_CANDIDATE,1112,1127,60405,Angelmon,DARK,NONE,BASE,false,false,false,304,24,0,false,3,,,,,,false,ARCHETYPE_NONE
SPECIAL_ENTITY_CANDIDATE,1113,1128,60505,Angelmon,DARK,NONE,BASE,false,false,false,304,24,0,false,2,,,,,,false,ARCHETYPE_NONE
SPECIAL_ENTITY_CANDIDATE,1114,1129,60605,Angelmon,DARK,NONE,BASE,false,false,false,304,24,0,false,2,,,,,,false,ARCHETYPE_NONE
SPECIAL_ENTITY_CANDIDATE,1115,1130,60705,Angelmon,DARK,NONE,BASE,false,false,false,304,24,0,false,2,,,,,,false,ARCHETYPE_NONE
SPECIAL_ENTITY_CANDIDATE,1116,1131,60804,Rainbowmon,LIGHT,NONE,BASE,false,false,false,304,24,0,false,3,,,,,,false,ARCHETYPE_NONE
SPECIAL_ENTITY_CANDIDATE,1117,1132,60904,Rainbowmon,LIGHT,NONE,BASE,false,false,false,304,24,0,false,2,,,,,,false,ARCHETYPE_NONE
SPECIAL_ENTITY_CANDIDATE,1118,1133,61004,Rainbowmon,LIGHT,NONE,BASE,false,false,false,304,24,0,false,2,,,,,,false,ARCHETYPE_NONE
SPECIAL_ENTITY_CANDIDATE,1119,1134,61104,Rainbowmon,LIGHT,NONE,BASE,false,false,false,304,24,0,false,2,,,,,,false,ARCHETYPE_NONE
SPECIAL_ENTITY_CANDIDATE,1120,1135,60805,Devilmon,DARK,NONE,BASE,false,false,false,305,4,0,false,3,,,,,,false,ARCHETYPE_NONE
SPECIAL_ENTITY_CANDIDATE,1121,1136,60905,Devilmon,DARK,NONE,BASE,false,false,false,305,4,0,false,2,,,,,,false,ARCHETYPE_NONE
SPECIAL_ENTITY_CANDIDATE,1122,1137,61005,Devilmon,DARK,NONE,BASE,false,false,false,305,4,0,false,2,,,,,,false,ARCHETYPE_NONE
SPECIAL_ENTITY_CANDIDATE,1123,1138,61105,Devilmon,DARK,NONE,BASE,false,false,false,305,4,0,false,2,,,,,,false,ARCHETYPE_NONE
SPECIAL_ENTITY_CANDIDATE,1124,1139,62004,Keeper of Magic,LIGHT,NONE,BASE,false,false,false,306,1,0,false,3,,,,,,false,ARCHETYPE_NONE
SPECIAL_ENTITY_CANDIDATE,1125,1140,62101,Ancient Lich King,WATER,NONE,BASE,false,false,false,307,6,0,false,3,,,,,,false,ARCHETYPE_NONE
SPECIAL_ENTITY_CANDIDATE,1126,1141,62102,Ancient Lich King,FIRE,NONE,BASE,false,false,false,307,6,0,false,3,,,,,,false,ARCHETYPE_NONE
SPECIAL_ENTITY_CANDIDATE,1127,1142,62103,Ancient Lich King,WIND,NONE,BASE,false,false,false,307,6,0,false,3,,,,,,false,ARCHETYPE_NONE
SPECIAL_ENTITY_CANDIDATE,1128,1143,62104,Ancient Lich King,LIGHT,NONE,BASE,false,false,false,307,6,0,false,3,,,,,,false,ARCHETYPE_NONE
SPECIAL_ENTITY_CANDIDATE,1129,1144,62105,Ancient Lich King,DARK,NONE,BASE,false,false,false,307,6,0,false,3,,,,,,false,ARCHETYPE_NONE
SPECIAL_ENTITY_CANDIDATE,1130,1145,110306,Incarnation of Greed,PURE,NONE,BASE,false,false,false,333,332,0,false,3,,,,,,false,ELEMENT_PURE|ARCHETYPE_NONE
SPECIAL_ENTITY_CANDIDATE,1131,1146,110406,Incarnation of Vendetta,PURE,NONE,BASE,false,false,false,333,332,0,false,3,,,,,,false,ELEMENT_PURE|ARCHETYPE_NONE
SPECIAL_ENTITY_CANDIDATE,1132,1147,110506,Incarnation of Protection,PURE,NONE,BASE,false,false,false,333,332,0,false,3,,,,,,false,ELEMENT_PURE|ARCHETYPE_NONE
SPECIAL_ENTITY_CANDIDATE,1133,1148,110606,Incarnation of Greed,PURE,NONE,BASE,false,false,false,333,332,0,false,3,,,,,,false,ELEMENT_PURE|ARCHETYPE_NONE
SPECIAL_ENTITY_CANDIDATE,1134,1149,110706,Incarnation of Vendetta,PURE,NONE,BASE,false,false,false,333,332,0,false,3,,,,,,false,ELEMENT_PURE|ARCHETYPE_NONE
SPECIAL_ENTITY_CANDIDATE,1135,1150,110806,Incarnation of Protection,PURE,NONE,BASE,false,false,false,333,332,0,false,3,,,,,,false,ELEMENT_PURE|ARCHETYPE_NONE
SPECIAL_ENTITY_CANDIDATE,1136,1151,110902,Fire Minion,FIRE,NONE,BASE,false,false,false,333,332,0,false,2,,,,,,false,ARCHETYPE_NONE
SPECIAL_ENTITY_CANDIDATE,1137,1152,310106,Lunaroc,PURE,NONE,BASE,false,false,false,351,1,0,false,2,,,,,,false,ELEMENT_PURE|ARCHETYPE_NONE
SPECIAL_ENTITY_CANDIDATE,1138,1153,310206,Chromeshell,PURE,NONE,BASE,false,false,false,352,1,0,false,2,,,,,,false,ELEMENT_PURE|ARCHETYPE_NONE
SPECIAL_ENTITY_CANDIDATE,1139,1154,310306,Nebion,PURE,NONE,BASE,false,false,false,353,1,0,false,2,,,,,,false,ELEMENT_PURE|ARCHETYPE_NONE
SPECIAL_ENTITY_CANDIDATE,1199,1214,46001,Tartarus,PURE,NONE,BASE,false,false,false,283,4,0,false,4,,,,,,false,ELEMENT_PURE|ARCHETYPE_NONE
SPECIAL_ENTITY_CANDIDATE,1200,1215,46101,Leos,WATER,NONE,BASE,false,false,false,284,12,0,false,4,,,,,,false,ARCHETYPE_NONE
SPECIAL_ENTITY_CANDIDATE,1201,1216,46102,Kotos,FIRE,NONE,BASE,false,false,false,284,12,0,false,4,,,,,,false,ARCHETYPE_NONE
SPECIAL_ENTITY_CANDIDATE,1202,1217,46103,Guilles,WIND,NONE,BASE,false,false,false,284,12,0,false,4,,,,,,false,ARCHETYPE_NONE
SPECIAL_ENTITY_CANDIDATE,1203,1218,46301,Leos,WATER,NONE,BASE,false,false,false,284,12,0,false,4,,,,,,false,ARCHETYPE_NONE
SPECIAL_ENTITY_CANDIDATE,1204,1219,46302,Kotos,FIRE,NONE,BASE,false,false,false,284,12,0,false,4,,,,,,false,ARCHETYPE_NONE
SPECIAL_ENTITY_CANDIDATE,1205,1220,46303,Guilles,WIND,NONE,BASE,false,false,false,284,12,0,false,4,,,,,,false,ARCHETYPE_NONE
SPECIAL_ENTITY_CANDIDATE,1206,1221,46304,Leos,WATER,NONE,BASE,false,false,false,284,12,0,false,4,,,,,,false,ARCHETYPE_NONE
SPECIAL_ENTITY_CANDIDATE,1207,1222,46305,Kotos,FIRE,NONE,BASE,false,false,false,284,12,0,false,4,,,,,,false,ARCHETYPE_NONE
SPECIAL_ENTITY_CANDIDATE,1208,1223,46306,Guilles,WIND,NONE,BASE,false,false,false,284,12,0,false,4,,,,,,false,ARCHETYPE_NONE
SPECIAL_ENTITY_CANDIDATE,1209,1224,46307,Leos,WATER,NONE,BASE,false,false,false,284,12,0,false,4,,,,,,false,ARCHETYPE_NONE
SPECIAL_ENTITY_CANDIDATE,1210,1225,46308,Kotos,FIRE,NONE,BASE,false,false,false,284,12,0,false,4,,,,,,false,ARCHETYPE_NONE
SPECIAL_ENTITY_CANDIDATE,1211,1226,46309,Guilles,WIND,NONE,BASE,false,false,false,284,12,0,false,4,,,,,,false,ARCHETYPE_NONE
SPECIAL_ENTITY_CANDIDATE,1286,1301,47001,Ancient Guardian,WATER,NONE,BASE,false,false,false,285,5,0,false,4,,,,,,false,ARCHETYPE_NONE
SPECIAL_ENTITY_CANDIDATE,1287,1302,47002,Ancient Guardian,WIND,NONE,BASE,false,false,false,285,5,0,false,4,,,,,,false,ARCHETYPE_NONE
SPECIAL_ENTITY_CANDIDATE,1318,1333,47003,Ancient Guardian,FIRE,NONE,BASE,false,false,false,285,5,0,false,4,,,,,,false,ARCHETYPE_NONE
SPECIAL_ENTITY_CANDIDATE,1353,1368,45001,형상아이템용 더미(물),WATER,NONE,BASE,false,false,false,282,6,0,false,0,,,,,,false,ARCHETYPE_NONE|NO_SKILLS
SPECIAL_ENTITY_CANDIDATE,1354,1369,45002,형상아이템용 더미(불),FIRE,NONE,BASE,false,false,false,282,6,0,false,0,,,,,,false,ARCHETYPE_NONE|NO_SKILLS
SPECIAL_ENTITY_CANDIDATE,1355,1370,45003,형상아이템용 더미(바람),WIND,NONE,BASE,false,false,false,282,6,0,false,0,,,,,,false,ARCHETYPE_NONE|NO_SKILLS
SPECIAL_ENTITY_CANDIDATE,1356,1371,45004,형상아이템용 더미(빛),LIGHT,NONE,BASE,false,false,false,282,6,0,false,0,,,,,,false,ARCHETYPE_NONE|NO_SKILLS
SPECIAL_ENTITY_CANDIDATE,1357,1372,45005,형상아이템용 더미(어둠),DARK,NONE,BASE,false,false,false,282,6,0,false,0,,,,,,false,ARCHETYPE_NONE|NO_SKILLS
SPECIAL_ENTITY_CANDIDATE,1358,1373,46002,미궁 보스 머리,PURE,NONE,BASE,false,false,false,283,4,0,false,1,,,,,,false,ELEMENT_PURE|ARCHETYPE_NONE
SPECIAL_ENTITY_CANDIDATE,1359,1374,46003,미궁 보스 왼쪽팔,PURE,NONE,BASE,false,false,false,283,4,0,false,1,,,,,,false,ELEMENT_PURE|ARCHETYPE_NONE
SPECIAL_ENTITY_CANDIDATE,1360,1375,46004,미궁 보스 오른쪽팔,PURE,NONE,BASE,false,false,false,283,4,0,false,1,,,,,,false,ELEMENT_PURE|ARCHETYPE_NONE
SPECIAL_ENTITY_CANDIDATE,1361,1376,46201,미궁 룬문양 (물),WATER,NONE,BASE,false,false,false,333,332,0,false,1,,,,,,false,ARCHETYPE_NONE
SPECIAL_ENTITY_CANDIDATE,1362,1377,46202,미궁 룬문양 (불),FIRE,NONE,BASE,false,false,false,333,332,0,false,1,,,,,,false,ARCHETYPE_NONE
SPECIAL_ENTITY_CANDIDATE,1363,1378,46203,미궁 룬문양 (바람),WIND,NONE,BASE,false,false,false,333,332,0,false,1,,,,,,false,ARCHETYPE_NONE
SPECIAL_ENTITY_CANDIDATE,1364,1379,47101,Fairy 2A,WATER,NONE,BASE,false,false,false,286,5,0,false,3,,,,,,false,ARCHETYPE_NONE
SPECIAL_ENTITY_CANDIDATE,1365,1380,47102,Fairy 2A,FIRE,NONE,BASE,false,false,false,286,5,0,false,3,,,,,,false,ARCHETYPE_NONE
SPECIAL_ENTITY_CANDIDATE,1366,1381,47103,Fairy 2A,WIND,NONE,BASE,false,false,false,286,5,0,false,3,,,,,,false,ARCHETYPE_NONE
SPECIAL_ENTITY_CANDIDATE,1367,1382,47104,Fairy 2A,LIGHT,NONE,BASE,false,false,false,286,5,0,false,3,,,,,,false,ARCHETYPE_NONE
SPECIAL_ENTITY_CANDIDATE,1368,1383,47105,Fairy 2A,DARK,NONE,BASE,false,false,false,286,5,0,false,3,,,,,,false,ARCHETYPE_NONE
SPECIAL_ENTITY_CANDIDATE,1369,1384,47201,Pixie 2A,WATER,NONE,BASE,false,false,false,287,5,0,false,3,,,,,,false,ARCHETYPE_NONE
SPECIAL_ENTITY_CANDIDATE,1370,1385,47202,Pixie 2A,FIRE,NONE,BASE,false,false,false,287,5,0,false,3,,,,,,false,ARCHETYPE_NONE
SPECIAL_ENTITY_CANDIDATE,1371,1386,47203,Pixie 2A,WIND,NONE,BASE,false,false,false,287,5,0,false,3,,,,,,false,ARCHETYPE_NONE
SPECIAL_ENTITY_CANDIDATE,1372,1387,47204,Pixie 2A,LIGHT,NONE,BASE,false,false,false,287,5,0,false,3,,,,,,false,ARCHETYPE_NONE
SPECIAL_ENTITY_CANDIDATE,1373,1388,47205,Pixie 2A,DARK,NONE,BASE,false,false,false,287,5,0,false,3,,,,,,false,ARCHETYPE_NONE
SPECIAL_ENTITY_CANDIDATE,1374,1389,47301,Warbear 2A,WATER,NONE,BASE,false,false,false,288,5,0,false,3,,,,,,false,ARCHETYPE_NONE
SPECIAL_ENTITY_CANDIDATE,1375,1390,47302,Warbear 2A,FIRE,NONE,BASE,false,false,false,288,5,0,false,3,,,,,,false,ARCHETYPE_NONE
SPECIAL_ENTITY_CANDIDATE,1376,1391,47303,Warbear 2A,WIND,NONE,BASE,false,false,false,288,5,0,false,3,,,,,,false,ARCHETYPE_NONE
SPECIAL_ENTITY_CANDIDATE,1377,1392,47304,Warbear 2A,LIGHT,NONE,BASE,false,false,false,288,5,0,false,3,,,,,,false,ARCHETYPE_NONE
SPECIAL_ENTITY_CANDIDATE,1378,1393,47305,Warbear 2A,DARK,NONE,BASE,false,false,false,288,5,0,false,3,,,,,,false,ARCHETYPE_NONE
SPECIAL_ENTITY_CANDIDATE,1379,1394,47401,Inugami 2A,WATER,NONE,BASE,false,false,false,289,5,0,false,3,,,,,,false,ARCHETYPE_NONE
SPECIAL_ENTITY_CANDIDATE,1380,1395,47402,Inugami 2A,FIRE,NONE,BASE,false,false,false,289,5,0,false,3,,,,,,false,ARCHETYPE_NONE
SPECIAL_ENTITY_CANDIDATE,1381,1396,47403,Inugami 2A,WIND,NONE,BASE,false,false,false,289,5,0,false,3,,,,,,false,ARCHETYPE_NONE
SPECIAL_ENTITY_CANDIDATE,1382,1397,47404,Inugami 2A,LIGHT,NONE,BASE,false,false,false,289,5,0,false,3,,,,,,false,ARCHETYPE_NONE
SPECIAL_ENTITY_CANDIDATE,1383,1398,47405,Inugami 2A,DARK,NONE,BASE,false,false,false,289,5,0,false,3,,,,,,false,ARCHETYPE_NONE
SPECIAL_ENTITY_CANDIDATE,1384,1399,47501,Werewolf 2A,WATER,NONE,BASE,false,false,false,290,5,0,false,3,,,,,,false,ARCHETYPE_NONE
SPECIAL_ENTITY_CANDIDATE,1385,1400,47502,Werewolf 2A,FIRE,NONE,BASE,false,false,false,290,5,0,false,3,,,,,,false,ARCHETYPE_NONE
SPECIAL_ENTITY_CANDIDATE,1386,1401,47503,Werewolf 2A,WIND,NONE,BASE,false,false,false,290,5,0,false,3,,,,,,false,ARCHETYPE_NONE
SPECIAL_ENTITY_CANDIDATE,1387,1402,47504,Werewolf 2A,LIGHT,NONE,BASE,false,false,false,290,5,0,false,3,,,,,,false,ARCHETYPE_NONE
SPECIAL_ENTITY_CANDIDATE,1388,1403,47505,Werewolf 2A,DARK,NONE,BASE,false,false,false,290,5,0,false,3,,,,,,false,ARCHETYPE_NONE
SPECIAL_ENTITY_CANDIDATE,1389,1404,47601,Martial Cat 2A,WATER,NONE,BASE,false,false,false,291,5,0,false,3,,,,,,false,ARCHETYPE_NONE
SPECIAL_ENTITY_CANDIDATE,1390,1405,47602,Martial Cat 2A,FIRE,NONE,BASE,false,false,false,291,5,0,false,3,,,,,,false,ARCHETYPE_NONE
SPECIAL_ENTITY_CANDIDATE,1391,1406,47603,Martial Cat 2A,WIND,NONE,BASE,false,false,false,291,5,0,false,3,,,,,,false,ARCHETYPE_NONE
SPECIAL_ENTITY_CANDIDATE,1392,1407,47604,Martial Cat 2A,LIGHT,NONE,BASE,false,false,false,291,5,0,false,3,,,,,,false,ARCHETYPE_NONE
SPECIAL_ENTITY_CANDIDATE,1393,1408,47605,Martial Cat 2A,DARK,NONE,BASE,false,false,false,291,5,0,false,3,,,,,,false,ARCHETYPE_NONE
SPECIAL_ENTITY_CANDIDATE,1394,1409,62200,월드보스-고대골렘,WATER,NONE,BASE,false,false,false,308,1,0,false,0,,,,,,false,ARCHETYPE_NONE|NO_SKILLS
SPECIAL_ENTITY_CANDIDATE,1395,1410,100116,Tower,PURE,NONE,BASE,false,false,false,333,332,0,false,1,,,,,,false,ELEMENT_PURE|ARCHETYPE_NONE
SPECIAL_ENTITY_CANDIDATE,1396,1411,100216,Tower,PURE,NONE,BASE,false,false,false,333,332,0,false,1,,,,,,false,ELEMENT_PURE|ARCHETYPE_NONE
SPECIAL_ENTITY_CANDIDATE,1397,1412,100316,Tower,PURE,NONE,BASE,false,false,false,333,332,0,false,1,,,,,,false,ELEMENT_PURE|ARCHETYPE_NONE
SPECIAL_ENTITY_CANDIDATE,1398,1413,100416,Tower,PURE,NONE,BASE,false,false,false,333,332,0,false,1,,,,,,false,ELEMENT_PURE|ARCHETYPE_NONE
SPECIAL_ENTITY_CANDIDATE,1399,1414,100516,Tower,PURE,NONE,BASE,false,false,false,333,332,0,false,1,,,,,,false,ELEMENT_PURE|ARCHETYPE_NONE
SPECIAL_ENTITY_CANDIDATE,1400,1415,100616,Tower,PURE,NONE,BASE,false,false,false,333,332,0,false,1,,,,,,false,ELEMENT_PURE|ARCHETYPE_NONE
SPECIAL_ENTITY_CANDIDATE,1401,1416,100716,Tower,PURE,NONE,BASE,false,false,false,333,332,0,false,1,,,,,,false,ELEMENT_PURE|ARCHETYPE_NONE
SPECIAL_ENTITY_CANDIDATE,1402,1417,100816,Tower,PURE,NONE,BASE,false,false,false,333,332,0,false,1,,,,,,false,ELEMENT_PURE|ARCHETYPE_NONE
SPECIAL_ENTITY_CANDIDATE,1403,1418,100916,Tower,PURE,NONE,BASE,false,false,false,333,332,0,false,1,,,,,,false,ELEMENT_PURE|ARCHETYPE_NONE
SPECIAL_ENTITY_CANDIDATE,1404,1419,101016,Tower,PURE,NONE,BASE,false,false,false,333,332,0,false,1,,,,,,false,ELEMENT_PURE|ARCHETYPE_NONE
SPECIAL_ENTITY_CANDIDATE,1405,1420,101116,Tower,PURE,NONE,BASE,false,false,false,333,332,0,false,1,,,,,,false,ELEMENT_PURE|ARCHETYPE_NONE
SPECIAL_ENTITY_CANDIDATE,1406,1421,101216,Tower,PURE,NONE,BASE,false,false,false,333,332,0,false,1,,,,,,false,ELEMENT_PURE|ARCHETYPE_NONE
SPECIAL_ENTITY_CANDIDATE,1407,1422,101316,Tower,PURE,NONE,BASE,false,false,false,333,332,0,false,1,,,,,,false,ELEMENT_PURE|ARCHETYPE_NONE
SPECIAL_ENTITY_CANDIDATE,1408,1423,101416,Tower,PURE,NONE,BASE,false,false,false,333,332,0,false,1,,,,,,false,ELEMENT_PURE|ARCHETYPE_NONE
SPECIAL_ENTITY_CANDIDATE,1409,1424,101516,Tower,PURE,NONE,BASE,false,false,false,333,332,0,false,1,,,,,,false,ELEMENT_PURE|ARCHETYPE_NONE
SPECIAL_ENTITY_CANDIDATE,1410,1425,101616,타워(물) - 전체 충격 수정,PURE,NONE,BASE,false,false,false,333,332,0,false,1,,,,,,false,ELEMENT_PURE|ARCHETYPE_NONE
SPECIAL_ENTITY_CANDIDATE,1411,1426,101716,타워(물) - 공속 게이지,PURE,NONE,BASE,false,false,false,333,332,0,false,1,,,,,,false,ELEMENT_PURE|ARCHETYPE_NONE
SPECIAL_ENTITY_CANDIDATE,1412,1427,100126,Tower,PURE,NONE,BASE,false,false,false,333,332,0,false,1,,,,,,false,ELEMENT_PURE|ARCHETYPE_NONE
SPECIAL_ENTITY_CANDIDATE,1413,1428,100226,Tower,PURE,NONE,BASE,false,false,false,333,332,0,false,1,,,,,,false,ELEMENT_PURE|ARCHETYPE_NONE
SPECIAL_ENTITY_CANDIDATE,1414,1429,100326,Tower,PURE,NONE,BASE,false,false,false,333,332,0,false,1,,,,,,false,ELEMENT_PURE|ARCHETYPE_NONE
SPECIAL_ENTITY_CANDIDATE,1415,1430,100426,Tower,PURE,NONE,BASE,false,false,false,333,332,0,false,1,,,,,,false,ELEMENT_PURE|ARCHETYPE_NONE
SPECIAL_ENTITY_CANDIDATE,1416,1431,100526,Tower,PURE,NONE,BASE,false,false,false,333,332,0,false,1,,,,,,false,ELEMENT_PURE|ARCHETYPE_NONE
SPECIAL_ENTITY_CANDIDATE,1417,1432,100626,Tower,PURE,NONE,BASE,false,false,false,333,332,0,false,1,,,,,,false,ELEMENT_PURE|ARCHETYPE_NONE
SPECIAL_ENTITY_CANDIDATE,1418,1433,100726,Tower,PURE,NONE,BASE,false,false,false,333,332,0,false,1,,,,,,false,ELEMENT_PURE|ARCHETYPE_NONE
SPECIAL_ENTITY_CANDIDATE,1419,1434,100826,Tower,PURE,NONE,BASE,false,false,false,333,332,0,false,1,,,,,,false,ELEMENT_PURE|ARCHETYPE_NONE
SPECIAL_ENTITY_CANDIDATE,1420,1435,100926,Tower,PURE,NONE,BASE,false,false,false,333,332,0,false,1,,,,,,false,ELEMENT_PURE|ARCHETYPE_NONE
SPECIAL_ENTITY_CANDIDATE,1421,1436,101026,Tower,PURE,NONE,BASE,false,false,false,333,332,0,false,1,,,,,,false,ELEMENT_PURE|ARCHETYPE_NONE
SPECIAL_ENTITY_CANDIDATE,1422,1437,101126,Tower,PURE,NONE,BASE,false,false,false,333,332,0,false,1,,,,,,false,ELEMENT_PURE|ARCHETYPE_NONE
SPECIAL_ENTITY_CANDIDATE,1423,1438,101226,Tower,PURE,NONE,BASE,false,false,false,333,332,0,false,1,,,,,,false,ELEMENT_PURE|ARCHETYPE_NONE
SPECIAL_ENTITY_CANDIDATE,1424,1439,101326,Tower,PURE,NONE,BASE,false,false,false,333,332,0,false,1,,,,,,false,ELEMENT_PURE|ARCHETYPE_NONE
SPECIAL_ENTITY_CANDIDATE,1425,1440,101426,Tower,PURE,NONE,BASE,false,false,false,333,332,0,false,1,,,,,,false,ELEMENT_PURE|ARCHETYPE_NONE
SPECIAL_ENTITY_CANDIDATE,1426,1441,101526,Tower,PURE,NONE,BASE,false,false,false,333,332,0,false,1,,,,,,false,ELEMENT_PURE|ARCHETYPE_NONE
SPECIAL_ENTITY_CANDIDATE,1427,1442,101626,타워(불) - 전체 충격 수정,PURE,NONE,BASE,false,false,false,333,332,0,false,1,,,,,,false,ELEMENT_PURE|ARCHETYPE_NONE
SPECIAL_ENTITY_CANDIDATE,1428,1443,101726,타워(불) - 공속 게이지,PURE,NONE,BASE,false,false,false,333,332,0,false,1,,,,,,false,ELEMENT_PURE|ARCHETYPE_NONE
SPECIAL_ENTITY_CANDIDATE,1429,1444,100136,Tower,PURE,NONE,BASE,false,false,false,333,332,0,false,1,,,,,,false,ELEMENT_PURE|ARCHETYPE_NONE
SPECIAL_ENTITY_CANDIDATE,1430,1445,100236,Tower,PURE,NONE,BASE,false,false,false,333,332,0,false,1,,,,,,false,ELEMENT_PURE|ARCHETYPE_NONE
SPECIAL_ENTITY_CANDIDATE,1431,1446,100336,Tower,PURE,NONE,BASE,false,false,false,333,332,0,false,1,,,,,,false,ELEMENT_PURE|ARCHETYPE_NONE
SPECIAL_ENTITY_CANDIDATE,1432,1447,100436,Tower,PURE,NONE,BASE,false,false,false,333,332,0,false,1,,,,,,false,ELEMENT_PURE|ARCHETYPE_NONE
SPECIAL_ENTITY_CANDIDATE,1433,1448,100536,Tower,PURE,NONE,BASE,false,false,false,333,332,0,false,1,,,,,,false,ELEMENT_PURE|ARCHETYPE_NONE
SPECIAL_ENTITY_CANDIDATE,1434,1449,100636,Tower,PURE,NONE,BASE,false,false,false,333,332,0,false,1,,,,,,false,ELEMENT_PURE|ARCHETYPE_NONE
SPECIAL_ENTITY_CANDIDATE,1435,1450,100736,Tower,PURE,NONE,BASE,false,false,false,333,332,0,false,1,,,,,,false,ELEMENT_PURE|ARCHETYPE_NONE
SPECIAL_ENTITY_CANDIDATE,1436,1451,100836,Tower,PURE,NONE,BASE,false,false,false,333,332,0,false,1,,,,,,false,ELEMENT_PURE|ARCHETYPE_NONE
SPECIAL_ENTITY_CANDIDATE,1437,1452,100936,Tower,PURE,NONE,BASE,false,false,false,333,332,0,false,1,,,,,,false,ELEMENT_PURE|ARCHETYPE_NONE
SPECIAL_ENTITY_CANDIDATE,1438,1453,101036,Tower,PURE,NONE,BASE,false,false,false,333,332,0,false,1,,,,,,false,ELEMENT_PURE|ARCHETYPE_NONE
SPECIAL_ENTITY_CANDIDATE,1439,1454,101136,Tower,PURE,NONE,BASE,false,false,false,333,332,0,false,1,,,,,,false,ELEMENT_PURE|ARCHETYPE_NONE
SPECIAL_ENTITY_CANDIDATE,1440,1455,101236,Tower,PURE,NONE,BASE,false,false,false,333,332,0,false,1,,,,,,false,ELEMENT_PURE|ARCHETYPE_NONE
SPECIAL_ENTITY_CANDIDATE,1441,1456,101336,Tower,PURE,NONE,BASE,false,false,false,333,332,0,false,1,,,,,,false,ELEMENT_PURE|ARCHETYPE_NONE
SPECIAL_ENTITY_CANDIDATE,1442,1457,101436,Tower,PURE,NONE,BASE,false,false,false,333,332,0,false,1,,,,,,false,ELEMENT_PURE|ARCHETYPE_NONE
SPECIAL_ENTITY_CANDIDATE,1443,1458,101536,Tower,PURE,NONE,BASE,false,false,false,333,332,0,false,1,,,,,,false,ELEMENT_PURE|ARCHETYPE_NONE
SPECIAL_ENTITY_CANDIDATE,1444,1459,101636,타워(바람) - 전체 충격 수정,PURE,NONE,BASE,false,false,false,333,332,0,false,1,,,,,,false,ELEMENT_PURE|ARCHETYPE_NONE
SPECIAL_ENTITY_CANDIDATE,1445,1460,101736,타워(바람) - 공속 게이지,PURE,NONE,BASE,false,false,false,333,332,0,false,1,,,,,,false,ELEMENT_PURE|ARCHETYPE_NONE
SPECIAL_ENTITY_CANDIDATE,1446,1461,100146,Tower,PURE,NONE,BASE,false,false,false,333,332,0,false,1,,,,,,false,ELEMENT_PURE|ARCHETYPE_NONE
SPECIAL_ENTITY_CANDIDATE,1447,1462,100246,Tower,PURE,NONE,BASE,false,false,false,333,332,0,false,1,,,,,,false,ELEMENT_PURE|ARCHETYPE_NONE
SPECIAL_ENTITY_CANDIDATE,1448,1463,100346,Tower,PURE,NONE,BASE,false,false,false,333,332,0,false,1,,,,,,false,ELEMENT_PURE|ARCHETYPE_NONE
SPECIAL_ENTITY_CANDIDATE,1449,1464,100446,Tower,PURE,NONE,BASE,false,false,false,333,332,0,false,1,,,,,,false,ELEMENT_PURE|ARCHETYPE_NONE
SPECIAL_ENTITY_CANDIDATE,1450,1465,100546,Tower,PURE,NONE,BASE,false,false,false,333,332,0,false,1,,,,,,false,ELEMENT_PURE|ARCHETYPE_NONE
SPECIAL_ENTITY_CANDIDATE,1451,1466,100646,Tower,PURE,NONE,BASE,false,false,false,333,332,0,false,1,,,,,,false,ELEMENT_PURE|ARCHETYPE_NONE
SPECIAL_ENTITY_CANDIDATE,1452,1467,100746,Tower,PURE,NONE,BASE,false,false,false,333,332,0,false,1,,,,,,false,ELEMENT_PURE|ARCHETYPE_NONE
SPECIAL_ENTITY_CANDIDATE,1453,1468,100846,Tower,PURE,NONE,BASE,false,false,false,333,332,0,false,1,,,,,,false,ELEMENT_PURE|ARCHETYPE_NONE
SPECIAL_ENTITY_CANDIDATE,1454,1469,100946,Tower,PURE,NONE,BASE,false,false,false,333,332,0,false,1,,,,,,false,ELEMENT_PURE|ARCHETYPE_NONE
SPECIAL_ENTITY_CANDIDATE,1455,1470,101046,Tower,PURE,NONE,BASE,false,false,false,333,332,0,false,1,,,,,,false,ELEMENT_PURE|ARCHETYPE_NONE
SPECIAL_ENTITY_CANDIDATE,1456,1471,101146,Tower,PURE,NONE,BASE,false,false,false,333,332,0,false,1,,,,,,false,ELEMENT_PURE|ARCHETYPE_NONE
SPECIAL_ENTITY_CANDIDATE,1457,1472,101246,Tower,PURE,NONE,BASE,false,false,false,333,332,0,false,1,,,,,,false,ELEMENT_PURE|ARCHETYPE_NONE
SPECIAL_ENTITY_CANDIDATE,1458,1473,101346,Tower,PURE,NONE,BASE,false,false,false,333,332,0,false,1,,,,,,false,ELEMENT_PURE|ARCHETYPE_NONE
SPECIAL_ENTITY_CANDIDATE,1459,1474,101446,Tower,PURE,NONE,BASE,false,false,false,333,332,0,false,1,,,,,,false,ELEMENT_PURE|ARCHETYPE_NONE
SPECIAL_ENTITY_CANDIDATE,1460,1475,101546,Tower,PURE,NONE,BASE,false,false,false,333,332,0,false,1,,,,,,false,ELEMENT_PURE|ARCHETYPE_NONE
SPECIAL_ENTITY_CANDIDATE,1461,1476,101646,타워(빛) - 전체 충격 수정,PURE,NONE,BASE,false,false,false,333,332,0,false,1,,,,,,false,ELEMENT_PURE|ARCHETYPE_NONE
SPECIAL_ENTITY_CANDIDATE,1462,1477,101746,타워(빛) - 공속 게이지,PURE,NONE,BASE,false,false,false,333,332,0,false,1,,,,,,false,ELEMENT_PURE|ARCHETYPE_NONE
SPECIAL_ENTITY_CANDIDATE,1463,1478,100156,Tower,PURE,NONE,BASE,false,false,false,333,332,0,false,1,,,,,,false,ELEMENT_PURE|ARCHETYPE_NONE
SPECIAL_ENTITY_CANDIDATE,1464,1479,100256,Tower,PURE,NONE,BASE,false,false,false,333,332,0,false,1,,,,,,false,ELEMENT_PURE|ARCHETYPE_NONE
SPECIAL_ENTITY_CANDIDATE,1465,1480,100356,Tower,PURE,NONE,BASE,false,false,false,333,332,0,false,1,,,,,,false,ELEMENT_PURE|ARCHETYPE_NONE
SPECIAL_ENTITY_CANDIDATE,1466,1481,100456,Tower,PURE,NONE,BASE,false,false,false,333,332,0,false,1,,,,,,false,ELEMENT_PURE|ARCHETYPE_NONE
SPECIAL_ENTITY_CANDIDATE,1467,1482,100556,Tower,PURE,NONE,BASE,false,false,false,333,332,0,false,1,,,,,,false,ELEMENT_PURE|ARCHETYPE_NONE
SPECIAL_ENTITY_CANDIDATE,1468,1483,100656,Tower,PURE,NONE,BASE,false,false,false,333,332,0,false,1,,,,,,false,ELEMENT_PURE|ARCHETYPE_NONE
SPECIAL_ENTITY_CANDIDATE,1469,1484,100756,Tower,PURE,NONE,BASE,false,false,false,333,332,0,false,1,,,,,,false,ELEMENT_PURE|ARCHETYPE_NONE
SPECIAL_ENTITY_CANDIDATE,1470,1485,100856,Tower,PURE,NONE,BASE,false,false,false,333,332,0,false,1,,,,,,false,ELEMENT_PURE|ARCHETYPE_NONE
SPECIAL_ENTITY_CANDIDATE,1471,1486,100956,Tower,PURE,NONE,BASE,false,false,false,333,332,0,false,1,,,,,,false,ELEMENT_PURE|ARCHETYPE_NONE
SPECIAL_ENTITY_CANDIDATE,1472,1487,101056,Tower,PURE,NONE,BASE,false,false,false,333,332,0,false,1,,,,,,false,ELEMENT_PURE|ARCHETYPE_NONE
SPECIAL_ENTITY_CANDIDATE,1473,1488,101156,Tower,PURE,NONE,BASE,false,false,false,333,332,0,false,1,,,,,,false,ELEMENT_PURE|ARCHETYPE_NONE
SPECIAL_ENTITY_CANDIDATE,1474,1489,101256,Tower,PURE,NONE,BASE,false,false,false,333,332,0,false,1,,,,,,false,ELEMENT_PURE|ARCHETYPE_NONE
SPECIAL_ENTITY_CANDIDATE,1475,1490,101356,Tower,PURE,NONE,BASE,false,false,false,333,332,0,false,1,,,,,,false,ELEMENT_PURE|ARCHETYPE_NONE
SPECIAL_ENTITY_CANDIDATE,1476,1491,101456,Tower,PURE,NONE,BASE,false,false,false,333,332,0,false,1,,,,,,false,ELEMENT_PURE|ARCHETYPE_NONE
SPECIAL_ENTITY_CANDIDATE,1477,1492,101556,Tower,PURE,NONE,BASE,false,false,false,333,332,0,false,1,,,,,,false,ELEMENT_PURE|ARCHETYPE_NONE
SPECIAL_ENTITY_CANDIDATE,1478,1493,101656,타워(어둠) - 전체 충격 수정,PURE,NONE,BASE,false,false,false,333,332,0,false,1,,,,,,false,ELEMENT_PURE|ARCHETYPE_NONE
SPECIAL_ENTITY_CANDIDATE,1479,1494,101756,타워(어둠) - 공속 게이지,PURE,NONE,BASE,false,false,false,333,332,0,false,1,,,,,,false,ELEMENT_PURE|ARCHETYPE_NONE
SPECIAL_ENTITY_CANDIDATE,1480,1495,110106,시험의탑 타워(왼쪽),PURE,NONE,BASE,false,false,false,333,332,0,false,1,,,,,,false,ELEMENT_PURE|ARCHETYPE_NONE
SPECIAL_ENTITY_CANDIDATE,1481,1496,110206,시험의탑 타워(오른쪽),PURE,NONE,BASE,false,false,false,333,332,0,false,1,,,,,,false,ELEMENT_PURE|ARCHETYPE_NONE
SPECIAL_ENTITY_CANDIDATE,1482,1497,120101,Tower,WATER,NONE,BASE,false,false,false,333,332,0,false,1,,,,,,false,ARCHETYPE_NONE
SPECIAL_ENTITY_CANDIDATE,1483,1498,120102,Tower,FIRE,NONE,BASE,false,false,false,333,332,0,false,1,,,,,,false,ARCHETYPE_NONE
SPECIAL_ENTITY_CANDIDATE,1484,1499,120103,Tower,WIND,NONE,BASE,false,false,false,333,332,0,false,1,,,,,,false,ARCHETYPE_NONE
SPECIAL_ENTITY_CANDIDATE,1485,1500,120104,Tower,LIGHT,NONE,BASE,false,false,false,333,332,0,false,1,,,,,,false,ARCHETYPE_NONE
SPECIAL_ENTITY_CANDIDATE,1486,1501,120105,Tower,DARK,NONE,BASE,false,false,false,333,332,0,false,1,,,,,,false,ARCHETYPE_NONE
SPECIAL_ENTITY_CANDIDATE,1487,1502,120111,Tower,WATER,NONE,BASE,false,false,false,333,332,0,false,1,,,,,,false,ARCHETYPE_NONE
SPECIAL_ENTITY_CANDIDATE,1488,1503,120112,Tower,FIRE,NONE,BASE,false,false,false,333,332,0,false,1,,,,,,false,ARCHETYPE_NONE
SPECIAL_ENTITY_CANDIDATE,1489,1504,120113,Tower,WIND,NONE,BASE,false,false,false,333,332,0,false,1,,,,,,false,ARCHETYPE_NONE
SPECIAL_ENTITY_CANDIDATE,1490,1505,120114,Tower,LIGHT,NONE,BASE,false,false,false,333,332,0,false,1,,,,,,false,ARCHETYPE_NONE
SPECIAL_ENTITY_CANDIDATE,1491,1506,120115,Tower,DARK,NONE,BASE,false,false,false,333,332,0,false,1,,,,,,false,ARCHETYPE_NONE
SPECIAL_ENTITY_CANDIDATE,1492,1507,120201,Tower,WATER,NONE,BASE,false,false,false,333,332,0,false,1,,,,,,false,ARCHETYPE_NONE
SPECIAL_ENTITY_CANDIDATE,1493,1508,120202,Tower,FIRE,NONE,BASE,false,false,false,333,332,0,false,1,,,,,,false,ARCHETYPE_NONE
SPECIAL_ENTITY_CANDIDATE,1494,1509,120203,Tower,WIND,NONE,BASE,false,false,false,333,332,0,false,1,,,,,,false,ARCHETYPE_NONE
SPECIAL_ENTITY_CANDIDATE,1495,1510,120204,Tower,LIGHT,NONE,BASE,false,false,false,333,332,0,false,1,,,,,,false,ARCHETYPE_NONE
SPECIAL_ENTITY_CANDIDATE,1496,1511,120205,Tower,DARK,NONE,BASE,false,false,false,333,332,0,false,1,,,,,,false,ARCHETYPE_NONE
SPECIAL_ENTITY_CANDIDATE,1497,1512,120211,Tower,WATER,NONE,BASE,false,false,false,333,332,0,false,1,,,,,,false,ARCHETYPE_NONE
SPECIAL_ENTITY_CANDIDATE,1498,1513,120212,Tower,FIRE,NONE,BASE,false,false,false,333,332,0,false,1,,,,,,false,ARCHETYPE_NONE
SPECIAL_ENTITY_CANDIDATE,1499,1514,120213,Tower,WIND,NONE,BASE,false,false,false,333,332,0,false,1,,,,,,false,ARCHETYPE_NONE
SPECIAL_ENTITY_CANDIDATE,1500,1515,120214,Tower,LIGHT,NONE,BASE,false,false,false,333,332,0,false,1,,,,,,false,ARCHETYPE_NONE
SPECIAL_ENTITY_CANDIDATE,1501,1516,120215,Tower,DARK,NONE,BASE,false,false,false,333,332,0,false,1,,,,,,false,ARCHETYPE_NONE
SPECIAL_ENTITY_CANDIDATE,1502,1517,120301,Tower,WATER,NONE,BASE,false,false,false,333,332,0,false,1,,,,,,false,ARCHETYPE_NONE
SPECIAL_ENTITY_CANDIDATE,1503,1518,120302,Tower,FIRE,NONE,BASE,false,false,false,333,332,0,false,1,,,,,,false,ARCHETYPE_NONE
SPECIAL_ENTITY_CANDIDATE,1504,1519,120303,Tower,WIND,NONE,BASE,false,false,false,333,332,0,false,1,,,,,,false,ARCHETYPE_NONE
SPECIAL_ENTITY_CANDIDATE,1505,1520,120304,Tower,LIGHT,NONE,BASE,false,false,false,333,332,0,false,1,,,,,,false,ARCHETYPE_NONE
SPECIAL_ENTITY_CANDIDATE,1506,1521,120305,Tower,DARK,NONE,BASE,false,false,false,333,332,0,false,1,,,,,,false,ARCHETYPE_NONE
SPECIAL_ENTITY_CANDIDATE,1507,1522,120311,Tower,WATER,NONE,BASE,false,false,false,333,332,0,false,1,,,,,,false,ARCHETYPE_NONE
SPECIAL_ENTITY_CANDIDATE,1508,1523,120312,Tower,FIRE,NONE,BASE,false,false,false,333,332,0,false,1,,,,,,false,ARCHETYPE_NONE
SPECIAL_ENTITY_CANDIDATE,1509,1524,120313,Tower,WIND,NONE,BASE,false,false,false,333,332,0,false,1,,,,,,false,ARCHETYPE_NONE
SPECIAL_ENTITY_CANDIDATE,1510,1525,120314,Tower,LIGHT,NONE,BASE,false,false,false,333,332,0,false,1,,,,,,false,ARCHETYPE_NONE
SPECIAL_ENTITY_CANDIDATE,1511,1526,120315,Tower,DARK,NONE,BASE,false,false,false,333,332,0,false,1,,,,,,false,ARCHETYPE_NONE
SPECIAL_ENTITY_CANDIDATE,1512,1527,120401,Tower,WATER,NONE,BASE,false,false,false,333,332,0,false,1,,,,,,false,ARCHETYPE_NONE
SPECIAL_ENTITY_CANDIDATE,1513,1528,120402,Tower,FIRE,NONE,BASE,false,false,false,333,332,0,false,1,,,,,,false,ARCHETYPE_NONE
SPECIAL_ENTITY_CANDIDATE,1514,1529,120403,Tower,WIND,NONE,BASE,false,false,false,333,332,0,false,1,,,,,,false,ARCHETYPE_NONE
SPECIAL_ENTITY_CANDIDATE,1515,1530,120404,Tower,LIGHT,NONE,BASE,false,false,false,333,332,0,false,1,,,,,,false,ARCHETYPE_NONE
SPECIAL_ENTITY_CANDIDATE,1516,1531,120405,Tower,DARK,NONE,BASE,false,false,false,333,332,0,false,1,,,,,,false,ARCHETYPE_NONE
SPECIAL_ENTITY_CANDIDATE,1517,1532,120411,Tower,WATER,NONE,BASE,false,false,false,333,332,0,false,1,,,,,,false,ARCHETYPE_NONE
SPECIAL_ENTITY_CANDIDATE,1518,1533,120412,Tower,FIRE,NONE,BASE,false,false,false,333,332,0,false,1,,,,,,false,ARCHETYPE_NONE
SPECIAL_ENTITY_CANDIDATE,1519,1534,120413,Tower,WIND,NONE,BASE,false,false,false,333,332,0,false,1,,,,,,false,ARCHETYPE_NONE
SPECIAL_ENTITY_CANDIDATE,1520,1535,120414,Tower,LIGHT,NONE,BASE,false,false,false,333,332,0,false,1,,,,,,false,ARCHETYPE_NONE
SPECIAL_ENTITY_CANDIDATE,1521,1536,120415,Tower,DARK,NONE,BASE,false,false,false,333,332,0,false,1,,,,,,false,ARCHETYPE_NONE
SPECIAL_ENTITY_CANDIDATE,1522,1537,120501,Tower,WATER,NONE,BASE,false,false,false,333,332,0,false,1,,,,,,false,ARCHETYPE_NONE
SPECIAL_ENTITY_CANDIDATE,1523,1538,120502,Tower,FIRE,NONE,BASE,false,false,false,333,332,0,false,1,,,,,,false,ARCHETYPE_NONE
SPECIAL_ENTITY_CANDIDATE,1524,1539,120503,Tower,WIND,NONE,BASE,false,false,false,333,332,0,false,1,,,,,,false,ARCHETYPE_NONE
SPECIAL_ENTITY_CANDIDATE,1525,1540,120504,Tower,LIGHT,NONE,BASE,false,false,false,333,332,0,false,1,,,,,,false,ARCHETYPE_NONE
SPECIAL_ENTITY_CANDIDATE,1526,1541,120505,Tower,DARK,NONE,BASE,false,false,false,333,332,0,false,1,,,,,,false,ARCHETYPE_NONE
SPECIAL_ENTITY_CANDIDATE,1527,1542,120511,Tower,WATER,NONE,BASE,false,false,false,333,332,0,false,1,,,,,,false,ARCHETYPE_NONE
SPECIAL_ENTITY_CANDIDATE,1528,1543,120512,Tower,FIRE,NONE,BASE,false,false,false,333,332,0,false,1,,,,,,false,ARCHETYPE_NONE
SPECIAL_ENTITY_CANDIDATE,1529,1544,120513,Tower,WIND,NONE,BASE,false,false,false,333,332,0,false,1,,,,,,false,ARCHETYPE_NONE
SPECIAL_ENTITY_CANDIDATE,1530,1545,120514,Tower,LIGHT,NONE,BASE,false,false,false,333,332,0,false,1,,,,,,false,ARCHETYPE_NONE
SPECIAL_ENTITY_CANDIDATE,1531,1546,120515,Tower,DARK,NONE,BASE,false,false,false,333,332,0,false,1,,,,,,false,ARCHETYPE_NONE
SPECIAL_ENTITY_CANDIDATE,1532,1547,120601,Tower,WATER,NONE,BASE,false,false,false,333,332,0,false,1,,,,,,false,ARCHETYPE_NONE
SPECIAL_ENTITY_CANDIDATE,1533,1548,120602,Tower,FIRE,NONE,BASE,false,false,false,333,332,0,false,1,,,,,,false,ARCHETYPE_NONE
SPECIAL_ENTITY_CANDIDATE,1534,1549,120603,Tower,WIND,NONE,BASE,false,false,false,333,332,0,false,1,,,,,,false,ARCHETYPE_NONE
SPECIAL_ENTITY_CANDIDATE,1535,1550,120604,Tower,LIGHT,NONE,BASE,false,false,false,333,332,0,false,1,,,,,,false,ARCHETYPE_NONE
SPECIAL_ENTITY_CANDIDATE,1536,1551,120605,Tower,DARK,NONE,BASE,false,false,false,333,332,0,false,1,,,,,,false,ARCHETYPE_NONE
SPECIAL_ENTITY_CANDIDATE,1537,1552,120611,Tower,WATER,NONE,BASE,false,false,false,333,332,0,false,1,,,,,,false,ARCHETYPE_NONE
SPECIAL_ENTITY_CANDIDATE,1538,1553,120612,Tower,FIRE,NONE,BASE,false,false,false,333,332,0,false,1,,,,,,false,ARCHETYPE_NONE
SPECIAL_ENTITY_CANDIDATE,1539,1554,120613,Tower,WIND,NONE,BASE,false,false,false,333,332,0,false,1,,,,,,false,ARCHETYPE_NONE
SPECIAL_ENTITY_CANDIDATE,1540,1555,120614,Tower,LIGHT,NONE,BASE,false,false,false,333,332,0,false,1,,,,,,false,ARCHETYPE_NONE
SPECIAL_ENTITY_CANDIDATE,1541,1556,120615,Tower,DARK,NONE,BASE,false,false,false,333,332,0,false,1,,,,,,false,ARCHETYPE_NONE
SPECIAL_ENTITY_CANDIDATE,1542,1557,210106,Small Crystal,PURE,NONE,BASE,false,false,false,336,1,0,false,1,,,,,,false,ELEMENT_PURE|ARCHETYPE_NONE
SPECIAL_ENTITY_CANDIDATE,1543,1558,210206,Small Crystal,PURE,NONE,BASE,false,false,false,337,2,0,false,1,,,,,,false,ELEMENT_PURE|ARCHETYPE_NONE
SPECIAL_ENTITY_CANDIDATE,1544,1559,210306,Small Crystal,PURE,NONE,BASE,false,false,false,338,1,0,false,1,,,,,,false,ELEMENT_PURE|ARCHETYPE_NONE
SPECIAL_ENTITY_CANDIDATE,1545,1560,210406,Small Crystal,PURE,NONE,BASE,false,false,false,339,1,0,false,1,,,,,,false,ELEMENT_PURE|ARCHETYPE_NONE
SPECIAL_ENTITY_CANDIDATE,1546,1561,210506,Small Crystal,PURE,NONE,BASE,false,false,false,340,1,0,false,1,,,,,,false,ELEMENT_PURE|ARCHETYPE_NONE
SPECIAL_ENTITY_CANDIDATE,1547,1562,210606,Medium Crystal,PURE,NONE,BASE,false,false,false,341,2,0,false,1,,,,,,false,ELEMENT_PURE|ARCHETYPE_NONE
SPECIAL_ENTITY_CANDIDATE,1548,1563,210706,Medium Crystal,PURE,NONE,BASE,false,false,false,342,2,0,false,1,,,,,,false,ELEMENT_PURE|ARCHETYPE_NONE
SPECIAL_ENTITY_CANDIDATE,1549,1564,210806,Medium Crystal,PURE,NONE,BASE,false,false,false,343,1,0,false,1,,,,,,false,ELEMENT_PURE|ARCHETYPE_NONE
SPECIAL_ENTITY_CANDIDATE,1550,1565,210906,Medium Crystal,PURE,NONE,BASE,false,false,false,344,1,0,false,1,,,,,,false,ELEMENT_PURE|ARCHETYPE_NONE
SPECIAL_ENTITY_CANDIDATE,1551,1566,211006,Medium Crystal,PURE,NONE,BASE,false,false,false,345,2,0,false,1,,,,,,false,ELEMENT_PURE|ARCHETYPE_NONE
SPECIAL_ENTITY_CANDIDATE,1552,1567,220001,Small Crystal,WATER,NONE,BASE,false,false,false,350,10,0,false,1,,,,,,false,ARCHETYPE_NONE
SPECIAL_ENTITY_CANDIDATE,1553,1568,220002,Small Crystal,FIRE,NONE,BASE,false,false,false,350,10,0,false,1,,,,,,false,ARCHETYPE_NONE
SPECIAL_ENTITY_CANDIDATE,1554,1569,220003,Small Crystal,WIND,NONE,BASE,false,false,false,350,10,0,false,1,,,,,,false,ARCHETYPE_NONE
SPECIAL_ENTITY_CANDIDATE,1555,1570,220004,Small Crystal,LIGHT,NONE,BASE,false,false,false,350,10,0,false,1,,,,,,false,ARCHETYPE_NONE
SPECIAL_ENTITY_CANDIDATE,1556,1571,220005,Small Crystal,DARK,NONE,BASE,false,false,false,350,10,0,false,1,,,,,,false,ARCHETYPE_NONE
SPECIAL_ENTITY_CANDIDATE,1557,1572,220011,Medium Crystal,WATER,NONE,BASE,false,false,false,350,10,0,false,1,,,,,,false,ARCHETYPE_NONE
SPECIAL_ENTITY_CANDIDATE,1558,1573,220012,Medium Crystal,FIRE,NONE,BASE,false,false,false,350,10,0,false,1,,,,,,false,ARCHETYPE_NONE
SPECIAL_ENTITY_CANDIDATE,1559,1574,220013,Medium Crystal,WIND,NONE,BASE,false,false,false,350,10,0,false,1,,,,,,false,ARCHETYPE_NONE
SPECIAL_ENTITY_CANDIDATE,1560,1575,220014,Medium Crystal,LIGHT,NONE,BASE,false,false,false,350,10,0,false,1,,,,,,false,ARCHETYPE_NONE
SPECIAL_ENTITY_CANDIDATE,1561,1576,220015,Medium Crystal,DARK,NONE,BASE,false,false,false,350,10,0,false,1,,,,,,false,ARCHETYPE_NONE
SPECIAL_ENTITY_CANDIDATE,1567,1582,47701,Griffon 2A,WATER,NONE,BASE,false,false,false,292,5,0,false,3,,,,,,false,ARCHETYPE_NONE
SPECIAL_ENTITY_CANDIDATE,1568,1583,47702,Griffon 2A,FIRE,NONE,BASE,false,false,false,292,5,0,false,3,,,,,,false,ARCHETYPE_NONE
SPECIAL_ENTITY_CANDIDATE,1569,1584,47703,Griffon 2A,WIND,NONE,BASE,false,false,false,292,5,0,false,3,,,,,,false,ARCHETYPE_NONE
SPECIAL_ENTITY_CANDIDATE,1570,1585,47704,Griffon 2A,LIGHT,NONE,BASE,false,false,false,292,5,0,false,3,,,,,,false,ARCHETYPE_NONE
SPECIAL_ENTITY_CANDIDATE,1571,1586,47705,Griffon 2A,DARK,NONE,BASE,false,false,false,292,5,0,false,3,,,,,,false,ARCHETYPE_NONE
SPECIAL_ENTITY_CANDIDATE,1572,1587,120701,Tower,WATER,NONE,BASE,false,false,false,333,332,0,false,1,,,,,,false,ARCHETYPE_NONE
SPECIAL_ENTITY_CANDIDATE,1573,1588,120702,Tower,FIRE,NONE,BASE,false,false,false,333,332,0,false,1,,,,,,false,ARCHETYPE_NONE
SPECIAL_ENTITY_CANDIDATE,1574,1589,120703,Tower,WIND,NONE,BASE,false,false,false,333,332,0,false,1,,,,,,false,ARCHETYPE_NONE
SPECIAL_ENTITY_CANDIDATE,1575,1590,120704,Tower,LIGHT,NONE,BASE,false,false,false,333,332,0,false,1,,,,,,false,ARCHETYPE_NONE
SPECIAL_ENTITY_CANDIDATE,1576,1591,120705,Tower,DARK,NONE,BASE,false,false,false,333,332,0,false,1,,,,,,false,ARCHETYPE_NONE
SPECIAL_ENTITY_CANDIDATE,1577,1592,120711,Tower,WATER,NONE,BASE,false,false,false,333,332,0,false,1,,,,,,false,ARCHETYPE_NONE
SPECIAL_ENTITY_CANDIDATE,1578,1593,120712,Tower,FIRE,NONE,BASE,false,false,false,333,332,0,false,1,,,,,,false,ARCHETYPE_NONE
SPECIAL_ENTITY_CANDIDATE,1579,1594,120713,Tower,WIND,NONE,BASE,false,false,false,333,332,0,false,1,,,,,,false,ARCHETYPE_NONE
SPECIAL_ENTITY_CANDIDATE,1580,1595,120714,Tower,LIGHT,NONE,BASE,false,false,false,333,332,0,false,1,,,,,,false,ARCHETYPE_NONE
SPECIAL_ENTITY_CANDIDATE,1581,1596,120715,Tower,DARK,NONE,BASE,false,false,false,333,332,0,false,1,,,,,,false,ARCHETYPE_NONE
SPECIAL_ENTITY_CANDIDATE,1592,1607,23801,족자(물),WATER,NONE,BASE,false,false,false,137,6,0,false,0,,,,,,false,ARCHETYPE_NONE|NO_SKILLS
SPECIAL_ENTITY_CANDIDATE,1593,1608,23802,족자(불),FIRE,NONE,BASE,false,false,false,137,6,0,false,0,,,,,,false,ARCHETYPE_NONE|NO_SKILLS
SPECIAL_ENTITY_CANDIDATE,1594,1609,23803,족자(바람),WIND,NONE,BASE,false,false,false,137,6,0,false,0,,,,,,false,ARCHETYPE_NONE|NO_SKILLS
SPECIAL_ENTITY_CANDIDATE,1595,1610,23804,족자(빛),LIGHT,NONE,BASE,false,false,false,137,6,0,false,0,,,,,,false,ARCHETYPE_NONE|NO_SKILLS
SPECIAL_ENTITY_CANDIDATE,1596,1611,23805,족자(어둠),DARK,NONE,BASE,false,false,false,137,6,0,false,0,,,,,,false,ARCHETYPE_NONE|NO_SKILLS
SPECIAL_ENTITY_CANDIDATE,1597,1612,23806,족자(무),PURE,NONE,BASE,false,false,false,137,6,0,false,0,,,,,,false,ELEMENT_PURE|ARCHETYPE_NONE|NO_SKILLS
SPECIAL_ENTITY_CANDIDATE,1608,1623,63102,만랩튜토리얼보스(불),FIRE,NONE,BASE,false,false,false,315,1,0,false,3,,,,,,false,ARCHETYPE_NONE
SPECIAL_ENTITY_CANDIDATE,1609,1624,63202,만랩튜토리얼_드래곤(불),FIRE,NONE,BASE,false,false,false,316,1,0,false,2,,,,,,false,ARCHETYPE_NONE
SPECIAL_ENTITY_CANDIDATE,1610,1625,63301,만랩튜토리얼_가고일(물),WATER,NONE,BASE,false,false,false,317,3,0,false,1,,,,,,false,ARCHETYPE_NONE
SPECIAL_ENTITY_CANDIDATE,1611,1626,63302,만랩튜토리얼_가고일(불),FIRE,NONE,BASE,false,false,false,317,3,0,false,1,,,,,,false,ARCHETYPE_NONE
SPECIAL_ENTITY_CANDIDATE,1612,1627,63303,만랩튜토리얼_가고일(바람),WIND,NONE,BASE,false,false,false,317,3,0,false,1,,,,,,false,ARCHETYPE_NONE
SPECIAL_ENTITY_CANDIDATE,1613,1628,111006,만랩튜토타워_방어 약화,PURE,NONE,BASE,false,false,false,333,332,0,false,1,,,,,,false,ELEMENT_PURE|ARCHETYPE_NONE
SPECIAL_ENTITY_CANDIDATE,1614,1629,111016,만랩튜토타워_공격 강화,PURE,NONE,BASE,false,false,false,333,332,0,false,1,,,,,,false,ELEMENT_PURE|ARCHETYPE_NONE
SPECIAL_ENTITY_CANDIDATE,1699,1714,62303,Ancient Intercessor,WIND,NONE,BASE,false,false,false,309,1,0,false,2,,,,,,false,ARCHETYPE_NONE
SPECIAL_ENTITY_CANDIDATE,1700,1715,62403,Ancient Tormentor,WIND,NONE,BASE,false,false,false,310,2,0,false,4,,,,,,false,ARCHETYPE_NONE
SPECIAL_ENTITY_CANDIDATE,1701,1716,62504,Ancient Intercessor,LIGHT,NONE,BASE,false,false,false,311,1,0,false,2,,,,,,false,ARCHETYPE_NONE
SPECIAL_ENTITY_CANDIDATE,1702,1717,62604,Ancient Punisher,LIGHT,NONE,BASE,false,false,false,312,2,0,false,4,,,,,,false,ARCHETYPE_NONE
SPECIAL_ENTITY_CANDIDATE,1703,1718,70001,Dimension Predator,WATER,NONE,BASE,false,false,false,318,15,0,false,4,,,,,,false,ARCHETYPE_NONE
SPECIAL_ENTITY_CANDIDATE,1704,1719,70002,Dimension Predator,FIRE,NONE,BASE,false,false,false,318,15,0,false,4,,,,,,false,ARCHETYPE_NONE
SPECIAL_ENTITY_CANDIDATE,1705,1720,70003,Dimension Predator,WIND,NONE,BASE,false,false,false,318,15,0,false,4,,,,,,false,ARCHETYPE_NONE
SPECIAL_ENTITY_CANDIDATE,1706,1721,70004,Dimension Predator,LIGHT,NONE,BASE,false,false,false,318,15,0,false,4,,,,,,false,ARCHETYPE_NONE
SPECIAL_ENTITY_CANDIDATE,1707,1722,70005,Dimension Predator,DARK,NONE,BASE,false,false,false,318,15,0,false,4,,,,,,false,ARCHETYPE_NONE
SPECIAL_ENTITY_CANDIDATE,1708,1723,70101,Dimension Predator,WATER,NONE,BASE,false,false,false,318,15,0,false,4,,,,,,false,ARCHETYPE_NONE
SPECIAL_ENTITY_CANDIDATE,1709,1724,70102,Dimension Predator,FIRE,NONE,BASE,false,false,false,318,15,0,false,4,,,,,,false,ARCHETYPE_NONE
SPECIAL_ENTITY_CANDIDATE,1710,1725,70103,Dimension Predator,WIND,NONE,BASE,false,false,false,318,15,0,false,4,,,,,,false,ARCHETYPE_NONE
SPECIAL_ENTITY_CANDIDATE,1711,1726,70104,Dimension Predator,LIGHT,NONE,BASE,false,false,false,318,15,0,false,4,,,,,,false,ARCHETYPE_NONE
SPECIAL_ENTITY_CANDIDATE,1712,1727,70105,Dimension Predator,DARK,NONE,BASE,false,false,false,318,15,0,false,4,,,,,,false,ARCHETYPE_NONE
SPECIAL_ENTITY_CANDIDATE,1713,1728,70201,Dimension Predator,WATER,NONE,BASE,false,false,false,318,15,0,false,4,,,,,,false,ARCHETYPE_NONE
SPECIAL_ENTITY_CANDIDATE,1714,1729,70202,Dimension Predator,FIRE,NONE,BASE,false,false,false,318,15,0,false,4,,,,,,false,ARCHETYPE_NONE
SPECIAL_ENTITY_CANDIDATE,1715,1730,70203,Dimension Predator,WIND,NONE,BASE,false,false,false,318,15,0,false,4,,,,,,false,ARCHETYPE_NONE
SPECIAL_ENTITY_CANDIDATE,1716,1731,70204,Dimension Predator,LIGHT,NONE,BASE,false,false,false,318,15,0,false,4,,,,,,false,ARCHETYPE_NONE
SPECIAL_ENTITY_CANDIDATE,1717,1732,70205,Dimension Predator,DARK,NONE,BASE,false,false,false,318,15,0,false,4,,,,,,false,ARCHETYPE_NONE
SPECIAL_ENTITY_CANDIDATE,1718,1733,71004,Hollow,LIGHT,NONE,BASE,false,false,false,319,2,0,false,4,,,,,,false,ARCHETYPE_NONE
SPECIAL_ENTITY_CANDIDATE,1719,1734,71005,Hollow,DARK,NONE,BASE,false,false,false,319,2,0,false,4,,,,,,false,ARCHETYPE_NONE
SPECIAL_ENTITY_CANDIDATE,1720,1735,71101,Void,WATER,NONE,BASE,false,false,false,320,3,0,false,4,,,,,,false,ARCHETYPE_NONE
SPECIAL_ENTITY_CANDIDATE,1721,1736,71102,Void,FIRE,NONE,BASE,false,false,false,320,3,0,false,4,,,,,,false,ARCHETYPE_NONE
SPECIAL_ENTITY_CANDIDATE,1722,1737,71103,Void,WIND,NONE,BASE,false,false,false,320,3,0,false,4,,,,,,false,ARCHETYPE_NONE
SPECIAL_ENTITY_CANDIDATE,1723,1738,112023,Tower,WIND,NONE,BASE,false,false,false,333,332,0,false,1,,,,,,false,ARCHETYPE_NONE
SPECIAL_ENTITY_CANDIDATE,1724,1739,112033,Tower,WIND,NONE,BASE,false,false,false,333,332,0,false,1,,,,,,false,ARCHETYPE_NONE
SPECIAL_ENTITY_CANDIDATE,1725,1740,112124,Tower,LIGHT,NONE,BASE,false,false,false,333,332,0,false,1,,,,,,false,ARCHETYPE_NONE
SPECIAL_ENTITY_CANDIDATE,1726,1741,112134,Tower,LIGHT,NONE,BASE,false,false,false,333,332,0,false,1,,,,,,false,ARCHETYPE_NONE
SPECIAL_ENTITY_CANDIDATE,1727,1742,200103,Small Crystal,WIND,NONE,BASE,false,false,false,334,2,0,false,1,,,,,,false,ARCHETYPE_NONE
SPECIAL_ENTITY_CANDIDATE,1728,1743,200113,Medium Crystal,WIND,NONE,BASE,false,false,false,334,2,0,false,1,,,,,,false,ARCHETYPE_NONE
SPECIAL_ENTITY_CANDIDATE,1729,1744,200204,Small Crystal,LIGHT,NONE,BASE,false,false,false,335,2,0,false,1,,,,,,false,ARCHETYPE_NONE
SPECIAL_ENTITY_CANDIDATE,1730,1745,200214,Medium Crystal,LIGHT,NONE,BASE,false,false,false,335,2,0,false,1,,,,,,false,ARCHETYPE_NONE
SPECIAL_ENTITY_CANDIDATE,1731,1746,400001,Predator's Wreckage,WATER,NONE,BASE,false,false,false,333,332,0,false,1,,,,,,false,ARCHETYPE_NONE
SPECIAL_ENTITY_CANDIDATE,1732,1747,400002,Predator's Wreckage,FIRE,NONE,BASE,false,false,false,333,332,0,false,1,,,,,,false,ARCHETYPE_NONE
SPECIAL_ENTITY_CANDIDATE,1733,1748,400003,Predator's Wreckage,WIND,NONE,BASE,false,false,false,333,332,0,false,1,,,,,,false,ARCHETYPE_NONE
SPECIAL_ENTITY_CANDIDATE,1734,1749,400004,Predator's Wreckage,LIGHT,NONE,BASE,false,false,false,333,332,0,false,1,,,,,,false,ARCHETYPE_NONE
SPECIAL_ENTITY_CANDIDATE,1735,1750,400005,Predator's Wreckage,DARK,NONE,BASE,false,false,false,333,332,0,false,1,,,,,,false,ARCHETYPE_NONE
SPECIAL_ENTITY_CANDIDATE,1736,1751,400006,Predator's Wreckage,WATER,NONE,BASE,false,false,false,333,332,0,false,1,,,,,,false,ARCHETYPE_NONE
SPECIAL_ENTITY_CANDIDATE,1737,1752,400007,Predator's Wreckage,FIRE,NONE,BASE,false,false,false,333,332,0,false,1,,,,,,false,ARCHETYPE_NONE
SPECIAL_ENTITY_CANDIDATE,1738,1753,400008,Predator's Wreckage,WIND,NONE,BASE,false,false,false,333,332,0,false,1,,,,,,false,ARCHETYPE_NONE
SPECIAL_ENTITY_CANDIDATE,1739,1754,400009,Predator's Wreckage,LIGHT,NONE,BASE,false,false,false,333,332,0,false,1,,,,,,false,ARCHETYPE_NONE
SPECIAL_ENTITY_CANDIDATE,1740,1755,400010,Predator's Wreckage,DARK,NONE,BASE,false,false,false,333,332,0,false,1,,,,,,false,ARCHETYPE_NONE
SPECIAL_ENTITY_CANDIDATE,1751,1766,47004,Ancient Guardian,DARK,NONE,BASE,false,false,false,285,5,0,false,4,,,,,,false,ARCHETYPE_NONE
SPECIAL_ENTITY_CANDIDATE,1752,1767,47801,Lulu and Friends,WATER,NONE,BASE,false,false,false,293,5,0,false,3,,,,,,false,ARCHETYPE_NONE
SPECIAL_ENTITY_CANDIDATE,1753,1768,47802,Lala and Friends,FIRE,NONE,BASE,false,false,false,293,5,0,false,3,,,,,,false,ARCHETYPE_NONE
SPECIAL_ENTITY_CANDIDATE,1754,1769,47803,Chichi and Friends,WIND,NONE,BASE,false,false,false,293,5,0,false,3,,,,,,false,ARCHETYPE_NONE
SPECIAL_ENTITY_CANDIDATE,1755,1770,47804,Shushu and Friends,LIGHT,NONE,BASE,false,false,false,293,5,0,false,3,,,,,,false,ARCHETYPE_NONE
SPECIAL_ENTITY_CANDIDATE,1756,1771,47805,Chacha and Friends,DARK,NONE,BASE,false,false,false,293,5,0,false,3,,,,,,false,ARCHETYPE_NONE
SPECIAL_ENTITY_CANDIDATE,1757,1772,47901,Hemos,WATER,NONE,BASE,false,false,false,294,5,0,false,3,,,,,,false,ARCHETYPE_NONE
SPECIAL_ENTITY_CANDIDATE,1758,1773,47902,Sath,FIRE,NONE,BASE,false,false,false,294,5,0,false,3,,,,,,false,ARCHETYPE_NONE
SPECIAL_ENTITY_CANDIDATE,1759,1774,47903,Hiva,WIND,NONE,BASE,false,false,false,294,5,0,false,3,,,,,,false,ARCHETYPE_NONE
SPECIAL_ENTITY_CANDIDATE,1760,1775,47904,Prom,LIGHT,NONE,BASE,false,false,false,294,5,0,false,3,,,,,,false,ARCHETYPE_NONE
SPECIAL_ENTITY_CANDIDATE,1761,1776,47905,Thrain,DARK,NONE,BASE,false,false,false,294,5,0,false,3,,,,,,false,ARCHETYPE_NONE
SPECIAL_ENTITY_CANDIDATE,1762,1777,120801,Tower,WATER,NONE,BASE,false,false,false,333,332,0,false,1,,,,,,false,ARCHETYPE_NONE
SPECIAL_ENTITY_CANDIDATE,1763,1778,120802,Tower,FIRE,NONE,BASE,false,false,false,333,332,0,false,1,,,,,,false,ARCHETYPE_NONE
SPECIAL_ENTITY_CANDIDATE,1764,1779,120803,Tower,WIND,NONE,BASE,false,false,false,333,332,0,false,1,,,,,,false,ARCHETYPE_NONE
SPECIAL_ENTITY_CANDIDATE,1765,1780,120804,Tower,LIGHT,NONE,BASE,false,false,false,333,332,0,false,1,,,,,,false,ARCHETYPE_NONE
SPECIAL_ENTITY_CANDIDATE,1766,1781,120805,Tower,DARK,NONE,BASE,false,false,false,333,332,0,false,1,,,,,,false,ARCHETYPE_NONE
SPECIAL_ENTITY_CANDIDATE,1767,1782,120811,Tower,WATER,NONE,BASE,false,false,false,333,332,0,false,1,,,,,,false,ARCHETYPE_NONE
SPECIAL_ENTITY_CANDIDATE,1768,1783,120812,Tower,FIRE,NONE,BASE,false,false,false,333,332,0,false,1,,,,,,false,ARCHETYPE_NONE
SPECIAL_ENTITY_CANDIDATE,1769,1784,120813,Tower,WIND,NONE,BASE,false,false,false,333,332,0,false,1,,,,,,false,ARCHETYPE_NONE
SPECIAL_ENTITY_CANDIDATE,1770,1785,120814,Tower,LIGHT,NONE,BASE,false,false,false,333,332,0,false,1,,,,,,false,ARCHETYPE_NONE
SPECIAL_ENTITY_CANDIDATE,1771,1786,120815,Tower,DARK,NONE,BASE,false,false,false,333,332,0,false,1,,,,,,false,ARCHETYPE_NONE
SPECIAL_ENTITY_CANDIDATE,1772,1787,120901,Tower,WATER,NONE,BASE,false,false,false,333,332,0,false,1,,,,,,false,ARCHETYPE_NONE
SPECIAL_ENTITY_CANDIDATE,1773,1788,120902,Tower,FIRE,NONE,BASE,false,false,false,333,332,0,false,1,,,,,,false,ARCHETYPE_NONE
SPECIAL_ENTITY_CANDIDATE,1774,1789,120903,Tower,WIND,NONE,BASE,false,false,false,333,332,0,false,1,,,,,,false,ARCHETYPE_NONE
SPECIAL_ENTITY_CANDIDATE,1775,1790,120904,Tower,LIGHT,NONE,BASE,false,false,false,333,332,0,false,1,,,,,,false,ARCHETYPE_NONE
SPECIAL_ENTITY_CANDIDATE,1776,1791,120905,Tower,DARK,NONE,BASE,false,false,false,333,332,0,false,1,,,,,,false,ARCHETYPE_NONE
SPECIAL_ENTITY_CANDIDATE,1777,1792,120911,Tower,WATER,NONE,BASE,false,false,false,333,332,0,false,1,,,,,,false,ARCHETYPE_NONE
SPECIAL_ENTITY_CANDIDATE,1778,1793,120912,Tower,FIRE,NONE,BASE,false,false,false,333,332,0,false,1,,,,,,false,ARCHETYPE_NONE
SPECIAL_ENTITY_CANDIDATE,1779,1794,120913,Tower,WIND,NONE,BASE,false,false,false,333,332,0,false,1,,,,,,false,ARCHETYPE_NONE
SPECIAL_ENTITY_CANDIDATE,1780,1795,120914,Tower,LIGHT,NONE,BASE,false,false,false,333,332,0,false,1,,,,,,false,ARCHETYPE_NONE
SPECIAL_ENTITY_CANDIDATE,1781,1796,120915,Tower,DARK,NONE,BASE,false,false,false,333,332,0,false,1,,,,,,false,ARCHETYPE_NONE
SPECIAL_ENTITY_CANDIDATE,1807,1822,48001,하이엘리멘탈 2차 각성 보스(물),WATER,NONE,BASE,false,false,false,295,5,0,false,3,,,,,,false,ARCHETYPE_NONE
SPECIAL_ENTITY_CANDIDATE,1808,1823,48002,하이엘리멘탈 2차 각성 보스(불),FIRE,NONE,BASE,false,false,false,295,5,0,false,3,,,,,,false,ARCHETYPE_NONE
SPECIAL_ENTITY_CANDIDATE,1809,1824,48003,하이엘리멘탈 2차 각성 보스(바람),WIND,NONE,BASE,false,false,false,295,5,0,false,3,,,,,,false,ARCHETYPE_NONE
SPECIAL_ENTITY_CANDIDATE,1810,1825,48004,하이엘리멘탈 2차 각성 보스(빛),LIGHT,NONE,BASE,false,false,false,295,5,0,false,3,,,,,,false,ARCHETYPE_NONE
SPECIAL_ENTITY_CANDIDATE,1811,1826,48005,하이엘리멘탈 2차 각성 보스(어둠),DARK,NONE,BASE,false,false,false,295,5,0,false,3,,,,,,false,ARCHETYPE_NONE
SPECIAL_ENTITY_CANDIDATE,1812,1827,121001,2차각성 하이엘리멘탈 수정_왼쪽(물),WATER,NONE,BASE,false,false,false,333,332,0,false,1,,,,,,false,ARCHETYPE_NONE
SPECIAL_ENTITY_CANDIDATE,1813,1828,121002,2차각성 하이엘리멘탈 수정_왼쪽(불),FIRE,NONE,BASE,false,false,false,333,332,0,false,1,,,,,,false,ARCHETYPE_NONE
SPECIAL_ENTITY_CANDIDATE,1814,1829,121003,2차각성 하이엘리멘탈 수정_왼쪽(바람),WIND,NONE,BASE,false,false,false,333,332,0,false,1,,,,,,false,ARCHETYPE_NONE
SPECIAL_ENTITY_CANDIDATE,1815,1830,121004,2차각성 하이엘리멘탈 수정_왼쪽(빛),LIGHT,NONE,BASE,false,false,false,333,332,0,false,1,,,,,,false,ARCHETYPE_NONE
SPECIAL_ENTITY_CANDIDATE,1816,1831,121005,2차각성 하이엘리멘탈 수정_왼쪽(어둠),DARK,NONE,BASE,false,false,false,333,332,0,false,1,,,,,,false,ARCHETYPE_NONE
SPECIAL_ENTITY_CANDIDATE,1817,1832,121011,2차각성 하이엘리멘탈 수정_오른쪽(물),WATER,NONE,BASE,false,false,false,333,332,0,false,1,,,,,,false,ARCHETYPE_NONE
SPECIAL_ENTITY_CANDIDATE,1818,1833,121012,2차각성 하이엘리멘탈 수정_오른쪽(불),FIRE,NONE,BASE,false,false,false,333,332,0,false,1,,,,,,false,ARCHETYPE_NONE
SPECIAL_ENTITY_CANDIDATE,1819,1834,121013,2차각성 하이엘리멘탈 수정_오른쪽(바람),WIND,NONE,BASE,false,false,false,333,332,0,false,1,,,,,,false,ARCHETYPE_NONE
SPECIAL_ENTITY_CANDIDATE,1820,1835,121014,2차각성 하이엘리멘탈 수정_오른쪽(빛),LIGHT,NONE,BASE,false,false,false,333,332,0,false,1,,,,,,false,ARCHETYPE_NONE
SPECIAL_ENTITY_CANDIDATE,1821,1836,121015,2차각성 하이엘리멘탈 수정_오른쪽(어둠),DARK,NONE,BASE,false,false,false,333,332,0,false,1,,,,,,false,ARCHETYPE_NONE
SPECIAL_ENTITY_CANDIDATE,1896,1911,47005,Ancient Guardian,LIGHT,NONE,BASE,false,false,false,285,5,0,false,4,,,,,,false,ARCHETYPE_NONE
SPECIAL_ENTITY_CANDIDATE,1897,1912,49001,Allen,WATER,NONE,BASE,false,false,false,299,5,0,false,3,,,,,,false,ARCHETYPE_NONE
SPECIAL_ENTITY_CANDIDATE,1898,1913,49002,Kai'en,FIRE,NONE,BASE,false,false,false,299,5,0,false,3,,,,,,false,ARCHETYPE_NONE
SPECIAL_ENTITY_CANDIDATE,1899,1914,49003,Roid,WIND,NONE,BASE,false,false,false,299,5,0,false,3,,,,,,false,ARCHETYPE_NONE
SPECIAL_ENTITY_CANDIDATE,1900,1915,49004,Darion,LIGHT,NONE,BASE,false,false,false,299,5,0,false,3,,,,,,false,ARCHETYPE_NONE
SPECIAL_ENTITY_CANDIDATE,1901,1916,49005,Jubelle,DARK,NONE,BASE,false,false,false,299,5,0,false,3,,,,,,false,ARCHETYPE_NONE
SPECIAL_ENTITY_CANDIDATE,1902,1917,50001,Megan,WATER,NONE,BASE,false,false,false,300,5,0,false,3,,,,,,false,ARCHETYPE_NONE
SPECIAL_ENTITY_CANDIDATE,1903,1918,50002,Rebecca,FIRE,NONE,BASE,false,false,false,300,5,0,false,3,,,,,,false,ARCHETYPE_NONE
SPECIAL_ENTITY_CANDIDATE,1904,1919,50003,Silia,WIND,NONE,BASE,false,false,false,300,5,0,false,3,,,,,,false,ARCHETYPE_NONE
SPECIAL_ENTITY_CANDIDATE,1905,1920,50004,Linda,LIGHT,NONE,BASE,false,false,false,300,5,0,false,3,,,,,,false,ARCHETYPE_NONE
SPECIAL_ENTITY_CANDIDATE,1906,1921,50005,Gina,DARK,NONE,BASE,false,false,false,300,5,0,false,3,,,,,,false,ARCHETYPE_NONE
SPECIAL_ENTITY_CANDIDATE,1907,1922,121101,2차각성 방랑 기사 수정_왼쪽(물),WATER,NONE,BASE,false,false,false,333,332,0,false,1,,,,,,false,ARCHETYPE_NONE
SPECIAL_ENTITY_CANDIDATE,1908,1923,121102,2차각성 방랑 기사 수정_왼쪽(불),FIRE,NONE,BASE,false,false,false,333,332,0,false,1,,,,,,false,ARCHETYPE_NONE
SPECIAL_ENTITY_CANDIDATE,1909,1924,121103,2차각성 방랑 기사 수정_왼쪽(바람),WIND,NONE,BASE,false,false,false,333,332,0,false,1,,,,,,false,ARCHETYPE_NONE
SPECIAL_ENTITY_CANDIDATE,1910,1925,121104,2차각성 방랑 기사 수정_왼쪽(빛),LIGHT,NONE,BASE,false,false,false,333,332,0,false,1,,,,,,false,ARCHETYPE_NONE
SPECIAL_ENTITY_CANDIDATE,1911,1926,121105,2차각성 방랑 기사 수정_왼쪽(어둠),DARK,NONE,BASE,false,false,false,333,332,0,false,1,,,,,,false,ARCHETYPE_NONE
SPECIAL_ENTITY_CANDIDATE,1912,1927,121111,2차각성 방랑 기사 수정_오른쪽(물),WATER,NONE,BASE,false,false,false,333,332,0,false,1,,,,,,false,ARCHETYPE_NONE
SPECIAL_ENTITY_CANDIDATE,1913,1928,121112,2차각성 방랑 기사 수정_오른쪽(불),FIRE,NONE,BASE,false,false,false,333,332,0,false,1,,,,,,false,ARCHETYPE_NONE
SPECIAL_ENTITY_CANDIDATE,1914,1929,121113,2차각성 방랑 기사 수정_오른쪽(바람),WIND,NONE,BASE,false,false,false,333,332,0,false,1,,,,,,false,ARCHETYPE_NONE
SPECIAL_ENTITY_CANDIDATE,1915,1930,121114,2차각성 방랑 기사 수정_오른쪽(빛),LIGHT,NONE,BASE,false,false,false,333,332,0,false,1,,,,,,false,ARCHETYPE_NONE
SPECIAL_ENTITY_CANDIDATE,1916,1931,121115,2차각성 방랑 기사 수정_오른쪽(어둠),DARK,NONE,BASE,false,false,false,333,332,0,false,1,,,,,,false,ARCHETYPE_NONE
SPECIAL_ENTITY_CANDIDATE,1917,1932,121201,2차각성 미스틱 위치 수정_왼쪽(물),WATER,NONE,BASE,false,false,false,333,332,0,false,1,,,,,,false,ARCHETYPE_NONE
SPECIAL_ENTITY_CANDIDATE,1918,1933,121202,2차각성 미스틱 위치 수정_왼쪽(불),FIRE,NONE,BASE,false,false,false,333,332,0,false,1,,,,,,false,ARCHETYPE_NONE
SPECIAL_ENTITY_CANDIDATE,1919,1934,121203,2차각성 미스틱 위치 수정_왼쪽(바람),WIND,NONE,BASE,false,false,false,333,332,0,false,1,,,,,,false,ARCHETYPE_NONE
SPECIAL_ENTITY_CANDIDATE,1920,1935,121204,2차각성 미스틱 위치 수정_왼쪽(빛),LIGHT,NONE,BASE,false,false,false,333,332,0,false,1,,,,,,false,ARCHETYPE_NONE
SPECIAL_ENTITY_CANDIDATE,1921,1936,121205,2차각성 미스틱 위치 수정_왼쪽(어둠),DARK,NONE,BASE,false,false,false,333,332,0,false,1,,,,,,false,ARCHETYPE_NONE
SPECIAL_ENTITY_CANDIDATE,1922,1937,121211,2차각성 미스틱 위치 수정_오른쪽(물),WATER,NONE,BASE,false,false,false,333,332,0,false,1,,,,,,false,ARCHETYPE_NONE
SPECIAL_ENTITY_CANDIDATE,1923,1938,121212,2차각성 미스틱 위치 수정_오른쪽(불),FIRE,NONE,BASE,false,false,false,333,332,0,false,1,,,,,,false,ARCHETYPE_NONE
SPECIAL_ENTITY_CANDIDATE,1924,1939,121213,2차각성 미스틱 위치 수정_오른쪽(바람),WIND,NONE,BASE,false,false,false,333,332,0,false,1,,,,,,false,ARCHETYPE_NONE
SPECIAL_ENTITY_CANDIDATE,1925,1940,121214,2차각성 미스틱 위치 수정_오른쪽(빛),LIGHT,NONE,BASE,false,false,false,333,332,0,false,1,,,,,,false,ARCHETYPE_NONE
SPECIAL_ENTITY_CANDIDATE,1926,1941,121215,2차각성 미스틱 위치 수정_오른쪽(어둠),DARK,NONE,BASE,false,false,false,333,332,0,false,1,,,,,,false,ARCHETYPE_NONE
SPECIAL_ENTITY_CANDIDATE,2041,2056,72001,King Slime,WATER,NONE,BASE,false,false,false,321,21,0,false,4,,,,,,false,ARCHETYPE_NONE
SPECIAL_ENTITY_CANDIDATE,2042,2057,72002,King Slime,FIRE,NONE,BASE,false,false,false,321,21,0,false,4,,,,,,false,ARCHETYPE_NONE
SPECIAL_ENTITY_CANDIDATE,2043,2058,72003,King Slime,WIND,NONE,BASE,false,false,false,321,21,0,false,4,,,,,,false,ARCHETYPE_NONE
SPECIAL_ENTITY_CANDIDATE,2044,2059,72011,길드보스(물),WATER,NONE,BASE,false,false,false,321,21,0,false,4,,,,,,false,ARCHETYPE_NONE
SPECIAL_ENTITY_CANDIDATE,2045,2060,72012,길드보스(불),FIRE,NONE,BASE,false,false,false,321,21,0,false,4,,,,,,false,ARCHETYPE_NONE
SPECIAL_ENTITY_CANDIDATE,2046,2061,72013,길드보스(바람),WIND,NONE,BASE,false,false,false,321,21,0,false,4,,,,,,false,ARCHETYPE_NONE
SPECIAL_ENTITY_CANDIDATE,2047,2062,72021,길드보스(물),WATER,NONE,BASE,false,false,false,321,21,0,false,4,,,,,,false,ARCHETYPE_NONE
SPECIAL_ENTITY_CANDIDATE,2048,2063,72022,길드보스(불),FIRE,NONE,BASE,false,false,false,321,21,0,false,4,,,,,,false,ARCHETYPE_NONE
SPECIAL_ENTITY_CANDIDATE,2049,2064,72023,길드보스(바람),WIND,NONE,BASE,false,false,false,321,21,0,false,4,,,,,,false,ARCHETYPE_NONE
SPECIAL_ENTITY_CANDIDATE,2050,2065,72031,길드보스(물),WATER,NONE,BASE,false,false,false,321,21,0,false,4,,,,,,false,ARCHETYPE_NONE
SPECIAL_ENTITY_CANDIDATE,2051,2066,72032,길드보스(불),FIRE,NONE,BASE,false,false,false,321,21,0,false,4,,,,,,false,ARCHETYPE_NONE
SPECIAL_ENTITY_CANDIDATE,2052,2067,72033,길드보스(바람),WIND,NONE,BASE,false,false,false,321,21,0,false,4,,,,,,false,ARCHETYPE_NONE
SPECIAL_ENTITY_CANDIDATE,2053,2068,72041,길드보스(물),WATER,NONE,BASE,false,false,false,321,21,0,false,4,,,,,,false,ARCHETYPE_NONE
SPECIAL_ENTITY_CANDIDATE,2054,2069,72042,길드보스(불),FIRE,NONE,BASE,false,false,false,321,21,0,false,4,,,,,,false,ARCHETYPE_NONE
SPECIAL_ENTITY_CANDIDATE,2055,2070,72043,길드보스(바람),WIND,NONE,BASE,false,false,false,321,21,0,false,4,,,,,,false,ARCHETYPE_NONE
SPECIAL_ENTITY_CANDIDATE,2056,2071,72051,길드보스(물),WATER,NONE,BASE,false,false,false,321,21,0,false,4,,,,,,false,ARCHETYPE_NONE
SPECIAL_ENTITY_CANDIDATE,2057,2072,72052,길드보스(불),FIRE,NONE,BASE,false,false,false,321,21,0,false,4,,,,,,false,ARCHETYPE_NONE
SPECIAL_ENTITY_CANDIDATE,2058,2073,72053,길드보스(바람),WIND,NONE,BASE,false,false,false,321,21,0,false,4,,,,,,false,ARCHETYPE_NONE
SPECIAL_ENTITY_CANDIDATE,2059,2074,72061,길드보스(물),WATER,NONE,BASE,false,false,false,321,21,0,false,4,,,,,,false,ARCHETYPE_NONE
SPECIAL_ENTITY_CANDIDATE,2060,2075,72062,길드보스(불),FIRE,NONE,BASE,false,false,false,321,21,0,false,4,,,,,,false,ARCHETYPE_NONE
SPECIAL_ENTITY_CANDIDATE,2061,2076,72063,길드보스(바람),WIND,NONE,BASE,false,false,false,321,21,0,false,4,,,,,,false,ARCHETYPE_NONE
SPECIAL_ENTITY_CANDIDATE,2062,2077,320001,킹덤 콜라보 케이크 늑대,PURE,NONE,BASE,false,false,false,354,2,0,false,1,,,,,,false,ELEMENT_PURE|ARCHETYPE_NONE
SPECIAL_ENTITY_CANDIDATE,2063,2078,320002,킹덤 콜라보 케이크 들개,PURE,NONE,BASE,false,false,false,354,2,0,false,1,,,,,,false,ELEMENT_PURE|ARCHETYPE_NONE
SPECIAL_ENTITY_CANDIDATE,2064,2079,320101,케이크 늑대 대체 유닛,PURE,NONE,BASE,false,false,false,355,2,0,false,1,,,,,,false,ELEMENT_PURE|ARCHETYPE_NONE
SPECIAL_ENTITY_CANDIDATE,2065,2080,320102,케이크 들개 대체 유닛,PURE,NONE,BASE,false,false,false,355,2,0,false,1,,,,,,false,ELEMENT_PURE|ARCHETYPE_NONE
SPECIAL_ENTITY_CANDIDATE,2066,2081,73006,Red Velvet Dragon,PURE,NONE,BASE,false,false,false,322,2,0,false,4,,,,,,false,ELEMENT_PURE|ARCHETYPE_NONE
SPECIAL_ENTITY_CANDIDATE,2067,2082,73106,Dessert Kingdom Dragon,PURE,NONE,BASE,false,false,false,322,2,0,false,4,,,,,,false,ELEMENT_PURE|ARCHETYPE_NONE
SPECIAL_ENTITY_CANDIDATE,2068,2083,73205,Ancient Mimic,DARK,NONE,BASE,false,false,false,323,1,0,false,3,,,,,,false,ARCHETYPE_NONE
SPECIAL_ENTITY_CANDIDATE,2121,2136,73301,Legion Commander of Conviction,WATER,NONE,BASE,false,false,false,324,3,0,false,4,,,,,,false,ARCHETYPE_NONE
SPECIAL_ENTITY_CANDIDATE,2122,2137,73302,Legion Commander of Retribution,FIRE,NONE,BASE,false,false,false,324,3,0,false,4,,,,,,false,ARCHETYPE_NONE
SPECIAL_ENTITY_CANDIDATE,2123,2138,73303,Legion Commander of Judgment,WIND,NONE,BASE,false,false,false,324,3,0,false,4,,,,,,false,ARCHETYPE_NONE
SPECIAL_ENTITY_CANDIDATE,2124,2139,320201,Templar Royal Guard,WATER,NONE,BASE,false,false,false,333,332,0,false,1,,,,,,false,ARCHETYPE_NONE
SPECIAL_ENTITY_CANDIDATE,2125,2140,320202,Templar Royal Guard,FIRE,NONE,BASE,false,false,false,333,332,0,false,1,,,,,,false,ARCHETYPE_NONE
SPECIAL_ENTITY_CANDIDATE,2126,2141,320203,Templar Royal Guard,WIND,NONE,BASE,false,false,false,333,332,0,false,1,,,,,,false,ARCHETYPE_NONE
SPECIAL_ENTITY_CANDIDATE,2127,2142,320211,Templar Elite Guard,WATER,NONE,BASE,false,false,false,333,332,0,false,1,,,,,,false,ARCHETYPE_NONE
SPECIAL_ENTITY_CANDIDATE,2128,2143,320212,Templar Elite Guard,FIRE,NONE,BASE,false,false,false,333,332,0,false,1,,,,,,false,ARCHETYPE_NONE
SPECIAL_ENTITY_CANDIDATE,2129,2144,320213,Templar Elite Guard,WIND,NONE,BASE,false,false,false,333,332,0,false,1,,,,,,false,ARCHETYPE_NONE
SPECIAL_ENTITY_CANDIDATE,2130,2145,73401,Legion Commander of Conviction,WATER,NONE,BASE,false,false,false,325,3,0,false,4,,,,,,false,ARCHETYPE_NONE
SPECIAL_ENTITY_CANDIDATE,2131,2146,73402,Legion Commander of Retribution,FIRE,NONE,BASE,false,false,false,325,3,0,false,4,,,,,,false,ARCHETYPE_NONE
SPECIAL_ENTITY_CANDIDATE,2132,2147,73403,Legion Commander of Judgment,WIND,NONE,BASE,false,false,false,325,3,0,false,4,,,,,,false,ARCHETYPE_NONE
SPECIAL_ENTITY_CANDIDATE,2133,2148,320221,Templar Royal Guard,WATER,NONE,BASE,false,false,false,333,332,0,false,1,,,,,,false,ARCHETYPE_NONE
SPECIAL_ENTITY_CANDIDATE,2134,2149,320222,Templar Royal Guard,FIRE,NONE,BASE,false,false,false,333,332,0,false,1,,,,,,false,ARCHETYPE_NONE
SPECIAL_ENTITY_CANDIDATE,2135,2150,320223,Templar Royal Guard,WIND,NONE,BASE,false,false,false,333,332,0,false,1,,,,,,false,ARCHETYPE_NONE
SPECIAL_ENTITY_CANDIDATE,2136,2151,320231,Templar Elite Guard,WATER,NONE,BASE,false,false,false,333,332,0,false,1,,,,,,false,ARCHETYPE_NONE
SPECIAL_ENTITY_CANDIDATE,2137,2152,320232,Templar Elite Guard,FIRE,NONE,BASE,false,false,false,333,332,0,false,1,,,,,,false,ARCHETYPE_NONE
SPECIAL_ENTITY_CANDIDATE,2138,2153,320233,Templar Elite Guard,WIND,NONE,BASE,false,false,false,333,332,0,false,1,,,,,,false,ARCHETYPE_NONE
SPECIAL_ENTITY_CANDIDATE,2139,2154,900001,만우절이벤트 아이린,WATER,NONE,BASE,false,false,false,282,6,0,false,0,,,,,,false,ARCHETYPE_NONE|NO_SKILLS
SPECIAL_ENTITY_CANDIDATE,2207,2222,60206,Abyssal Ancient Giant,WATER,NONE,BASE,false,false,false,302,6,0,false,3,,,,,,false,ARCHETYPE_NONE
SPECIAL_ENTITY_CANDIDATE,2208,2223,60306,Abyssal Legendary Dragon,FIRE,NONE,BASE,false,false,false,303,6,0,false,3,,,,,,false,ARCHETYPE_NONE
SPECIAL_ENTITY_CANDIDATE,2209,2224,62703,Ancient Spirit,WIND,NONE,BASE,false,false,false,313,8,0,false,4,,,,,,false,ARCHETYPE_NONE
SPECIAL_ENTITY_CANDIDATE,2210,2225,62713,Ancient Spirit,WIND,NONE,BASE,false,false,false,313,8,0,false,4,,,,,,false,ARCHETYPE_NONE
SPECIAL_ENTITY_CANDIDATE,2211,2226,62723,Ancient Spirit,WIND,NONE,BASE,false,false,false,313,8,0,false,4,,,,,,false,ARCHETYPE_NONE
SPECIAL_ENTITY_CANDIDATE,2212,2227,62733,Ancient Spirit,WIND,NONE,BASE,false,false,false,313,8,0,false,4,,,,,,false,ARCHETYPE_NONE
SPECIAL_ENTITY_CANDIDATE,2213,2228,62743,Ancient Spirit,WIND,NONE,BASE,false,false,false,313,8,0,false,4,,,,,,false,ARCHETYPE_NONE
SPECIAL_ENTITY_CANDIDATE,2214,2229,62753,Ancient Spirit,WIND,NONE,BASE,false,false,false,313,8,0,false,4,,,,,,false,ARCHETYPE_NONE
SPECIAL_ENTITY_CANDIDATE,2215,2230,62763,Ancient Spirit,WIND,NONE,BASE,false,false,false,313,8,0,false,4,,,,,,false,ARCHETYPE_NONE
SPECIAL_ENTITY_CANDIDATE,2216,2231,62773,Ancient Spirit,WIND,NONE,BASE,false,false,false,313,8,0,false,4,,,,,,false,ARCHETYPE_NONE
SPECIAL_ENTITY_CANDIDATE,2217,2232,101816,Tower,PURE,NONE,BASE,false,false,false,333,332,0,false,1,,,,,,false,ELEMENT_PURE|ARCHETYPE_NONE
SPECIAL_ENTITY_CANDIDATE,2218,2233,101916,Tower,PURE,NONE,BASE,false,false,false,333,332,0,false,1,,,,,,false,ELEMENT_PURE|ARCHETYPE_NONE
SPECIAL_ENTITY_CANDIDATE,2219,2234,101826,Tower,PURE,NONE,BASE,false,false,false,333,332,0,false,1,,,,,,false,ELEMENT_PURE|ARCHETYPE_NONE
SPECIAL_ENTITY_CANDIDATE,2220,2235,101926,Tower,PURE,NONE,BASE,false,false,false,333,332,0,false,1,,,,,,false,ELEMENT_PURE|ARCHETYPE_NONE
SPECIAL_ENTITY_CANDIDATE,2221,2236,102066,Tower,PURE,NONE,BASE,false,false,false,333,332,0,false,1,,,,,,false,ELEMENT_PURE|ARCHETYPE_NONE
SPECIAL_ENTITY_CANDIDATE,2222,2237,102166,Tower,PURE,NONE,BASE,false,false,false,333,332,0,false,1,,,,,,false,ELEMENT_PURE|ARCHETYPE_NONE
SPECIAL_ENTITY_CANDIDATE,2223,2238,210216,Small Crystal,PURE,NONE,BASE,false,false,false,337,2,0,false,1,,,,,,false,ELEMENT_PURE|ARCHETYPE_NONE
SPECIAL_ENTITY_CANDIDATE,2224,2239,210616,Medium Crystal,PURE,NONE,BASE,false,false,false,341,2,0,false,1,,,,,,false,ELEMENT_PURE|ARCHETYPE_NONE
SPECIAL_ENTITY_CANDIDATE,2225,2240,210716,Medium Crystal,PURE,NONE,BASE,false,false,false,342,2,0,false,1,,,,,,false,ELEMENT_PURE|ARCHETYPE_NONE
SPECIAL_ENTITY_CANDIDATE,2226,2241,211206,Small Crystal,PURE,NONE,BASE,false,false,false,346,1,0,false,1,,,,,,false,ELEMENT_PURE|ARCHETYPE_NONE
SPECIAL_ENTITY_CANDIDATE,2227,2242,211306,Small Crystal,PURE,NONE,BASE,false,false,false,347,1,0,false,1,,,,,,false,ELEMENT_PURE|ARCHETYPE_NONE
SPECIAL_ENTITY_CANDIDATE,2228,2243,62106,Abyssal Ancient Lich King,DARK,NONE,BASE,false,false,false,307,6,0,false,3,,,,,,false,ARCHETYPE_NONE
SPECIAL_ENTITY_CANDIDATE,2229,2244,211016,가드_보라(중)_심연층,PURE,NONE,BASE,false,false,false,345,2,0,false,1,,,,,,false,ELEMENT_PURE|ARCHETYPE_NONE
SPECIAL_ENTITY_CANDIDATE,2252,2267,28801,Demon Bag,WATER,NONE,BASE,false,false,false,187,1,0,false,0,,,,,,false,ARCHETYPE_NONE|NO_SKILLS
SPECIAL_ENTITY_CANDIDATE,2253,2268,48101,리빙 아머 2차 각성 보스(물),WATER,NONE,BASE,false,false,false,296,5,0,false,3,,,,,,false,ARCHETYPE_NONE
SPECIAL_ENTITY_CANDIDATE,2254,2269,48102,리빙 아머 2차 각성 보스(불),FIRE,NONE,BASE,false,false,false,296,5,0,false,3,,,,,,false,ARCHETYPE_NONE
SPECIAL_ENTITY_CANDIDATE,2255,2270,48103,리빙 아머 2차 각성 보스(바람),WIND,NONE,BASE,false,false,false,296,5,0,false,3,,,,,,false,ARCHETYPE_NONE
SPECIAL_ENTITY_CANDIDATE,2256,2271,48104,리빙 아머 2차 각성 보스(빛),LIGHT,NONE,BASE,false,false,false,296,5,0,false,3,,,,,,false,ARCHETYPE_NONE
SPECIAL_ENTITY_CANDIDATE,2257,2272,48105,리빙 아머 2차 각성 보스(어둠),DARK,NONE,BASE,false,false,false,296,5,0,false,3,,,,,,false,ARCHETYPE_NONE
SPECIAL_ENTITY_CANDIDATE,2258,2273,48201,프랑켄 2차 각성 보스(물),WATER,NONE,BASE,false,false,false,297,5,0,false,3,,,,,,false,ARCHETYPE_NONE
SPECIAL_ENTITY_CANDIDATE,2259,2274,48202,프랑켄 2차 각성 보스(불),FIRE,NONE,BASE,false,false,false,297,5,0,false,3,,,,,,false,ARCHETYPE_NONE
SPECIAL_ENTITY_CANDIDATE,2260,2275,48203,프랑켄 2차 각성 보스(바람),WIND,NONE,BASE,false,false,false,297,5,0,false,3,,,,,,false,ARCHETYPE_NONE
SPECIAL_ENTITY_CANDIDATE,2261,2276,48204,프랑켄 2차 각성 보스(빛),LIGHT,NONE,BASE,false,false,false,297,5,0,false,3,,,,,,false,ARCHETYPE_NONE
SPECIAL_ENTITY_CANDIDATE,2262,2277,48205,프랑켄 2차 각성 보스(어둠),DARK,NONE,BASE,false,false,false,297,5,0,false,3,,,,,,false,ARCHETYPE_NONE
SPECIAL_ENTITY_CANDIDATE,2263,2278,74006,Dimension Predator,PURE,NONE,BASE,false,false,false,329,2,0,false,4,,,,,,false,ELEMENT_PURE|ARCHETYPE_NONE
SPECIAL_ENTITY_CANDIDATE,2264,2279,74106,Enraged Dimension Predator,PURE,NONE,BASE,false,false,false,329,2,0,false,4,,,,,,false,ELEMENT_PURE|ARCHETYPE_NONE
SPECIAL_ENTITY_CANDIDATE,2265,2280,121301,2차각성 리빙 아머 수정_왼쪽(물),WATER,NONE,BASE,false,false,false,333,332,0,false,1,,,,,,false,ARCHETYPE_NONE
SPECIAL_ENTITY_CANDIDATE,2266,2281,121302,2차각성 리빙 아머 수정_왼쪽(불),FIRE,NONE,BASE,false,false,false,333,332,0,false,1,,,,,,false,ARCHETYPE_NONE
SPECIAL_ENTITY_CANDIDATE,2267,2282,121303,2차각성 리빙 아머 수정_왼쪽(바람),WIND,NONE,BASE,false,false,false,333,332,0,false,1,,,,,,false,ARCHETYPE_NONE
SPECIAL_ENTITY_CANDIDATE,2268,2283,121304,2차각성 리빙 아머 수정_왼쪽(빛),LIGHT,NONE,BASE,false,false,false,333,332,0,false,1,,,,,,false,ARCHETYPE_NONE
SPECIAL_ENTITY_CANDIDATE,2269,2284,121305,2차각성 리빙 아머 수정_왼쪽(어둠),DARK,NONE,BASE,false,false,false,333,332,0,false,1,,,,,,false,ARCHETYPE_NONE
SPECIAL_ENTITY_CANDIDATE,2270,2285,121311,2차각성 리빙 아머 수정_오른쪽(물),WATER,NONE,BASE,false,false,false,333,332,0,false,1,,,,,,false,ARCHETYPE_NONE
SPECIAL_ENTITY_CANDIDATE,2271,2286,121312,2차각성 리빙 아머 수정_오른쪽(불),FIRE,NONE,BASE,false,false,false,333,332,0,false,1,,,,,,false,ARCHETYPE_NONE
SPECIAL_ENTITY_CANDIDATE,2272,2287,121313,2차각성 리빙 아머 수정_오른쪽(바람),WIND,NONE,BASE,false,false,false,333,332,0,false,1,,,,,,false,ARCHETYPE_NONE
SPECIAL_ENTITY_CANDIDATE,2273,2288,121314,2차각성 리빙 아머 수정_오른쪽(빛),LIGHT,NONE,BASE,false,false,false,333,332,0,false,1,,,,,,false,ARCHETYPE_NONE
SPECIAL_ENTITY_CANDIDATE,2274,2289,121315,2차각성 리빙 아머 수정_오른쪽(어둠),DARK,NONE,BASE,false,false,false,333,332,0,false,1,,,,,,false,ARCHETYPE_NONE
SPECIAL_ENTITY_CANDIDATE,2275,2290,121401,2차각성 프랑켄 수정_왼쪽(물),WATER,NONE,BASE,false,false,false,333,332,0,false,1,,,,,,false,ARCHETYPE_NONE
SPECIAL_ENTITY_CANDIDATE,2276,2291,121402,2차각성 프랑켄 수정_왼쪽(불),FIRE,NONE,BASE,false,false,false,333,332,0,false,1,,,,,,false,ARCHETYPE_NONE
SPECIAL_ENTITY_CANDIDATE,2277,2292,121403,2차각성 프랑켄 수정_왼쪽(바람),WIND,NONE,BASE,false,false,false,333,332,0,false,1,,,,,,false,ARCHETYPE_NONE
SPECIAL_ENTITY_CANDIDATE,2278,2293,121404,2차각성 프랑켄 수정_왼쪽(빛),LIGHT,NONE,BASE,false,false,false,333,332,0,false,1,,,,,,false,ARCHETYPE_NONE
SPECIAL_ENTITY_CANDIDATE,2279,2294,121405,2차각성 프랑켄 수정_왼쪽(어둠),DARK,NONE,BASE,false,false,false,333,332,0,false,1,,,,,,false,ARCHETYPE_NONE
SPECIAL_ENTITY_CANDIDATE,2280,2295,121411,2차각성 프랑켄 수정_오른쪽(물),WATER,NONE,BASE,false,false,false,333,332,0,false,1,,,,,,false,ARCHETYPE_NONE
SPECIAL_ENTITY_CANDIDATE,2281,2296,121412,2차각성 프랑켄 수정_오른쪽(불),FIRE,NONE,BASE,false,false,false,333,332,0,false,1,,,,,,false,ARCHETYPE_NONE
SPECIAL_ENTITY_CANDIDATE,2282,2297,121413,2차각성 프랑켄 수정_오른쪽(바람),WIND,NONE,BASE,false,false,false,333,332,0,false,1,,,,,,false,ARCHETYPE_NONE
SPECIAL_ENTITY_CANDIDATE,2283,2298,121414,2차각성 프랑켄 수정_오른쪽(빛),LIGHT,NONE,BASE,false,false,false,333,332,0,false,1,,,,,,false,ARCHETYPE_NONE
SPECIAL_ENTITY_CANDIDATE,2284,2299,121415,2차각성 프랑켄 수정_오른쪽(어둠),DARK,NONE,BASE,false,false,false,333,332,0,false,1,,,,,,false,ARCHETYPE_NONE
SPECIAL_ENTITY_CANDIDATE,2285,2300,211406,가드_정령(소)_심연층,PURE,NONE,BASE,false,false,false,348,1,0,false,1,,,,,,false,ELEMENT_PURE|ARCHETYPE_NONE
SPECIAL_ENTITY_CANDIDATE,2286,2301,211506,가드_정령(중)_심연층,PURE,NONE,BASE,false,false,false,349,1,0,false,1,,,,,,false,ELEMENT_PURE|ARCHETYPE_NONE
SPECIAL_ENTITY_CANDIDATE,2287,2302,320301,Dimensional Minion (Water),WATER,NONE,BASE,false,false,false,356,3,0,false,1,,,,,,false,ARCHETYPE_NONE
SPECIAL_ENTITY_CANDIDATE,2288,2303,320302,Dimensional Minion (Fire),FIRE,NONE,BASE,false,false,false,356,3,0,false,1,,,,,,false,ARCHETYPE_NONE
SPECIAL_ENTITY_CANDIDATE,2289,2304,320306,Hollow,PURE,NONE,BASE,false,false,false,356,3,0,false,3,,,,,,false,ELEMENT_PURE|ARCHETYPE_NONE
SPECIAL_ENTITY_CANDIDATE,2290,2305,320403,Dimensional Minion (Wind),WIND,NONE,BASE,false,false,false,357,2,0,false,1,,,,,,false,ARCHETYPE_NONE
SPECIAL_ENTITY_CANDIDATE,2291,2306,320406,Void,PURE,NONE,BASE,false,false,false,357,2,0,false,3,,,,,,false,ELEMENT_PURE|ARCHETYPE_NONE
SPECIAL_ENTITY_CANDIDATE,2292,2307,401006,차원홀 레이드 1페이즈 왼쪽 수정,PURE,NONE,BASE,false,false,false,333,332,0,false,1,,,,,,false,ELEMENT_PURE|ARCHETYPE_NONE
SPECIAL_ENTITY_CANDIDATE,2293,2308,401106,차원홀 레이드 1페이즈 오른쪽 수정,PURE,NONE,BASE,false,false,false,333,332,0,false,1,,,,,,false,ELEMENT_PURE|ARCHETYPE_NONE
SPECIAL_ENTITY_CANDIDATE,2294,2309,401206,차원홀 레이드 3페이즈 왼쪽 수정,PURE,NONE,BASE,false,false,false,333,332,0,false,1,,,,,,false,ELEMENT_PURE|ARCHETYPE_NONE
SPECIAL_ENTITY_CANDIDATE,2295,2310,401306,차원홀 레이드 3페이즈 오른쪽 수정,PURE,NONE,BASE,false,false,false,333,332,0,false,1,,,,,,false,ELEMENT_PURE|ARCHETYPE_NONE
SPECIAL_ENTITY_CANDIDATE,2296,2311,62803,Abyssal Ancient Spirit,WIND,NONE,BASE,false,false,false,314,1,0,false,4,,,,,,false,ARCHETYPE_NONE
SPECIAL_ENTITY_CANDIDATE,2297,2312,102266,타워(정령) - 1_심연층,PURE,NONE,BASE,false,false,false,333,332,0,false,1,,,,,,false,ELEMENT_PURE|ARCHETYPE_NONE
SPECIAL_ENTITY_CANDIDATE,2298,2313,102366,타워(정령) - 2_심연층,PURE,NONE,BASE,false,false,false,333,332,0,false,1,,,,,,false,ELEMENT_PURE|ARCHETYPE_NONE
SPECIAL_ENTITY_CANDIDATE,2321,2336,62406,Abyssal Ancient Tormentor,WIND,NONE,BASE,false,false,false,310,2,0,false,4,,,,,,false,ARCHETYPE_NONE
SPECIAL_ENTITY_CANDIDATE,2322,2337,112043,아티펙트1 - 보스 수정_기절방무_심연층,WIND,NONE,BASE,false,false,false,333,332,0,false,1,,,,,,false,ARCHETYPE_NONE
SPECIAL_ENTITY_CANDIDATE,2323,2338,112053,아티펙트1 - 보스 수정_빗맞음_심연층,WIND,NONE,BASE,false,false,false,333,332,0,false,1,,,,,,false,ARCHETYPE_NONE
SPECIAL_ENTITY_CANDIDATE,2374,2389,62606,Abyssal Ancient Punisher,LIGHT,NONE,BASE,false,false,false,312,2,0,false,4,,,,,,false,ARCHETYPE_NONE
SPECIAL_ENTITY_CANDIDATE,2375,2390,73505,Fiend,DARK,NONE,BASE,false,false,false,326,1,0,false,4,,,,,,false,ARCHETYPE_NONE
SPECIAL_ENTITY_CANDIDATE,2376,2391,73602,Griffin,FIRE,NONE,BASE,false,false,false,327,1,0,false,4,,,,,,false,ARCHETYPE_NONE
SPECIAL_ENTITY_CANDIDATE,2377,2392,73703,Leshen,WIND,NONE,BASE,false,false,false,328,1,0,false,4,,,,,,false,ARCHETYPE_NONE
SPECIAL_ENTITY_CANDIDATE,2438,2453,42501,Asmodeus,WATER,NONE,BASE,false,false,false,276,7,0,false,4,,,,,,false,ARCHETYPE_NONE
SPECIAL_ENTITY_CANDIDATE,2439,2454,42502,Asmodeus,FIRE,NONE,BASE,false,false,false,276,7,0,false,4,,,,,,false,ARCHETYPE_NONE
SPECIAL_ENTITY_CANDIDATE,2440,2455,42503,Asmodeus,WIND,NONE,BASE,false,false,false,276,7,0,false,4,,,,,,false,ARCHETYPE_NONE
SPECIAL_ENTITY_CANDIDATE,2441,2456,42504,Asmodeus,LIGHT,NONE,BASE,false,false,false,276,7,0,false,4,,,,,,false,ARCHETYPE_NONE
SPECIAL_ENTITY_CANDIDATE,2442,2457,42505,Asmodeus,DARK,NONE,BASE,false,false,false,276,7,0,false,4,,,,,,false,ARCHETYPE_NONE
SPECIAL_ENTITY_CANDIDATE,2443,2458,111106,Disturb Recovery Crystal,PURE,NONE,BASE,false,false,false,333,332,0,false,1,,,,,,false,ELEMENT_PURE|ARCHETYPE_NONE
SPECIAL_ENTITY_CANDIDATE,2444,2459,111116,Weakening Crystal,PURE,NONE,BASE,false,false,false,333,332,0,false,1,,,,,,false,ELEMENT_PURE|ARCHETYPE_NONE
SPECIAL_ENTITY_CANDIDATE,2445,2460,111126,Glancing Hit Crystal,PURE,NONE,BASE,false,false,false,333,332,0,false,1,,,,,,false,ELEMENT_PURE|ARCHETYPE_NONE
SPECIAL_ENTITY_CANDIDATE,2446,2461,111136,Weakening Crystal,PURE,NONE,BASE,false,false,false,333,332,0,false,1,,,,,,false,ELEMENT_PURE|ARCHETYPE_NONE
SPECIAL_ENTITY_CANDIDATE,2447,2462,111206,Attack Bar Recharge Crystal,PURE,NONE,BASE,false,false,false,333,332,0,false,1,,,,,,false,ELEMENT_PURE|ARCHETYPE_NONE
SPECIAL_ENTITY_CANDIDATE,2448,2463,111216,Strengthen Defense Crystal,PURE,NONE,BASE,false,false,false,333,332,0,false,1,,,,,,false,ELEMENT_PURE|ARCHETYPE_NONE
SPECIAL_ENTITY_CANDIDATE,2449,2464,111226,Invincible Crystal,PURE,NONE,BASE,false,false,false,333,332,0,false,1,,,,,,false,ELEMENT_PURE|ARCHETYPE_NONE
SPECIAL_ENTITY_CANDIDATE,2450,2465,111236,Strengthen Attack Crystal,PURE,NONE,BASE,false,false,false,333,332,0,false,1,,,,,,false,ELEMENT_PURE|ARCHETYPE_NONE
SPECIAL_ENTITY_CANDIDATE,2451,2466,111306,Incarnation of Greed,PURE,NONE,BASE,false,false,false,333,332,0,false,3,,,,,,false,ELEMENT_PURE|ARCHETYPE_NONE
SPECIAL_ENTITY_CANDIDATE,2452,2467,111326,Incarnation of Greed,PURE,NONE,BASE,false,false,false,333,332,0,false,3,,,,,,false,ELEMENT_PURE|ARCHETYPE_NONE
SPECIAL_ENTITY_CANDIDATE,2453,2468,111406,Incarnation of Vendetta,PURE,NONE,BASE,false,false,false,333,332,0,false,3,,,,,,false,ELEMENT_PURE|ARCHETYPE_NONE
SPECIAL_ENTITY_CANDIDATE,2454,2469,111426,Incarnation of Vendetta,PURE,NONE,BASE,false,false,false,333,332,0,false,3,,,,,,false,ELEMENT_PURE|ARCHETYPE_NONE
SPECIAL_ENTITY_CANDIDATE,2455,2470,111506,Incarnation of Protection,PURE,NONE,BASE,false,false,false,333,332,0,false,3,,,,,,false,ELEMENT_PURE|ARCHETYPE_NONE
SPECIAL_ENTITY_CANDIDATE,2456,2471,111526,Incarnation of Protection,PURE,NONE,BASE,false,false,false,333,332,0,false,3,,,,,,false,ELEMENT_PURE|ARCHETYPE_NONE
SPECIAL_ENTITY_CANDIDATE,2457,2472,111606,Spires of Ascension Crystal,PURE,NONE,BASE,false,false,false,333,332,0,false,3,base_hp|base_attack|base_defense|max_hp|max_attack|max_defense,,,,,false,ELEMENT_PURE|ARCHETYPE_NONE|MISSING_STATS
SPECIAL_ENTITY_CANDIDATE,2458,2473,2001101,Ath’Taros,WATER,NONE,BASE,false,false,false,383,16,0,false,3,,,,,,false,ARCHETYPE_NONE
SPECIAL_ENTITY_CANDIDATE,2459,2474,2001102,Ath’Taros,FIRE,NONE,BASE,false,false,false,383,16,0,false,3,,,,,,false,ARCHETYPE_NONE
SPECIAL_ENTITY_CANDIDATE,2460,2475,2001103,Ath’Taros,WIND,NONE,BASE,false,false,false,383,16,0,false,3,,,,,,false,ARCHETYPE_NONE
SPECIAL_ENTITY_CANDIDATE,2461,2476,2001104,Ath’Taros,LIGHT,NONE,BASE,false,false,false,383,16,0,false,3,,,,,,false,ARCHETYPE_NONE
SPECIAL_ENTITY_CANDIDATE,2462,2477,2001105,Ath’Taros,DARK,NONE,BASE,false,false,false,383,16,0,false,3,,,,,,false,ARCHETYPE_NONE
SPECIAL_ENTITY_CANDIDATE,2463,2478,2001106,Ath’Taros,PURE,NONE,BASE,false,false,false,383,16,0,false,3,,,,,,false,ELEMENT_PURE|ARCHETYPE_NONE
SPECIAL_ENTITY_CANDIDATE,2464,2479,2002101,Lyrith,WATER,NONE,BASE,false,false,false,384,16,0,false,3,,,,,,false,ARCHETYPE_NONE
SPECIAL_ENTITY_CANDIDATE,2465,2480,2002102,Lyrith,FIRE,NONE,BASE,false,false,false,384,16,0,false,3,,,,,,false,ARCHETYPE_NONE
SPECIAL_ENTITY_CANDIDATE,2466,2481,2002103,Lyrith,WIND,NONE,BASE,false,false,false,384,16,0,false,3,,,,,,false,ARCHETYPE_NONE
SPECIAL_ENTITY_CANDIDATE,2467,2482,2002104,Lyrith,LIGHT,NONE,BASE,false,false,false,384,16,0,false,3,,,,,,false,ARCHETYPE_NONE
SPECIAL_ENTITY_CANDIDATE,2468,2483,2002105,Lyrith,DARK,NONE,BASE,false,false,false,384,16,0,false,3,,,,,,false,ARCHETYPE_NONE
SPECIAL_ENTITY_CANDIDATE,2469,2484,2002106,Lyrith,PURE,NONE,BASE,false,false,false,384,16,0,false,3,,,,,,false,ELEMENT_PURE|ARCHETYPE_NONE
SPECIAL_ENTITY_CANDIDATE,2470,2485,2002201,Lyrith,WATER,NONE,BASE,false,false,false,384,16,0,false,3,,,,,,false,ARCHETYPE_NONE
SPECIAL_ENTITY_CANDIDATE,2471,2486,2002202,Lyrith,FIRE,NONE,BASE,false,false,false,384,16,0,false,3,,,,,,false,ARCHETYPE_NONE
SPECIAL_ENTITY_CANDIDATE,2472,2487,2002203,Lyrith,WIND,NONE,BASE,false,false,false,384,16,0,false,3,,,,,,false,ARCHETYPE_NONE
SPECIAL_ENTITY_CANDIDATE,2473,2488,2002204,Lyrith,LIGHT,NONE,BASE,false,false,false,384,16,0,false,3,,,,,,false,ARCHETYPE_NONE
SPECIAL_ENTITY_CANDIDATE,2474,2489,2002205,Lyrith,DARK,NONE,BASE,false,false,false,384,16,0,false,3,,,,,,false,ARCHETYPE_NONE
SPECIAL_ENTITY_CANDIDATE,2517,2532,74203,Hanami,WIND,NONE,BASE,false,false,false,330,1,0,false,4,,,,,,false,ARCHETYPE_NONE
SPECIAL_ENTITY_CANDIDATE,2518,2533,74301,Dagon,WATER,NONE,BASE,false,false,false,331,1,0,false,4,,,,,,false,ARCHETYPE_NONE
SPECIAL_ENTITY_CANDIDATE,2519,2534,74402,Jogo,FIRE,NONE,BASE,false,false,false,332,1,0,false,4,,,,,,false,ARCHETYPE_NONE
SPECIAL_ENTITY_CANDIDATE,2520,2535,111331,Incarnation of Greed,PURE,NONE,BASE,false,false,false,333,332,0,false,3,,,,,,false,ELEMENT_PURE|ARCHETYPE_NONE
SPECIAL_ENTITY_CANDIDATE,2521,2536,111332,Incarnation of Greed,PURE,NONE,BASE,false,false,false,333,332,0,false,3,,,,,,false,ELEMENT_PURE|ARCHETYPE_NONE
SPECIAL_ENTITY_CANDIDATE,2522,2537,111333,Incarnation of Greed,PURE,NONE,BASE,false,false,false,333,332,0,false,3,,,,,,false,ELEMENT_PURE|ARCHETYPE_NONE
SPECIAL_ENTITY_CANDIDATE,2523,2538,111335,Incarnation of Greed,PURE,NONE,BASE,false,false,false,333,332,0,false,3,,,,,,false,ELEMENT_PURE|ARCHETYPE_NONE
SPECIAL_ENTITY_CANDIDATE,2539,2554,48301,Sisroo,WATER,NONE,BASE,false,false,false,298,5,0,false,3,,,,,,false,ARCHETYPE_NONE
SPECIAL_ENTITY_CANDIDATE,2540,2555,48302,Colleen,FIRE,NONE,BASE,false,false,false,298,5,0,false,3,,,,,,false,ARCHETYPE_NONE
SPECIAL_ENTITY_CANDIDATE,2541,2556,48303,Seal,WIND,NONE,BASE,false,false,false,298,5,0,false,3,,,,,,false,ARCHETYPE_NONE
SPECIAL_ENTITY_CANDIDATE,2542,2557,48304,Sia,LIGHT,NONE,BASE,false,false,false,298,5,0,false,3,,,,,,false,ARCHETYPE_NONE
SPECIAL_ENTITY_CANDIDATE,2543,2558,48305,Seren,DARK,NONE,BASE,false,false,false,298,5,0,false,3,,,,,,false,ARCHETYPE_NONE
SPECIAL_ENTITY_CANDIDATE,2544,2559,121501,2차각성 하르퓨 수정_왼쪽(물),WATER,NONE,BASE,false,false,false,333,332,0,false,1,,,,,,false,ARCHETYPE_NONE
SPECIAL_ENTITY_CANDIDATE,2545,2560,121502,2차각성 하르퓨 수정_왼쪽(불),FIRE,NONE,BASE,false,false,false,333,332,0,false,1,,,,,,false,ARCHETYPE_NONE
SPECIAL_ENTITY_CANDIDATE,2546,2561,121503,2차각성 하르퓨 수정_왼쪽(바람),WIND,NONE,BASE,false,false,false,333,332,0,false,1,,,,,,false,ARCHETYPE_NONE
SPECIAL_ENTITY_CANDIDATE,2547,2562,121504,2차각성 하르퓨 수정_왼쪽(빛),LIGHT,NONE,BASE,false,false,false,333,332,0,false,1,,,,,,false,ARCHETYPE_NONE
SPECIAL_ENTITY_CANDIDATE,2548,2563,121505,2차각성 하르퓨 수정_왼쪽(어둠),DARK,NONE,BASE,false,false,false,333,332,0,false,1,,,,,,false,ARCHETYPE_NONE
SPECIAL_ENTITY_CANDIDATE,2549,2564,121511,2차각성 하르퓨 수정_오른쪽(물),WATER,NONE,BASE,false,false,false,333,332,0,false,1,,,,,,false,ARCHETYPE_NONE
SPECIAL_ENTITY_CANDIDATE,2550,2565,121512,2차각성 하르퓨 수정_오른쪽(불),FIRE,NONE,BASE,false,false,false,333,332,0,false,1,,,,,,false,ARCHETYPE_NONE
SPECIAL_ENTITY_CANDIDATE,2551,2566,121513,2차각성 하르퓨 수정_오른쪽(바람),WIND,NONE,BASE,false,false,false,333,332,0,false,1,,,,,,false,ARCHETYPE_NONE
SPECIAL_ENTITY_CANDIDATE,2552,2567,121514,2차각성 하르퓨 수정_오른쪽(빛),LIGHT,NONE,BASE,false,false,false,333,332,0,false,1,,,,,,false,ARCHETYPE_NONE
SPECIAL_ENTITY_CANDIDATE,2553,2568,121515,2차각성 하르퓨 수정_오른쪽(어둠),DARK,NONE,BASE,false,false,false,333,332,0,false,1,,,,,,false,ARCHETYPE_NONE
SPECIAL_ENTITY_CANDIDATE,2616,2631,31504,묘비(빛),LIGHT,NONE,BASE,false,false,false,214,1,0,false,0,,,,,,false,ARCHETYPE_NONE|NO_SKILLS
SPECIAL_ENTITY_CANDIDATE,2617,2632,31605,묘비(어둠),DARK,NONE,BASE,false,false,false,215,1,0,false,0,,,,,,false,ARCHETYPE_NONE|NO_SKILLS
SPECIAL_ENTITY_CANDIDATE,2759,2774,44107,Frostjade Beast Khi'zar Kha'jul,WATER,NONE,BASE,false,false,false,279,3,0,false,4,,,,,,false,ARCHETYPE_NONE
SPECIAL_ENTITY_CANDIDATE,2760,2775,44108,Frostjade Beast Khi'zar Kha'jul,WATER,NONE,BASE,false,false,false,279,3,0,false,4,,,,,,false,ARCHETYPE_NONE
SPECIAL_ENTITY_CANDIDATE,2761,2776,44109,Frostjade Beast Khi'zar Kha'jul,WATER,NONE,BASE,false,false,false,279,3,0,false,4,,,,,,false,ARCHETYPE_NONE
SPECIAL_ENTITY_CANDIDATE,2762,2777,44207,Blazing Beast Khi'zar Kha'jul,FIRE,NONE,BASE,false,false,false,280,3,0,false,4,,,,,,false,ARCHETYPE_NONE
SPECIAL_ENTITY_CANDIDATE,2763,2778,44208,Blazing Beast Khi'zar Kha'jul,FIRE,NONE,BASE,false,false,false,280,3,0,false,4,,,,,,false,ARCHETYPE_NONE
SPECIAL_ENTITY_CANDIDATE,2764,2779,44209,Blazing Beast Khi'zar Kha'jul,FIRE,NONE,BASE,false,false,false,280,3,0,false,4,,,,,,false,ARCHETYPE_NONE
SPECIAL_ENTITY_CANDIDATE,2765,2780,44307,Tempest Beast Khi'zar Kha'jul,WIND,NONE,BASE,false,false,false,281,3,0,false,4,,,,,,false,ARCHETYPE_NONE
SPECIAL_ENTITY_CANDIDATE,2766,2781,44308,Tempest Beast Khi'zar Kha'jul,WIND,NONE,BASE,false,false,false,281,3,0,false,4,,,,,,false,ARCHETYPE_NONE
SPECIAL_ENTITY_CANDIDATE,2767,2782,44309,Tempest Beast Khi'zar Kha'jul,WIND,NONE,BASE,false,false,false,281,3,0,false,4,,,,,,false,ARCHETYPE_NONE
SPECIAL_ENTITY_CANDIDATE,2768,2783,2003503,Azazel,WIND,NONE,BASE,false,false,false,385,1,0,false,4,,,,,,false,ARCHETYPE_NONE
SPECIAL_ENTITY_CANDIDATE,2769,2784,2003601,Kazuya Mishima,WATER,NONE,BASE,false,false,false,386,1,0,false,4,,,,,,false,ARCHETYPE_NONE
SPECIAL_ENTITY_CANDIDATE,2770,2785,2003705,True Devil Kazuya,DARK,NONE,BASE,false,false,false,387,1,0,false,4,,,,,,false,ARCHETYPE_NONE
SPECIAL_ENTITY_CANDIDATE,2771,2786,42601,Asmodeus,WATER,NONE,BASE,false,false,false,276,7,0,false,4,,,,,,false,ARCHETYPE_NONE
SPECIAL_ENTITY_CANDIDATE,2772,2787,42602,Asmodeus,FIRE,NONE,BASE,false,false,false,276,7,0,false,4,,,,,,false,ARCHETYPE_NONE
SPECIAL_ENTITY_CANDIDATE,2773,2788,111146,Poisonous Crystal,PURE,NONE,BASE,false,false,false,333,332,0,false,1,,,,,,false,ELEMENT_PURE|ARCHETYPE_NONE
SPECIAL_ENTITY_CANDIDATE,2774,2789,111246,Power Up Crystal,PURE,NONE,BASE,false,false,false,333,332,0,false,1,,,,,,false,ELEMENT_PURE|ARCHETYPE_NONE
SPECIAL_ENTITY_CANDIDATE,2775,2790,111256,Attack Bar Decrease Crystal,PURE,NONE,BASE,false,false,false,333,332,0,false,1,,,,,,false,ELEMENT_PURE|ARCHETYPE_NONE
SPECIAL_ENTITY_CANDIDATE,2776,2791,111266,Crit Rate Decrease Crystal,PURE,NONE,BASE,false,false,false,333,332,0,false,1,,,,,,false,ELEMENT_PURE|ARCHETYPE_NONE
SPECIAL_ENTITY_CANDIDATE,2777,2792,2001201,Ath’Taros,WATER,NONE,BASE,false,false,false,383,16,0,false,3,,,,,,false,ARCHETYPE_NONE
SPECIAL_ENTITY_CANDIDATE,2778,2793,2001202,Ath’Taros,FIRE,NONE,BASE,false,false,false,383,16,0,false,3,,,,,,false,ARCHETYPE_NONE
SPECIAL_ENTITY_CANDIDATE,2779,2794,2001203,Ath’Taros,WIND,NONE,BASE,false,false,false,383,16,0,false,3,,,,,,false,ARCHETYPE_NONE
SPECIAL_ENTITY_CANDIDATE,2780,2795,2001204,Ath’Taros,LIGHT,NONE,BASE,false,false,false,383,16,0,false,3,,,,,,false,ARCHETYPE_NONE
SPECIAL_ENTITY_CANDIDATE,2781,2796,2001205,Ath’Taros,DARK,NONE,BASE,false,false,false,383,16,0,false,3,,,,,,false,ARCHETYPE_NONE
SPECIAL_ENTITY_CANDIDATE,2804,2819,500105,Twisted Wraithlord,DARK,NONE,BASE,false,false,false,358,3,0,false,4,,,,,,false,ARCHETYPE_NONE
SPECIAL_ENTITY_CANDIDATE,2805,2820,500205,Twisted Wraithlord,DARK,NONE,BASE,false,false,false,358,3,0,false,4,,,,,,false,ARCHETYPE_NONE
SPECIAL_ENTITY_CANDIDATE,2806,2821,500305,Twisted Wraithlord,DARK,NONE,BASE,false,false,false,358,3,0,false,4,,,,,,false,ARCHETYPE_NONE
SPECIAL_ENTITY_CANDIDATE,2849,2864,501101,Twisted Wraithlord,WATER,NONE,BASE,false,false,false,359,3,0,false,4,,,,,,false,ARCHETYPE_NONE
SPECIAL_ENTITY_CANDIDATE,2850,2865,501201,Twisted Wraithlord,WATER,NONE,BASE,false,false,false,359,3,0,false,4,,,,,,false,ARCHETYPE_NONE
SPECIAL_ENTITY_CANDIDATE,2851,2866,501301,Twisted Wraithlord,WATER,NONE,BASE,false,false,false,359,3,0,false,4,,,,,,false,ARCHETYPE_NONE
SPECIAL_ENTITY_CANDIDATE,2862,2877,502102,Twisted Wraithlord,FIRE,NONE,BASE,false,false,false,360,3,0,false,4,,,,,,false,ARCHETYPE_NONE
SPECIAL_ENTITY_CANDIDATE,2863,2878,502202,Twisted Wraithlord,FIRE,NONE,BASE,false,false,false,360,3,0,false,4,,,,,,false,ARCHETYPE_NONE
SPECIAL_ENTITY_CANDIDATE,2864,2879,502302,Twisted Wraithlord,FIRE,NONE,BASE,false,false,false,360,3,0,false,4,,,,,,false,ARCHETYPE_NONE
SPECIAL_ENTITY_CANDIDATE,2908,2923,503103,Twisted Wraithlord,WIND,NONE,BASE,false,false,false,361,3,0,false,4,,,,,,false,ARCHETYPE_NONE
SPECIAL_ENTITY_CANDIDATE,2909,2924,503203,Twisted Wraithlord,WIND,NONE,BASE,false,false,false,361,3,0,false,4,,,,,,false,ARCHETYPE_NONE
SPECIAL_ENTITY_CANDIDATE,2910,2925,503303,Twisted Wraithlord,WIND,NONE,BASE,false,false,false,361,3,0,false,4,,,,,,false,ARCHETYPE_NONE
SPECIAL_ENTITY_CANDIDATE,2911,2926,2003805,Mouth of Sauron,DARK,NONE,BASE,false,false,false,388,1,0,false,3,,,,,,false,ARCHETYPE_NONE
SPECIAL_ENTITY_CANDIDATE,2912,2927,2003902,Uglúk,FIRE,NONE,BASE,false,false,false,389,1,0,false,4,,,,,,false,ARCHETYPE_NONE
SPECIAL_ENTITY_CANDIDATE,2913,2928,2004003,The Witch-king of Angmar,WIND,NONE,BASE,false,false,false,390,1,0,false,3,,,,,,false,ARCHETYPE_NONE
SPECIAL_ENTITY_CANDIDATE,2914,2929,504104,Twisted Wraithlord,LIGHT,NONE,BASE,false,false,false,362,3,0,false,4,,,,,,false,ARCHETYPE_NONE
SPECIAL_ENTITY_CANDIDATE,2915,2930,504204,Twisted Wraithlord,LIGHT,NONE,BASE,false,false,false,362,3,0,false,4,,,,,,false,ARCHETYPE_NONE
SPECIAL_ENTITY_CANDIDATE,2916,2931,504304,Twisted Wraithlord,LIGHT,NONE,BASE,false,false,false,362,3,0,false,4,,,,,,false,ARCHETYPE_NONE
SPECIAL_ENTITY_CANDIDATE,2927,2942,121601,2차각성 인페르노 수정_왼쪽(물),WATER,NONE,BASE,false,false,false,333,332,0,false,1,,,,,,false,ARCHETYPE_NONE
SPECIAL_ENTITY_CANDIDATE,2928,2943,121602,2차각성 인페르노 수정_왼쪽(불),FIRE,NONE,BASE,false,false,false,333,332,0,false,1,,,,,,false,ARCHETYPE_NONE
SPECIAL_ENTITY_CANDIDATE,2929,2944,121603,2차각성 인페르노 수정_왼쪽(바람),WIND,NONE,BASE,false,false,false,333,332,0,false,1,,,,,,false,ARCHETYPE_NONE
SPECIAL_ENTITY_CANDIDATE,2930,2945,121604,2차각성 인페르노 수정_왼쪽(빛),LIGHT,NONE,BASE,false,false,false,333,332,0,false,1,,,,,,false,ARCHETYPE_NONE
SPECIAL_ENTITY_CANDIDATE,2931,2946,121605,2차각성 인페르노 수정_왼쪽(어둠),DARK,NONE,BASE,false,false,false,333,332,0,false,1,,,,,,false,ARCHETYPE_NONE
SPECIAL_ENTITY_CANDIDATE,2932,2947,121611,2차각성 인페르노 수정_오른쪽(물),WATER,NONE,BASE,false,false,false,333,332,0,false,1,,,,,,false,ARCHETYPE_NONE
SPECIAL_ENTITY_CANDIDATE,2933,2948,121612,2차각성 인페르노 수정_오른쪽(불),FIRE,NONE,BASE,false,false,false,333,332,0,false,1,,,,,,false,ARCHETYPE_NONE
SPECIAL_ENTITY_CANDIDATE,2934,2949,121613,2차각성 인페르노 수정_오른쪽(바람),WIND,NONE,BASE,false,false,false,333,332,0,false,1,,,,,,false,ARCHETYPE_NONE
SPECIAL_ENTITY_CANDIDATE,2935,2950,121614,2차각성 인페르노 수정_오른쪽(빛),LIGHT,NONE,BASE,false,false,false,333,332,0,false,1,,,,,,false,ARCHETYPE_NONE
SPECIAL_ENTITY_CANDIDATE,2936,2951,121615,2차각성 인페르노 수정_오른쪽(어둠),DARK,NONE,BASE,false,false,false,333,332,0,false,1,,,,,,false,ARCHETYPE_NONE
SPECIAL_ENTITY_CANDIDATE,2937,2952,121701,2차각성 헬하운드 수정_왼쪽(물),WATER,NONE,BASE,false,false,false,333,332,0,false,1,,,,,,false,ARCHETYPE_NONE
SPECIAL_ENTITY_CANDIDATE,2938,2953,121702,2차각성 헬하운드 수정_왼쪽(불),FIRE,NONE,BASE,false,false,false,333,332,0,false,1,,,,,,false,ARCHETYPE_NONE
SPECIAL_ENTITY_CANDIDATE,2939,2954,121703,2차각성 헬하운드 수정_왼쪽(바람),WIND,NONE,BASE,false,false,false,333,332,0,false,1,,,,,,false,ARCHETYPE_NONE
SPECIAL_ENTITY_CANDIDATE,2940,2955,121704,2차각성 헬하운드 수정_왼쪽(빛),LIGHT,NONE,BASE,false,false,false,333,332,0,false,1,,,,,,false,ARCHETYPE_NONE
SPECIAL_ENTITY_CANDIDATE,2941,2956,121705,2차각성 헬하운드 수정_왼쪽(어둠),DARK,NONE,BASE,false,false,false,333,332,0,false,1,,,,,,false,ARCHETYPE_NONE
SPECIAL_ENTITY_CANDIDATE,2942,2957,121711,2차각성 헬하운드 수정_오른쪽(물),WATER,NONE,BASE,false,false,false,333,332,0,false,1,,,,,,false,ARCHETYPE_NONE
SPECIAL_ENTITY_CANDIDATE,2943,2958,121712,2차각성 헬하운드 수정_오른쪽(불),FIRE,NONE,BASE,false,false,false,333,332,0,false,1,,,,,,false,ARCHETYPE_NONE
SPECIAL_ENTITY_CANDIDATE,2944,2959,121713,2차각성 헬하운드 수정_오른쪽(바람),WIND,NONE,BASE,false,false,false,333,332,0,false,1,,,,,,false,ARCHETYPE_NONE
SPECIAL_ENTITY_CANDIDATE,2945,2960,121714,2차각성 헬하운드 수정_오른쪽(빛),LIGHT,NONE,BASE,false,false,false,333,332,0,false,1,,,,,,false,ARCHETYPE_NONE
SPECIAL_ENTITY_CANDIDATE,2946,2961,121715,2차각성 헬하운드 수정_오른쪽(어둠),DARK,NONE,BASE,false,false,false,333,332,0,false,1,,,,,,false,ARCHETYPE_NONE
SPECIAL_ENTITY_CANDIDATE,2947,2962,600001,Ancient Guardian,FIRE,NONE,BASE,false,false,false,363,1,0,false,4,,,,,,false,ARCHETYPE_NONE
SPECIAL_ENTITY_CANDIDATE,2948,2963,610101,Tarq,WATER,NONE,BASE,false,false,false,364,5,0,false,3,,,,,,false,ARCHETYPE_NONE
SPECIAL_ENTITY_CANDIDATE,2949,2964,610102,Sieq,FIRE,NONE,BASE,false,false,false,364,5,0,false,3,,,,,,false,ARCHETYPE_NONE
SPECIAL_ENTITY_CANDIDATE,2950,2965,610103,Gamir,WIND,NONE,BASE,false,false,false,364,5,0,false,3,,,,,,false,ARCHETYPE_NONE
SPECIAL_ENTITY_CANDIDATE,2951,2966,610104,Shamar,LIGHT,NONE,BASE,false,false,false,364,5,0,false,3,,,,,,false,ARCHETYPE_NONE
SPECIAL_ENTITY_CANDIDATE,2952,2967,610105,Shumar,DARK,NONE,BASE,false,false,false,364,5,0,false,3,,,,,,false,ARCHETYPE_NONE
SPECIAL_ENTITY_CANDIDATE,2953,2968,610201,Purian,WATER,NONE,BASE,false,false,false,365,5,0,false,3,,,,,,false,ARCHETYPE_NONE
SPECIAL_ENTITY_CANDIDATE,2954,2969,610202,Tagaros,FIRE,NONE,BASE,false,false,false,365,5,0,false,3,,,,,,false,ARCHETYPE_NONE
SPECIAL_ENTITY_CANDIDATE,2955,2970,610203,Anduril,WIND,NONE,BASE,false,false,false,365,5,0,false,3,,,,,,false,ARCHETYPE_NONE
SPECIAL_ENTITY_CANDIDATE,2956,2971,610204,Eludain,LIGHT,NONE,BASE,false,false,false,365,5,0,false,3,,,,,,false,ARCHETYPE_NONE
SPECIAL_ENTITY_CANDIDATE,2957,2972,610205,Drogan,DARK,NONE,BASE,false,false,false,365,5,0,false,3,,,,,,false,ARCHETYPE_NONE
SPECIAL_ENTITY_CANDIDATE,3053,3068,900101,스킬 미리보기 수정(물),WATER,NONE,BASE,false,false,false,380,5,0,false,1,,,,,,false,ARCHETYPE_NONE
SPECIAL_ENTITY_CANDIDATE,3054,3069,900102,스킬 미리보기 수정(불),FIRE,NONE,BASE,false,false,false,380,5,0,false,1,,,,,,false,ARCHETYPE_NONE
SPECIAL_ENTITY_CANDIDATE,3055,3070,900103,스킬 미리보기 수정(바람),WIND,NONE,BASE,false,false,false,380,5,0,false,1,,,,,,false,ARCHETYPE_NONE
SPECIAL_ENTITY_CANDIDATE,3056,3071,900104,스킬 미리보기 수정(빛),LIGHT,NONE,BASE,false,false,false,380,5,0,false,1,,,,,,false,ARCHETYPE_NONE
SPECIAL_ENTITY_CANDIDATE,3057,3072,900105,스킬 미리보기 수정(어둠),DARK,NONE,BASE,false,false,false,380,5,0,false,1,,,,,,false,ARCHETYPE_NONE
SPECIAL_ENTITY_CANDIDATE,3058,3073,2001301,Ath'taros,WATER,NONE,BASE,false,false,false,383,16,0,false,3,,,,,,false,ARCHETYPE_NONE
SPECIAL_ENTITY_CANDIDATE,3059,3074,2001302,Ath'taros,FIRE,NONE,BASE,false,false,false,383,16,0,false,3,,,,,,false,ARCHETYPE_NONE
SPECIAL_ENTITY_CANDIDATE,3060,3075,2001303,Ath'taros,WIND,NONE,BASE,false,false,false,383,16,0,false,3,,,,,,false,ARCHETYPE_NONE
SPECIAL_ENTITY_CANDIDATE,3061,3076,2001304,Ath'taros,LIGHT,NONE,BASE,false,false,false,383,16,0,false,3,,,,,,false,ARCHETYPE_NONE
SPECIAL_ENTITY_CANDIDATE,3062,3077,2001305,Ath'taros,DARK,NONE,BASE,false,false,false,383,16,0,false,3,,,,,,false,ARCHETYPE_NONE
SPECIAL_ENTITY_CANDIDATE,3063,3078,2002301,Lyrith,WATER,NONE,BASE,false,false,false,384,16,0,false,3,,,,,,false,ARCHETYPE_NONE
SPECIAL_ENTITY_CANDIDATE,3064,3079,2002302,Lyrith,FIRE,NONE,BASE,false,false,false,384,16,0,false,3,,,,,,false,ARCHETYPE_NONE
SPECIAL_ENTITY_CANDIDATE,3065,3080,2002303,Lyrith,WIND,NONE,BASE,false,false,false,384,16,0,false,3,,,,,,false,ARCHETYPE_NONE
SPECIAL_ENTITY_CANDIDATE,3066,3081,2002304,Lyrith,LIGHT,NONE,BASE,false,false,false,384,16,0,false,3,,,,,,false,ARCHETYPE_NONE
SPECIAL_ENTITY_CANDIDATE,3067,3082,2002305,Lyrith,DARK,NONE,BASE,false,false,false,384,16,0,false,3,,,,,,false,ARCHETYPE_NONE
SPECIAL_ENTITY_CANDIDATE,3068,3083,2004103,Solide,WIND,NONE,BASE,false,false,false,391,1,0,false,4,,,,,,false,ARCHETYPE_NONE
SPECIAL_ENTITY_CANDIDATE,3069,3084,2004201,Hemmung,WATER,NONE,BASE,false,false,false,392,1,0,false,4,,,,,,false,ARCHETYPE_NONE
SPECIAL_ENTITY_CANDIDATE,3070,3085,2004304,Revolte,LIGHT,NONE,BASE,false,false,false,393,1,0,false,3,,,,,,false,ARCHETYPE_NONE
SPECIAL_ENTITY_CANDIDATE,3076,3091,700101,Inugami,WATER,NONE,BASE,false,false,false,366,1,0,false,3,,,,,,false,ARCHETYPE_NONE
SPECIAL_ENTITY_CANDIDATE,3077,3092,700201,Phoenix,WATER,NONE,BASE,false,false,false,367,1,0,false,3,,,,,,false,ARCHETYPE_NONE
SPECIAL_ENTITY_CANDIDATE,3078,3093,700302,Golem,FIRE,NONE,BASE,false,false,false,368,1,0,false,3,,,,,,false,ARCHETYPE_NONE
SPECIAL_ENTITY_CANDIDATE,3079,3094,700403,Sylphid,WIND,NONE,BASE,false,false,false,369,1,0,false,3,,,,,,false,ARCHETYPE_NONE
SPECIAL_ENTITY_CANDIDATE,3080,3095,700501,Undine,WATER,NONE,BASE,false,false,false,370,1,0,false,3,,,,,,false,ARCHETYPE_NONE
SPECIAL_ENTITY_CANDIDATE,3081,3096,700602,Inferno,FIRE,NONE,BASE,false,false,false,371,1,0,false,3,,,,,,false,ARCHETYPE_NONE
SPECIAL_ENTITY_CANDIDATE,3082,3097,700703,Chimera,WIND,NONE,BASE,false,false,false,372,1,0,false,3,,,,,,false,ARCHETYPE_NONE
SPECIAL_ENTITY_CANDIDATE,3083,3098,700803,Salamander,WIND,NONE,BASE,false,false,false,373,1,0,false,3,,,,,,false,ARCHETYPE_NONE
SPECIAL_ENTITY_CANDIDATE,3084,3099,700903,Sylph,WIND,NONE,BASE,false,false,false,374,1,0,false,3,,,,,,false,ARCHETYPE_NONE
SPECIAL_ENTITY_CANDIDATE,3085,3100,701006,Otherworldly Dragon,PURE,NONE,BASE,false,false,false,375,1,0,false,3,,,,,,false,ELEMENT_PURE|ARCHETYPE_NONE
SPECIAL_ENTITY_CANDIDATE,3086,3101,701101,Death Knight,WATER,NONE,BASE,false,false,false,376,1,0,false,3,,,,,,false,ARCHETYPE_NONE
SPECIAL_ENTITY_CANDIDATE,3087,3102,701202,Lich,FIRE,NONE,BASE,false,false,false,377,1,0,false,3,,,,,,false,ARCHETYPE_NONE
SPECIAL_ENTITY_CANDIDATE,3088,3103,701303,Keeper of Remains,WIND,NONE,BASE,false,false,false,378,1,0,false,3,,,,,,false,ARCHETYPE_NONE
SPECIAL_ENTITY_CANDIDATE,3089,3104,701401,Contaminated Dragon,WATER,NONE,BASE,false,false,false,379,1,0,false,3,,,,,,false,ARCHETYPE_NONE
PLAYABLE_CANDIDATE,1,1,12302,Forest Keeper,FIRE,DEFENSE,BASE,true,false,false,23,3,3,true,1,,,,,,false,OBTAINABLE
PLAYABLE_CANDIDATE,2,2,12702,Ghost,FIRE,SUPPORT,BASE,true,false,false,27,4,4,true,1,,,,,,false,OBTAINABLE
PLAYABLE_CANDIDATE,3,3,13002,Horned Frog,FIRE,HP,BASE,true,false,false,30,4,4,true,1,,,,,,false,OBTAINABLE
PLAYABLE_CANDIDATE,4,4,12902,Mimic,FIRE,DEFENSE,BASE,true,false,false,29,4,4,true,1,,,,,,false,OBTAINABLE
PLAYABLE_CANDIDATE,5,5,12402,Mushroom,FIRE,ATTACK,BASE,true,false,false,24,3,3,true,1,,,,,,false,OBTAINABLE
PLAYABLE_CANDIDATE,6,6,13102,Sandman,FIRE,DEFENSE,BASE,true,false,false,31,4,4,true,1,,,,,,false,OBTAINABLE
PLAYABLE_CANDIDATE,11,11,12802,Low Elemental,FIRE,SUPPORT,BASE,true,false,false,28,10,9,true,2,,,,,,false,OBTAINABLE
PLAYABLE_CANDIDATE,12,12,12812,Lamor,FIRE,SUPPORT,AWAKENED,true,false,false,28,10,9,true,2,,,,,,false,OBTAINABLE
PLAYABLE_CANDIDATE,13,13,12502,Maned Boar,FIRE,HP,BASE,true,false,false,25,3,3,true,1,,,,,,false,OBTAINABLE
PLAYABLE_CANDIDATE,14,14,12602,Monster Flower,FIRE,HP,BASE,true,false,false,26,4,4,true,1,,,,,,false,OBTAINABLE
PLAYABLE_CANDIDATE,15,15,16402,Skull Soldier,FIRE,DEFENSE,BASE,true,false,false,63,3,3,true,2,,,,,,false,OBTAINABLE
PLAYABLE_CANDIDATE,16,16,13602,Surprise Box,FIRE,DEFENSE,BASE,true,false,false,36,5,5,true,1,,,,,,false,OBTAINABLE
PLAYABLE_CANDIDATE,17,17,10802,Elemental,FIRE,ATTACK,BASE,true,false,true,8,10,10,true,2,,,,,,false,OBTAINABLE|FUSION_FOOD
PLAYABLE_CANDIDATE,18,18,10812,Bremis,FIRE,ATTACK,AWAKENED,true,false,true,8,10,10,true,3,,,,,,false,OBTAINABLE|FUSION_FOOD
PLAYABLE_CANDIDATE,19,19,10902,Garuda,FIRE,SUPPORT,BASE,true,false,true,9,10,10,true,2,,,,,,false,OBTAINABLE|FUSION_FOOD
PLAYABLE_CANDIDATE,20,21,10912,Cahule,FIRE,SUPPORT,AWAKENED,true,false,false,9,10,10,true,3,,,,,,false,OBTAINABLE
PLAYABLE_CANDIDATE,21,22,12102,Harpu,FIRE,SUPPORT,BASE,true,false,false,21,15,15,true,2,,,,,,false,OBTAINABLE
PLAYABLE_CANDIDATE,22,23,12112,Colleen,FIRE,SUPPORT,AWAKENED,true,false,false,21,15,15,true,3,,,,,,false,OBTAINABLE
PLAYABLE_CANDIDATE,23,24,10602,Hellhound,FIRE,ATTACK,BASE,true,false,true,6,15,15,true,2,,,,,,false,OBTAINABLE|FUSION_FOOD
PLAYABLE_CANDIDATE,24,25,10612,Sieq,FIRE,ATTACK,AWAKENED,true,false,true,6,15,15,true,3,,,,,,false,OBTAINABLE|FUSION_FOOD
PLAYABLE_CANDIDATE,25,26,13202,Howl,FIRE,SUPPORT,BASE,true,false,false,32,15,15,true,2,,,,,,false,OBTAINABLE
PLAYABLE_CANDIDATE,26,27,13212,Lala,FIRE,SUPPORT,AWAKENED,true,false,false,32,15,15,true,3,,,,,,false,OBTAINABLE
PLAYABLE_CANDIDATE,27,28,10202,Imp,FIRE,ATTACK,BASE,true,false,true,2,10,10,true,2,,,,,,false,OBTAINABLE|FUSION_FOOD
PLAYABLE_CANDIDATE,28,29,10212,Cogma,FIRE,ATTACK,AWAKENED,true,false,true,2,10,10,true,3,,,,,,false,OBTAINABLE|FUSION_FOOD
PLAYABLE_CANDIDATE,29,30,10302,Pixie,FIRE,ATTACK,BASE,true,false,false,3,15,15,true,2,,,,,,false,OBTAINABLE
PLAYABLE_CANDIDATE,30,31,10312,Tatu,FIRE,ATTACK,AWAKENED,true,false,false,3,15,15,true,3,,,,,,false,OBTAINABLE
PLAYABLE_CANDIDATE,31,32,10702,Warbear,FIRE,HP,BASE,true,false,false,7,15,15,true,2,,,,,,false,OBTAINABLE
PLAYABLE_CANDIDATE,32,33,10712,Ursha,FIRE,HP,AWAKENED,true,false,false,7,15,15,true,3,,,,,,false,OBTAINABLE
PLAYABLE_CANDIDATE,33,34,10402,Yeti,FIRE,HP,BASE,true,false,true,4,10,10,true,2,,,,,,false,OBTAINABLE|FUSION_FOOD
PLAYABLE_CANDIDATE,34,35,10412,Tantra,FIRE,HP,AWAKENED,true,false,true,4,10,10,true,3,,,,,,false,OBTAINABLE|FUSION_FOOD
PLAYABLE_CANDIDATE,35,36,12301,Forest Keeper,WATER,DEFENSE,BASE,true,false,false,23,3,3,true,1,,,,,,false,OBTAINABLE
PLAYABLE_CANDIDATE,36,37,12701,Ghost,WATER,SUPPORT,BASE,true,false,false,27,4,4,true,1,,,,,,false,OBTAINABLE
PLAYABLE_CANDIDATE,37,38,13001,Horned Frog,WATER,HP,BASE,true,false,false,30,4,4,true,1,,,,,,false,OBTAINABLE
PLAYABLE_CANDIDATE,38,39,12901,Mimic,WATER,DEFENSE,BASE,true,false,false,29,4,4,true,1,,,,,,false,OBTAINABLE
PLAYABLE_CANDIDATE,39,40,12401,Mushroom,WATER,ATTACK,BASE,true,false,false,24,3,3,true,1,,,,,,false,OBTAINABLE
PLAYABLE_CANDIDATE,40,41,13101,Sandman,WATER,DEFENSE,BASE,true,false,false,31,4,4,true,1,,,,,,false,OBTAINABLE
PLAYABLE_CANDIDATE,41,42,12201,Slime,WATER,DEFENSE,BASE,true,false,false,22,3,3,true,1,,,,,,false,OBTAINABLE
PLAYABLE_CANDIDATE,44,45,12801,Low Elemental,WATER,SUPPORT,BASE,true,false,false,28,10,9,true,2,,,,,,false,OBTAINABLE
PLAYABLE_CANDIDATE,45,46,12501,Maned Boar,WATER,HP,BASE,true,false,false,25,3,3,true,1,,,,,,false,OBTAINABLE
PLAYABLE_CANDIDATE,46,47,12601,Monster Flower,WATER,HP,BASE,true,false,false,26,4,4,true,1,,,,,,false,OBTAINABLE
PLAYABLE_CANDIDATE,47,48,16401,Skull Soldier,WATER,DEFENSE,BASE,true,false,false,63,3,3,true,2,,,,,,false,OBTAINABLE
PLAYABLE_CANDIDATE,48,49,13601,Surprise Box,WATER,DEFENSE,BASE,true,false,false,36,5,5,true,1,,,,,,false,OBTAINABLE
PLAYABLE_CANDIDATE,51,52,12811,Tigresse,WATER,SUPPORT,AWAKENED,true,false,false,28,10,9,true,2,,,,,,false,OBTAINABLE
PLAYABLE_CANDIDATE,52,53,10801,Elemental,WATER,ATTACK,BASE,true,false,true,8,10,10,true,2,,,,,,false,OBTAINABLE|FUSION_FOOD
PLAYABLE_CANDIDATE,53,54,10811,Daharenos,WATER,ATTACK,AWAKENED,true,false,false,8,10,10,true,3,,,,,,false,OBTAINABLE
PLAYABLE_CANDIDATE,54,55,10901,Garuda,WATER,SUPPORT,BASE,true,false,true,9,10,10,true,2,,,,,,false,OBTAINABLE|FUSION_FOOD
PLAYABLE_CANDIDATE,55,56,10911,Konamiya,WATER,SUPPORT,AWAKENED,true,false,true,9,10,10,true,3,,,,,,false,OBTAINABLE|FUSION_FOOD
PLAYABLE_CANDIDATE,56,57,12101,Harpu,WATER,SUPPORT,BASE,true,false,false,21,15,15,true,2,,,,,,false,OBTAINABLE
PLAYABLE_CANDIDATE,57,58,12111,Sisroo,WATER,SUPPORT,AWAKENED,true,false,false,21,15,15,true,3,,,,,,false,OBTAINABLE
PLAYABLE_CANDIDATE,58,59,10601,Hellhound,WATER,ATTACK,BASE,true,false,true,6,15,15,true,2,,,,,,false,OBTAINABLE|FUSION_FOOD
PLAYABLE_CANDIDATE,59,60,10611,Tarq,WATER,ATTACK,AWAKENED,true,false,true,6,15,15,true,3,,,,,,false,OBTAINABLE|FUSION_FOOD
PLAYABLE_CANDIDATE,60,61,13201,Howl,WATER,SUPPORT,BASE,true,false,false,32,15,15,true,2,,,,,,false,OBTAINABLE
PLAYABLE_CANDIDATE,61,62,13211,Lulu,WATER,SUPPORT,AWAKENED,true,false,false,32,15,15,true,3,,,,,,false,OBTAINABLE
PLAYABLE_CANDIDATE,62,63,10201,Imp,WATER,ATTACK,BASE,true,false,true,2,10,10,true,2,,,,,,false,OBTAINABLE|FUSION_FOOD
PLAYABLE_CANDIDATE,63,64,10211,Fynn,WATER,ATTACK,AWAKENED,true,false,true,2,10,10,true,3,,,,,,false,OBTAINABLE|FUSION_FOOD
PLAYABLE_CANDIDATE,64,65,10301,Pixie,WATER,SUPPORT,BASE,true,false,true,3,15,15,true,2,,,,,,false,OBTAINABLE|FUSION_FOOD
PLAYABLE_CANDIDATE,65,66,10311,Kacey,WATER,SUPPORT,AWAKENED,true,false,true,3,15,15,true,3,,,,,,false,OBTAINABLE|FUSION_FOOD
PLAYABLE_CANDIDATE,66,67,11101,Salamander,WATER,DEFENSE,BASE,true,false,false,11,10,10,true,2,,,,,,false,OBTAINABLE
PLAYABLE_CANDIDATE,67,68,11111,Kaimann,WATER,DEFENSE,AWAKENED,true,false,false,11,10,10,true,3,,,,,,false,OBTAINABLE
PLAYABLE_CANDIDATE,68,69,15201,Vagabond,WATER,HP,BASE,true,false,false,51,15,15,true,2,,,,,,false,OBTAINABLE
PLAYABLE_CANDIDATE,69,70,15211,Allen,WATER,HP,AWAKENED,true,false,false,51,15,15,true,3,,,,,,false,OBTAINABLE
PLAYABLE_CANDIDATE,70,71,14801,Viking,WATER,ATTACK,BASE,true,false,false,48,10,10,true,2,,,,,,false,OBTAINABLE
PLAYABLE_CANDIDATE,71,73,10401,Yeti,WATER,DEFENSE,BASE,true,false,false,4,10,10,true,2,,,,,,false,OBTAINABLE
PLAYABLE_CANDIDATE,72,74,10411,Kunda,WATER,DEFENSE,AWAKENED,true,false,false,4,10,10,true,3,,,,,,false,OBTAINABLE
PLAYABLE_CANDIDATE,73,75,12303,Forest Keeper,WIND,DEFENSE,BASE,true,false,false,23,3,3,true,1,,,,,,false,OBTAINABLE
PLAYABLE_CANDIDATE,74,76,12703,Ghost,WIND,SUPPORT,BASE,true,false,false,27,4,4,true,1,,,,,,false,OBTAINABLE
PLAYABLE_CANDIDATE,75,77,13003,Horned Frog,WIND,HP,BASE,true,false,false,30,4,4,true,1,,,,,,false,OBTAINABLE
PLAYABLE_CANDIDATE,76,78,12903,Mimic,WIND,DEFENSE,BASE,true,false,false,29,4,4,true,1,,,,,,false,OBTAINABLE
PLAYABLE_CANDIDATE,77,79,12403,Mushroom,WIND,ATTACK,BASE,true,false,false,24,3,3,true,1,,,,,,false,OBTAINABLE
PLAYABLE_CANDIDATE,82,84,12803,Low Elemental,WIND,SUPPORT,BASE,true,false,false,28,10,9,true,2,,,,,,false,OBTAINABLE
PLAYABLE_CANDIDATE,83,85,12813,Samour,WIND,SUPPORT,AWAKENED,true,false,false,28,10,9,true,2,,,,,,false,OBTAINABLE
PLAYABLE_CANDIDATE,84,86,12503,Maned Boar,WIND,HP,BASE,true,false,false,25,3,3,true,1,,,,,,false,OBTAINABLE
PLAYABLE_CANDIDATE,85,87,12603,Monster Flower,WIND,HP,BASE,true,false,false,26,4,4,true,1,,,,,,false,OBTAINABLE
PLAYABLE_CANDIDATE,86,88,16403,Skull Soldier,WIND,DEFENSE,BASE,true,false,false,63,3,3,true,2,,,,,,false,OBTAINABLE
PLAYABLE_CANDIDATE,87,89,13603,Surprise Box,WIND,DEFENSE,BASE,true,false,false,36,5,5,true,1,,,,,,false,OBTAINABLE
PLAYABLE_CANDIDATE,88,90,10803,Elemental,WIND,ATTACK,BASE,true,false,true,8,10,10,true,2,,,,,,false,OBTAINABLE|FUSION_FOOD
PLAYABLE_CANDIDATE,89,91,10813,Taharus,WIND,ATTACK,AWAKENED,true,false,true,8,10,10,true,3,,,,,,false,OBTAINABLE|FUSION_FOOD
PLAYABLE_CANDIDATE,90,92,10103,Fairy,WIND,SUPPORT,BASE,true,false,true,1,15,15,true,2,,,,,,false,OBTAINABLE|FUSION_FOOD
PLAYABLE_CANDIDATE,91,93,10113,Aeilene,WIND,SUPPORT,AWAKENED,true,false,true,1,15,15,true,3,,,,,,false,OBTAINABLE|FUSION_FOOD
PLAYABLE_CANDIDATE,92,94,10903,Garuda,WIND,SUPPORT,BASE,true,false,false,9,10,10,true,2,,,,,,false,OBTAINABLE
PLAYABLE_CANDIDATE,93,95,10913,Lindermen,WIND,SUPPORT,AWAKENED,true,false,false,9,10,10,true,3,,,,,,false,OBTAINABLE
PLAYABLE_CANDIDATE,94,96,12202,Slime,FIRE,DEFENSE,BASE,true,false,false,22,3,3,true,1,,,,,,false,OBTAINABLE
PLAYABLE_CANDIDATE,95,97,12103,Harpu,WIND,SUPPORT,BASE,true,false,true,21,15,15,true,2,,,,,,false,OBTAINABLE|FUSION_FOOD
PLAYABLE_CANDIDATE,96,98,12113,Seal,WIND,SUPPORT,AWAKENED,true,false,true,21,15,15,true,3,,,,,,false,OBTAINABLE|FUSION_FOOD
PLAYABLE_CANDIDATE,97,99,10603,Hellhound,WIND,ATTACK,BASE,true,false,false,6,15,15,true,2,,,,,,false,OBTAINABLE
PLAYABLE_CANDIDATE,98,100,10613,Gamir,WIND,ATTACK,AWAKENED,true,false,false,6,15,15,true,3,,,,,,false,OBTAINABLE
PLAYABLE_CANDIDATE,99,101,13203,Howl,WIND,SUPPORT,BASE,true,false,true,32,15,15,true,2,,,,,,false,OBTAINABLE|FUSION_FOOD
PLAYABLE_CANDIDATE,100,102,13213,Chichi,WIND,SUPPORT,AWAKENED,true,false,true,32,15,15,true,3,,,,,,false,OBTAINABLE|FUSION_FOOD
PLAYABLE_CANDIDATE,101,103,10203,Imp,WIND,ATTACK,BASE,true,false,false,2,10,10,true,2,,,,,,false,OBTAINABLE
PLAYABLE_CANDIDATE,102,104,10213,Ralph,WIND,ATTACK,AWAKENED,true,false,false,2,10,10,true,3,,,,,,false,OBTAINABLE
PLAYABLE_CANDIDATE,103,105,10303,Pixie,WIND,SUPPORT,BASE,true,false,false,3,15,15,true,2,,,,,,false,OBTAINABLE
PLAYABLE_CANDIDATE,104,106,10313,Shannon,WIND,SUPPORT,AWAKENED,true,false,false,3,15,15,true,3,,,,,,false,OBTAINABLE
PLAYABLE_CANDIDATE,105,107,11103,Salamander,WIND,DEFENSE,BASE,true,false,true,11,10,10,true,2,,,,,,false,OBTAINABLE|FUSION_FOOD
PLAYABLE_CANDIDATE,106,108,11113,Lukan,WIND,DEFENSE,AWAKENED,true,false,true,11,10,10,true,3,,,,,,false,OBTAINABLE|FUSION_FOOD
PLAYABLE_CANDIDATE,107,109,15203,Vagabond,WIND,HP,BASE,true,false,false,51,15,15,true,2,,,,,,false,OBTAINABLE
PLAYABLE_CANDIDATE,108,110,15213,Roid,WIND,HP,AWAKENED,true,false,false,51,15,15,true,3,,,,,,false,OBTAINABLE
PLAYABLE_CANDIDATE,109,111,10703,Warbear,WIND,HP,BASE,true,false,false,7,15,15,true,2,,,,,,false,OBTAINABLE
PLAYABLE_CANDIDATE,110,112,10713,Ramagos,WIND,HP,AWAKENED,true,false,false,7,15,15,true,3,,,,,,false,OBTAINABLE
PLAYABLE_CANDIDATE,111,113,10403,Yeti,WIND,DEFENSE,BASE,true,false,false,4,10,10,true,2,,,,,,false,OBTAINABLE
PLAYABLE_CANDIDATE,112,114,10413,Rakaja,WIND,DEFENSE,AWAKENED,true,false,false,4,10,10,true,3,,,,,,false,OBTAINABLE
PLAYABLE_CANDIDATE,114,116,12705,Ghost,DARK,SUPPORT,BASE,true,false,false,27,4,4,true,1,,,,,,false,OBTAINABLE
PLAYABLE_CANDIDATE,115,117,13005,Horned Frog,DARK,HP,BASE,true,false,false,30,4,4,true,1,,,,,,false,OBTAINABLE
PLAYABLE_CANDIDATE,116,118,12905,Mimic,DARK,DEFENSE,BASE,true,false,false,29,4,4,true,1,,,,,,false,OBTAINABLE
PLAYABLE_CANDIDATE,117,119,13105,Sandman,DARK,DEFENSE,BASE,true,false,false,31,4,4,true,1,,,,,,false,OBTAINABLE
PLAYABLE_CANDIDATE,122,124,12805,Low Elemental,DARK,SUPPORT,BASE,true,false,false,28,10,9,true,2,,,,,,false,OBTAINABLE
PLAYABLE_CANDIDATE,123,125,12815,Havana,DARK,SUPPORT,AWAKENED,true,false,false,28,10,9,true,2,,,,,,false,OBTAINABLE
PLAYABLE_CANDIDATE,124,126,12605,Monster Flower,DARK,HP,BASE,true,false,false,26,4,4,true,1,,,,,,false,OBTAINABLE
PLAYABLE_CANDIDATE,125,127,13605,Surprise Box,DARK,DEFENSE,BASE,true,false,false,36,5,5,true,1,,,,,,false,OBTAINABLE
PLAYABLE_CANDIDATE,126,128,10105,Fairy,DARK,ATTACK,BASE,true,false,false,1,15,15,true,2,,,,,,false,OBTAINABLE
PLAYABLE_CANDIDATE,127,129,10115,Sorin,DARK,ATTACK,AWAKENED,true,false,false,1,15,15,true,3,,,,,,false,OBTAINABLE
PLAYABLE_CANDIDATE,128,130,10905,Garuda,DARK,SUPPORT,BASE,true,false,false,9,10,10,true,2,,,,,,false,OBTAINABLE
PLAYABLE_CANDIDATE,129,131,10915,Rizak,DARK,SUPPORT,AWAKENED,true,false,false,9,10,10,true,3,,,,,,false,OBTAINABLE
PLAYABLE_CANDIDATE,130,132,13205,Howl,DARK,SUPPORT,BASE,true,false,false,32,15,15,true,2,,,,,,false,OBTAINABLE
PLAYABLE_CANDIDATE,131,133,13215,Chacha,DARK,SUPPORT,AWAKENED,true,false,false,32,15,15,true,3,,,,,,false,OBTAINABLE
PLAYABLE_CANDIDATE,132,134,10205,Imp,DARK,ATTACK,BASE,true,false,false,2,10,10,true,2,,,,,,false,OBTAINABLE
PLAYABLE_CANDIDATE,133,135,10215,Garok,DARK,ATTACK,AWAKENED,true,false,false,2,10,10,true,3,,,,,,false,OBTAINABLE
PLAYABLE_CANDIDATE,134,136,10305,Pixie,DARK,ATTACK,BASE,true,false,false,3,15,15,true,2,,,,,,false,OBTAINABLE
PLAYABLE_CANDIDATE,135,137,10315,Camaryn,DARK,ATTACK,AWAKENED,true,false,false,3,15,15,true,3,,,,,,false,OBTAINABLE
PLAYABLE_CANDIDATE,136,138,11105,Salamander,DARK,DEFENSE,BASE,true,false,false,11,10,10,true,2,,,,,,false,OBTAINABLE
PLAYABLE_CANDIDATE,137,139,11115,Decamaron,DARK,DEFENSE,AWAKENED,true,false,false,11,10,10,true,3,,,,,,false,OBTAINABLE
PLAYABLE_CANDIDATE,138,140,10705,Warbear,DARK,HP,BASE,true,false,false,7,15,15,true,2,,,,,,false,OBTAINABLE
PLAYABLE_CANDIDATE,139,141,10715,Gorgo,DARK,HP,AWAKENED,true,false,false,7,15,15,true,3,,,,,,false,OBTAINABLE
PLAYABLE_CANDIDATE,144,148,13604,Surprise Box,LIGHT,DEFENSE,BASE,true,false,false,36,5,5,true,1,,,,,,false,OBTAINABLE
PLAYABLE_CANDIDATE,145,149,10604,Hellhound,LIGHT,ATTACK,BASE,true,false,false,6,15,15,true,2,,,,,,false,OBTAINABLE
PLAYABLE_CANDIDATE,146,150,10614,Shamar,LIGHT,ATTACK,AWAKENED,true,false,false,6,15,15,true,3,,,,,,false,OBTAINABLE
PLAYABLE_CANDIDATE,147,151,13204,Howl,LIGHT,SUPPORT,BASE,true,false,false,32,15,15,true,2,,,,,,false,OBTAINABLE
PLAYABLE_CANDIDATE,148,152,13214,Shushu,LIGHT,SUPPORT,AWAKENED,true,false,false,32,15,15,true,3,,,,,,false,OBTAINABLE
PLAYABLE_CANDIDATE,149,153,10204,Imp,LIGHT,ATTACK,BASE,true,false,false,2,10,10,true,2,,,,,,false,OBTAINABLE
PLAYABLE_CANDIDATE,150,154,10214,Taru,LIGHT,ATTACK,AWAKENED,true,false,false,2,10,10,true,3,,,,,,false,OBTAINABLE
PLAYABLE_CANDIDATE,151,155,10304,Pixie,LIGHT,SUPPORT,BASE,true,false,false,3,15,15,true,2,,,,,,false,OBTAINABLE
PLAYABLE_CANDIDATE,152,156,10314,Cheryl,LIGHT,SUPPORT,AWAKENED,true,false,false,3,15,15,true,3,,,,,,false,OBTAINABLE
PLAYABLE_CANDIDATE,153,157,11104,Salamander,LIGHT,DEFENSE,BASE,true,false,false,11,10,10,true,2,,,,,,false,OBTAINABLE
PLAYABLE_CANDIDATE,154,158,11114,Sharman,LIGHT,DEFENSE,AWAKENED,true,false,false,11,10,10,true,3,,,,,,false,OBTAINABLE
PLAYABLE_CANDIDATE,155,159,14804,Viking,LIGHT,DEFENSE,BASE,true,false,false,48,10,10,true,2,,,,,,false,OBTAINABLE
PLAYABLE_CANDIDATE,156,160,14814,Jansson,LIGHT,DEFENSE,AWAKENED,true,false,false,48,10,10,true,3,,,,,,false,OBTAINABLE
PLAYABLE_CANDIDATE,157,161,10404,Yeti,LIGHT,DEFENSE,BASE,true,false,false,4,10,10,true,2,,,,,,false,OBTAINABLE
PLAYABLE_CANDIDATE,158,162,10414,Arkajan,LIGHT,DEFENSE,AWAKENED,true,false,false,4,10,10,true,3,,,,,,false,OBTAINABLE
PLAYABLE_CANDIDATE,159,163,12814,Varis,LIGHT,SUPPORT,AWAKENED,true,false,false,28,10,9,true,2,,,,,,false,OBTAINABLE
PLAYABLE_CANDIDATE,160,164,14902,Amazon,FIRE,ATTACK,BASE,true,false,false,49,10,10,true,3,,,,,,false,OBTAINABLE
PLAYABLE_CANDIDATE,161,166,19002,Battle Mammoth,FIRE,HP,BASE,true,false,false,89,10,10,true,3,,,,,,false,OBTAINABLE
PLAYABLE_CANDIDATE,162,168,13702,Bearman,FIRE,HP,BASE,true,false,true,37,10,10,true,2,,,,,,false,OBTAINABLE|FUSION_FOOD
PLAYABLE_CANDIDATE,163,170,18502,Beast Hunter,FIRE,ATTACK,BASE,true,false,true,84,10,10,true,3,,,,,,false,OBTAINABLE|FUSION_FOOD
PLAYABLE_CANDIDATE,164,172,15602,Bounty Hunter,FIRE,ATTACK,BASE,true,false,false,55,10,10,true,3,,,,,,false,OBTAINABLE
PLAYABLE_CANDIDATE,165,174,17202,Drunken Master,FIRE,ATTACK,BASE,true,false,false,71,10,10,true,3,,,,,,false,OBTAINABLE
PLAYABLE_CANDIDATE,166,175,14912,Ceres,FIRE,ATTACK,AWAKENED,true,false,false,49,10,10,true,3,,,,,,false,OBTAINABLE
PLAYABLE_CANDIDATE,167,176,19012,Granite,FIRE,HP,AWAKENED,true,false,false,89,10,10,true,3,,,,,,false,OBTAINABLE
PLAYABLE_CANDIDATE,168,177,13712,Kungen,FIRE,HP,AWAKENED,true,false,true,37,10,10,true,3,,,,,,false,OBTAINABLE|FUSION_FOOD
PLAYABLE_CANDIDATE,169,178,18512,Nangrim,FIRE,ATTACK,AWAKENED,true,false,true,84,10,10,true,3,,,,,,false,OBTAINABLE|FUSION_FOOD
PLAYABLE_CANDIDATE,170,179,15612,Randy,FIRE,ATTACK,AWAKENED,true,false,false,55,10,10,true,3,,,,,,false,OBTAINABLE
PLAYABLE_CANDIDATE,171,180,19302,Cow Girl,FIRE,ATTACK,BASE,true,false,false,92,10,10,true,3,,,,,,false,OBTAINABLE
PLAYABLE_CANDIDATE,172,181,19312,Anne,FIRE,ATTACK,AWAKENED,true,false,false,92,10,10,true,3,,,,,,false,OBTAINABLE
PLAYABLE_CANDIDATE,173,182,17212,Xiao Chun,FIRE,ATTACK,AWAKENED,true,false,false,71,10,10,true,3,,,,,,false,OBTAINABLE
PLAYABLE_CANDIDATE,174,183,10102,Fairy,FIRE,ATTACK,BASE,true,false,true,1,15,15,true,3,,,,,,false,OBTAINABLE|FUSION_FOOD
PLAYABLE_CANDIDATE,175,184,10112,Iselia,FIRE,ATTACK,AWAKENED,true,false,false,1,15,15,true,3,,,,,,false,OBTAINABLE
PLAYABLE_CANDIDATE,176,185,11402,Golem,FIRE,DEFENSE,BASE,true,false,true,14,10,10,true,3,,,,,,false,OBTAINABLE|FUSION_FOOD
PLAYABLE_CANDIDATE,177,186,11412,Kugo,FIRE,DEFENSE,AWAKENED,true,false,true,14,10,10,true,3,,,,,,false,OBTAINABLE|FUSION_FOOD
PLAYABLE_CANDIDATE,178,187,11502,Griffon,FIRE,SUPPORT,BASE,true,false,true,15,15,15,true,3,,,,,,false,OBTAINABLE|FUSION_FOOD
PLAYABLE_CANDIDATE,179,188,11512,Spectra,FIRE,SUPPORT,AWAKENED,true,false,true,15,15,15,true,3,,,,,,false,OBTAINABLE|FUSION_FOOD
PLAYABLE_CANDIDATE,180,189,16002,Grim Reaper,FIRE,ATTACK,BASE,true,false,false,59,15,15,true,3,,,,,,false,OBTAINABLE
PLAYABLE_CANDIDATE,181,190,16012,Sath,FIRE,ATTACK,AWAKENED,true,false,false,59,15,15,true,3,,,,,,false,OBTAINABLE
PLAYABLE_CANDIDATE,182,191,10502,Harpy,FIRE,ATTACK,BASE,true,false,false,5,10,10,true,2,,,,,,false,OBTAINABLE
PLAYABLE_CANDIDATE,183,192,10512,Lucasha,FIRE,ATTACK,AWAKENED,true,false,false,5,10,10,true,3,,,,,,false,OBTAINABLE
PLAYABLE_CANDIDATE,184,193,12002,High Elemental,FIRE,ATTACK,BASE,true,false,true,20,15,15,true,2,,,,,,false,OBTAINABLE|FUSION_FOOD
PLAYABLE_CANDIDATE,185,194,12012,Kahli,FIRE,ATTACK,AWAKENED,true,false,true,20,15,15,true,3,,,,,,false,OBTAINABLE|FUSION_FOOD
PLAYABLE_CANDIDATE,186,195,15802,Imp Champion,FIRE,ATTACK,BASE,true,false,true,57,10,10,true,3,,,,,,false,OBTAINABLE|FUSION_FOOD
PLAYABLE_CANDIDATE,187,196,15812,Fairo,FIRE,ATTACK,AWAKENED,true,false,true,57,10,10,true,3,,,,,,false,OBTAINABLE|FUSION_FOOD
PLAYABLE_CANDIDATE,188,197,11702,Inferno,FIRE,ATTACK,BASE,true,false,false,17,15,15,true,2,,,,,,false,OBTAINABLE
PLAYABLE_CANDIDATE,189,198,11712,Tagaros,FIRE,ATTACK,AWAKENED,true,false,false,17,15,15,true,3,,,,,,false,OBTAINABLE
PLAYABLE_CANDIDATE,190,199,11002,Inugami,FIRE,ATTACK,BASE,true,false,true,10,15,15,true,3,,,,,,false,OBTAINABLE|FUSION_FOOD
PLAYABLE_CANDIDATE,191,200,11012,Raoq,FIRE,ATTACK,AWAKENED,true,false,true,10,15,15,true,3,,,,,,false,OBTAINABLE|FUSION_FOOD
PLAYABLE_CANDIDATE,192,201,16502,Living Armor,FIRE,DEFENSE,BASE,true,false,true,64,15,15,true,3,,,,,,false,OBTAINABLE|FUSION_FOOD
PLAYABLE_CANDIDATE,193,202,16512,Iron,FIRE,DEFENSE,AWAKENED,true,false,true,64,15,15,true,3,,,,,,false,OBTAINABLE|FUSION_FOOD
PLAYABLE_CANDIDATE,194,203,17802,Lizardman,FIRE,DEFENSE,BASE,true,false,false,77,10,10,true,3,,,,,,false,OBTAINABLE
PLAYABLE_CANDIDATE,195,204,17812,Igmanodon,FIRE,DEFENSE,AWAKENED,true,false,false,77,10,10,true,3,,,,,,false,OBTAINABLE
PLAYABLE_CANDIDATE,196,205,15402,Magical Archer,FIRE,ATTACK,BASE,true,false,true,53,10,10,true,3,,,,,,false,OBTAINABLE|FUSION_FOOD
PLAYABLE_CANDIDATE,197,206,15412,Amanda,FIRE,ATTACK,AWAKENED,true,false,true,53,10,10,true,3,,,,,,false,OBTAINABLE|FUSION_FOOD
PLAYABLE_CANDIDATE,198,207,15002,Martial Cat,FIRE,HP,BASE,true,false,true,50,15,15,true,3,,,,,,false,OBTAINABLE|FUSION_FOOD
PLAYABLE_CANDIDATE,199,208,15012,Mei,FIRE,HP,AWAKENED,true,false,true,50,15,15,true,3,,,,,,false,OBTAINABLE|FUSION_FOOD
PLAYABLE_CANDIDATE,200,209,17702,Minotauros,FIRE,HP,BASE,true,false,false,76,10,10,true,3,,,,,,false,OBTAINABLE
PLAYABLE_CANDIDATE,201,210,17712,Burentau,FIRE,HP,AWAKENED,true,false,false,76,10,10,true,3,,,,,,false,OBTAINABLE
PLAYABLE_CANDIDATE,202,211,15902,Mystic Witch,FIRE,SUPPORT,BASE,true,false,true,58,15,15,true,3,,,,,,false,OBTAINABLE|FUSION_FOOD
PLAYABLE_CANDIDATE,203,212,15912,Rebecca,FIRE,SUPPORT,AWAKENED,true,false,true,58,15,15,true,3,,,,,,false,OBTAINABLE|FUSION_FOOD
PLAYABLE_CANDIDATE,204,213,18702,Penguin Knight,FIRE,HP,BASE,true,false,false,86,10,10,true,2,,,,,,false,OBTAINABLE
PLAYABLE_CANDIDATE,205,214,18712,Naki,FIRE,HP,AWAKENED,true,false,false,86,10,10,true,3,,,,,,false,OBTAINABLE
PLAYABLE_CANDIDATE,206,215,11102,Salamander,FIRE,DEFENSE,BASE,true,false,true,11,10,10,true,3,,,,,,false,OBTAINABLE|FUSION_FOOD
PLAYABLE_CANDIDATE,207,216,11112,Krakdon,FIRE,DEFENSE,AWAKENED,true,false,true,11,10,10,true,3,,,,,,false,OBTAINABLE|FUSION_FOOD
PLAYABLE_CANDIDATE,208,217,11302,Serpent,FIRE,HP,BASE,true,false,true,13,10,10,true,2,,,,,,false,OBTAINABLE|FUSION_FOOD
PLAYABLE_CANDIDATE,209,218,11312,Fao,FIRE,HP,AWAKENED,true,false,true,13,10,10,true,3,,,,,,false,OBTAINABLE|FUSION_FOOD
PLAYABLE_CANDIDATE,210,219,18402,Taoist,FIRE,ATTACK,BASE,true,false,false,83,10,10,true,3,,,,,,false,OBTAINABLE
PLAYABLE_CANDIDATE,211,220,18412,Gunpyeong,FIRE,ATTACK,AWAKENED,true,false,false,83,10,10,true,3,,,,,,false,OBTAINABLE
PLAYABLE_CANDIDATE,212,221,15202,Vagabond,FIRE,DEFENSE,BASE,true,false,true,51,15,15,true,3,,,,,,false,OBTAINABLE|FUSION_FOOD
PLAYABLE_CANDIDATE,213,222,15212,Kai'en,FIRE,DEFENSE,AWAKENED,true,false,true,51,15,15,true,3,,,,,,false,OBTAINABLE|FUSION_FOOD
PLAYABLE_CANDIDATE,214,223,14802,Viking,FIRE,DEFENSE,BASE,true,false,true,48,10,10,true,2,,,,,,false,OBTAINABLE|FUSION_FOOD
PLAYABLE_CANDIDATE,215,224,14812,Geoffrey,FIRE,DEFENSE,AWAKENED,true,false,true,48,10,10,true,3,,,,,,false,OBTAINABLE|FUSION_FOOD
PLAYABLE_CANDIDATE,216,225,14002,Werewolf,FIRE,HP,BASE,true,false,true,40,15,15,true,3,,,,,,false,OBTAINABLE|FUSION_FOOD
PLAYABLE_CANDIDATE,217,226,14012,Garoche,FIRE,HP,AWAKENED,true,false,true,40,15,15,true,3,,,,,,false,OBTAINABLE|FUSION_FOOD
PLAYABLE_CANDIDATE,218,227,18802,Barbaric King,FIRE,ATTACK,BASE,true,false,false,87,10,10,true,3,,,,,,false,OBTAINABLE
PLAYABLE_CANDIDATE,219,228,18812,Surtr,FIRE,ATTACK,AWAKENED,true,false,false,87,10,10,true,3,,,,,,false,OBTAINABLE
PLAYABLE_CANDIDATE,220,229,18002,Brownie Magician,FIRE,SUPPORT,BASE,true,false,false,79,10,10,true,3,,,,,,false,OBTAINABLE
PLAYABLE_CANDIDATE,221,230,18012,Draco,FIRE,SUPPORT,AWAKENED,true,false,false,79,10,10,true,3,,,,,,false,OBTAINABLE
PLAYABLE_CANDIDATE,222,231,16202,Death Knight,FIRE,HP,BASE,true,false,false,61,10,10,true,3,,,,,,false,OBTAINABLE
PLAYABLE_CANDIDATE,223,232,16212,Arnold,FIRE,HP,AWAKENED,true,false,false,61,10,10,true,3,,,,,,false,OBTAINABLE
PLAYABLE_CANDIDATE,224,233,15302,Epikion Priest,FIRE,SUPPORT,BASE,true,false,false,52,10,10,true,3,,,,,,false,OBTAINABLE
PLAYABLE_CANDIDATE,225,234,15312,Chloe,FIRE,SUPPORT,AWAKENED,true,false,false,52,10,10,true,3,,,,,,false,OBTAINABLE
PLAYABLE_CANDIDATE,226,235,13402,Joker,FIRE,DEFENSE,BASE,true,false,true,34,11,10,true,2,,,,,,false,OBTAINABLE|FUSION_FOOD
PLAYABLE_CANDIDATE,227,236,13412,Jojo,FIRE,DEFENSE,AWAKENED,true,false,true,34,11,10,true,3,,,,,,false,OBTAINABLE|FUSION_FOOD
PLAYABLE_CANDIDATE,228,237,18102,Kobold Bomber,FIRE,ATTACK,BASE,true,false,false,80,10,10,true,2,,,,,,false,OBTAINABLE
PLAYABLE_CANDIDATE,229,238,18112,Zibrolta,FIRE,ATTACK,AWAKENED,true,false,false,80,10,10,true,3,,,,,,false,OBTAINABLE
PLAYABLE_CANDIDATE,230,239,17302,Kung Fu Girl,FIRE,HP,BASE,true,false,false,72,11,10,true,2,,,,,,false,OBTAINABLE
PLAYABLE_CANDIDATE,231,240,17312,Hong Hua,FIRE,HP,AWAKENED,true,false,false,72,11,10,true,3,,,,,,false,OBTAINABLE
PLAYABLE_CANDIDATE,232,241,16302,Lich,FIRE,ATTACK,BASE,true,false,false,62,10,10,true,3,,,,,,false,OBTAINABLE
PLAYABLE_CANDIDATE,233,242,16312,Antares,FIRE,ATTACK,AWAKENED,true,false,false,62,10,10,true,3,,,,,,false,OBTAINABLE
PLAYABLE_CANDIDATE,234,243,11202,Nine-tailed Fox,FIRE,ATTACK,BASE,true,false,false,12,11,10,true,3,,,,,,false,OBTAINABLE
PLAYABLE_CANDIDATE,235,244,11212,Shihwa,FIRE,ATTACK,AWAKENED,true,false,false,12,11,10,true,3,,,,,,false,OBTAINABLE
PLAYABLE_CANDIDATE,236,245,13502,Ninja,FIRE,ATTACK,BASE,true,false,false,35,11,10,true,3,,,,,,false,OBTAINABLE
PLAYABLE_CANDIDATE,237,246,13512,Garo,FIRE,ATTACK,AWAKENED,true,false,false,35,11,10,true,3,,,,,,false,OBTAINABLE
PLAYABLE_CANDIDATE,238,247,14102,Phantom Thief,FIRE,ATTACK,BASE,true,false,false,41,10,10,true,3,,,,,,false,OBTAINABLE
PLAYABLE_CANDIDATE,239,248,14112,Jean,FIRE,ATTACK,AWAKENED,true,false,false,41,10,10,true,3,,,,,,false,OBTAINABLE
PLAYABLE_CANDIDATE,240,249,13902,Pierrette,FIRE,ATTACK,BASE,true,false,false,39,10,10,true,3,,,,,,false,OBTAINABLE
PLAYABLE_CANDIDATE,241,250,13912,Clara,FIRE,ATTACK,AWAKENED,true,false,false,39,10,10,true,3,,,,,,false,OBTAINABLE
PLAYABLE_CANDIDATE,242,251,15502,Rakshasa,FIRE,ATTACK,BASE,true,false,false,54,10,10,true,3,,,,,,false,OBTAINABLE
PLAYABLE_CANDIDATE,243,252,15512,Hwa,FIRE,ATTACK,AWAKENED,true,false,false,54,10,10,true,3,,,,,,false,OBTAINABLE
PLAYABLE_CANDIDATE,244,253,16902,Samurai,FIRE,ATTACK,BASE,true,false,false,68,11,10,true,4,,,,,,false,OBTAINABLE
PLAYABLE_CANDIDATE,245,254,16912,Jun,FIRE,ATTACK,AWAKENED,true,false,false,68,11,10,true,4,,,,,,false,OBTAINABLE
PLAYABLE_CANDIDATE,246,255,18302,Sky Dancer,FIRE,ATTACK,BASE,true,false,false,82,10,10,true,3,,,,,,false,OBTAINABLE
PLAYABLE_CANDIDATE,247,256,18312,Hwahee,FIRE,ATTACK,AWAKENED,true,false,false,82,10,10,true,3,,,,,,false,OBTAINABLE
PLAYABLE_CANDIDATE,248,257,13302,Succubus,FIRE,ATTACK,BASE,true,false,true,33,11,10,true,3,,,,,,false,OBTAINABLE|FUSION_FOOD
PLAYABLE_CANDIDATE,249,258,13312,Akia,FIRE,ATTACK,AWAKENED,true,false,true,33,11,10,true,3,,,,,,false,OBTAINABLE|FUSION_FOOD
PLAYABLE_CANDIDATE,250,259,11802,Sylph,FIRE,ATTACK,BASE,true,false,true,18,11,10,true,3,,,,,,false,OBTAINABLE|FUSION_FOOD
PLAYABLE_CANDIDATE,251,260,11812,Baretta,FIRE,ATTACK,AWAKENED,true,false,true,18,11,10,true,3,,,,,,false,OBTAINABLE|FUSION_FOOD
PLAYABLE_CANDIDATE,252,261,11902,Sylphid,FIRE,SUPPORT,BASE,true,false,false,19,10,10,true,3,,,,,,false,OBTAINABLE
PLAYABLE_CANDIDATE,253,262,11912,Fria,FIRE,SUPPORT,AWAKENED,true,false,false,19,10,10,true,3,,,,,,false,OBTAINABLE
PLAYABLE_CANDIDATE,254,263,11602,Undine,FIRE,SUPPORT,BASE,true,false,false,16,11,10,true,3,,,,,,false,OBTAINABLE
PLAYABLE_CANDIDATE,255,264,11612,Atenai,FIRE,SUPPORT,AWAKENED,true,false,false,16,11,10,true,3,,,,,,false,OBTAINABLE
PLAYABLE_CANDIDATE,256,265,14702,Vampire,FIRE,ATTACK,BASE,true,false,true,47,12,10,true,2,,,,,,false,OBTAINABLE|FUSION_FOOD
PLAYABLE_CANDIDATE,257,266,14712,Verdehile,FIRE,ATTACK,AWAKENED,true,false,true,47,12,10,true,3,,,,,,false,OBTAINABLE|FUSION_FOOD
PLAYABLE_CANDIDATE,258,267,17002,Archangel,FIRE,SUPPORT,BASE,true,false,false,69,10,10,true,3,,,,,,false,OBTAINABLE
PLAYABLE_CANDIDATE,259,268,17012,Velajuel,FIRE,SUPPORT,AWAKENED,true,false,false,69,10,10,true,3,,,,,,false,OBTAINABLE
PLAYABLE_CANDIDATE,260,269,17402,Beast Monk,FIRE,HP,BASE,true,false,false,73,10,10,true,3,,,,,,false,OBTAINABLE
PLAYABLE_CANDIDATE,261,270,17412,Kumar,FIRE,HP,AWAKENED,true,false,false,73,10,10,true,3,,,,,,false,OBTAINABLE
PLAYABLE_CANDIDATE,262,271,14602,Chimera,FIRE,HP,BASE,true,false,false,46,10,10,true,3,,,,,,false,OBTAINABLE
PLAYABLE_CANDIDATE,263,272,14612,Rakan,FIRE,HP,AWAKENED,true,false,false,46,10,10,true,3,,,,,,false,OBTAINABLE
PLAYABLE_CANDIDATE,264,273,14402,Dragon,FIRE,ATTACK,BASE,true,false,false,44,10,10,true,3,,,,,,false,OBTAINABLE
PLAYABLE_CANDIDATE,265,274,14412,Zaiross,FIRE,ATTACK,AWAKENED,true,false,false,44,10,10,true,3,,,,,,false,OBTAINABLE
PLAYABLE_CANDIDATE,266,275,16602,Dragon Knight,FIRE,ATTACK,BASE,true,false,false,65,10,10,true,3,,,,,,false,OBTAINABLE
PLAYABLE_CANDIDATE,267,276,16612,Laika,FIRE,ATTACK,AWAKENED,true,false,false,65,10,10,true,3,,,,,,false,OBTAINABLE
PLAYABLE_CANDIDATE,268,277,17902,Hell Lady,FIRE,ATTACK,BASE,true,false,false,78,10,10,true,3,,,,,,false,OBTAINABLE
PLAYABLE_CANDIDATE,269,278,17912,Raki,FIRE,ATTACK,AWAKENED,true,false,false,78,10,10,true,3,,,,,,false,OBTAINABLE
PLAYABLE_CANDIDATE,270,279,19202,Ifrit,FIRE,HP,BASE,true,false,false,91,10,10,true,3,,,,,,false,OBTAINABLE
PLAYABLE_CANDIDATE,271,280,19212,Tesarion,FIRE,HP,AWAKENED,true,false,false,91,10,10,true,3,,,,,,false,OBTAINABLE
PLAYABLE_CANDIDATE,272,281,16802,Monkey King,FIRE,DEFENSE,BASE,true,false,false,67,10,10,true,3,,,,,,false,OBTAINABLE
PLAYABLE_CANDIDATE,273,282,16812,Mei Hou Wang,FIRE,DEFENSE,AWAKENED,true,false,false,67,10,10,true,3,,,,,,false,OBTAINABLE
PLAYABLE_CANDIDATE,274,283,16102,Occult Girl,FIRE,ATTACK,BASE,true,false,false,60,10,10,true,3,,,,,,false,OBTAINABLE
PLAYABLE_CANDIDATE,275,284,16112,Rica,FIRE,ATTACK,AWAKENED,true,false,false,60,10,10,true,3,,,,,,false,OBTAINABLE
PLAYABLE_CANDIDATE,276,285,15702,Oracle,FIRE,SUPPORT,BASE,true,false,false,56,10,10,true,3,,,,,,false,OBTAINABLE
PLAYABLE_CANDIDATE,277,286,15712,Juno,FIRE,SUPPORT,AWAKENED,true,false,false,56,10,10,true,3,,,,,,false,OBTAINABLE
PLAYABLE_CANDIDATE,278,287,14502,Phoenix,FIRE,HP,BASE,true,false,false,45,10,10,true,3,,,,,,false,OBTAINABLE
PLAYABLE_CANDIDATE,279,288,14512,Perna,FIRE,HP,AWAKENED,true,false,false,45,10,10,true,3,,,,,,false,OBTAINABLE
PLAYABLE_CANDIDATE,280,289,18602,Sage,FIRE,HP,BASE,true,false,false,85,10,10,true,3,,,,,,false,OBTAINABLE
PLAYABLE_CANDIDATE,281,290,18612,Chiwu,FIRE,HP,AWAKENED,true,false,false,85,10,10,true,3,,,,,,false,OBTAINABLE
PLAYABLE_CANDIDATE,282,291,18902,Polar Queen,FIRE,ATTACK,BASE,true,false,false,88,10,10,true,3,,,,,,false,OBTAINABLE
PLAYABLE_CANDIDATE,283,292,18912,Brandia,FIRE,ATTACK,AWAKENED,true,false,false,88,10,10,true,3,,,,,,false,OBTAINABLE
PLAYABLE_CANDIDATE,284,293,13802,Valkyrja,FIRE,SUPPORT,BASE,true,false,false,38,10,10,true,3,,,,,,false,OBTAINABLE
PLAYABLE_CANDIDATE,285,294,13812,Vanessa,FIRE,SUPPORT,AWAKENED,true,false,false,38,10,10,true,3,,,,,,false,OBTAINABLE
PLAYABLE_CANDIDATE,286,295,14901,Amazon,WATER,ATTACK,BASE,true,false,false,49,10,10,true,3,,,,,,false,OBTAINABLE
PLAYABLE_CANDIDATE,287,296,14911,Ellin,WATER,ATTACK,AWAKENED,true,false,false,49,10,10,true,3,,,,,,false,OBTAINABLE
PLAYABLE_CANDIDATE,288,297,19001,Battle Mammoth,WATER,HP,BASE,true,false,false,89,10,10,true,3,,,,,,false,OBTAINABLE
PLAYABLE_CANDIDATE,289,298,19011,Talc,WATER,HP,AWAKENED,true,false,false,89,10,10,true,3,,,,,,false,OBTAINABLE
PLAYABLE_CANDIDATE,290,299,13701,Bearman,WATER,HP,BASE,true,false,true,37,10,10,true,2,,,,,,false,OBTAINABLE|FUSION_FOOD
PLAYABLE_CANDIDATE,291,300,13711,Gruda,WATER,HP,AWAKENED,true,false,true,37,10,10,true,3,,,,,,false,OBTAINABLE|FUSION_FOOD
PLAYABLE_CANDIDATE,292,301,18501,Beast Hunter,WATER,ATTACK,BASE,true,false,false,84,10,10,true,3,,,,,,false,OBTAINABLE
PLAYABLE_CANDIDATE,293,302,18511,Gangchun,WATER,ATTACK,AWAKENED,true,false,false,84,10,10,true,3,,,,,,false,OBTAINABLE
PLAYABLE_CANDIDATE,294,303,15601,Bounty Hunter,WATER,ATTACK,BASE,true,false,false,55,10,10,true,3,,,,,,false,OBTAINABLE
PLAYABLE_CANDIDATE,295,304,15611,Wayne,WATER,ATTACK,AWAKENED,true,false,false,55,10,10,true,3,,,,,,false,OBTAINABLE
PLAYABLE_CANDIDATE,296,305,19301,Cow Girl,WATER,ATTACK,BASE,true,false,false,92,10,10,true,3,,,,,,false,OBTAINABLE
PLAYABLE_CANDIDATE,297,306,19311,Sera,WATER,ATTACK,AWAKENED,true,false,false,92,10,10,true,3,,,,,,false,OBTAINABLE
PLAYABLE_CANDIDATE,298,307,17201,Drunken Master,WATER,ATTACK,BASE,true,false,true,71,10,10,true,3,,,,,,false,OBTAINABLE|FUSION_FOOD
PLAYABLE_CANDIDATE,299,308,17211,Mao,WATER,ATTACK,AWAKENED,true,false,false,71,10,10,true,3,,,,,,false,OBTAINABLE
PLAYABLE_CANDIDATE,300,309,15301,Epikion Priest,WATER,SUPPORT,BASE,true,false,false,52,10,10,true,3,,,,,,false,OBTAINABLE
PLAYABLE_CANDIDATE,301,310,15311,Rina,WATER,SUPPORT,AWAKENED,true,false,false,52,10,10,true,3,,,,,,false,OBTAINABLE
PLAYABLE_CANDIDATE,302,311,10101,Fairy,WATER,SUPPORT,BASE,true,false,false,1,15,15,true,2,,,,,,false,OBTAINABLE
PLAYABLE_CANDIDATE,303,312,10111,Elucia,WATER,SUPPORT,AWAKENED,true,false,false,1,15,15,true,3,,,,,,false,OBTAINABLE
PLAYABLE_CANDIDATE,304,313,11401,Golem,WATER,DEFENSE,BASE,true,false,true,14,10,10,true,3,,,,,,false,OBTAINABLE|FUSION_FOOD
PLAYABLE_CANDIDATE,305,314,11411,Kuhn,WATER,DEFENSE,AWAKENED,true,false,true,14,10,10,true,3,,,,,,false,OBTAINABLE|FUSION_FOOD
PLAYABLE_CANDIDATE,306,315,11501,Griffon,WATER,HP,BASE,true,false,true,15,15,15,true,2,,,,,,false,OBTAINABLE|FUSION_FOOD
PLAYABLE_CANDIDATE,307,316,11511,Kahn,WATER,HP,AWAKENED,true,false,true,15,15,15,true,3,,,,,,false,OBTAINABLE|FUSION_FOOD
PLAYABLE_CANDIDATE,308,317,16001,Grim Reaper,WATER,ATTACK,BASE,true,false,true,59,15,15,true,3,,,,,,false,OBTAINABLE|FUSION_FOOD
PLAYABLE_CANDIDATE,309,318,16011,Hemos,WATER,ATTACK,AWAKENED,true,false,true,59,15,15,true,3,,,,,,false,OBTAINABLE|FUSION_FOOD
PLAYABLE_CANDIDATE,310,319,10501,Harpy,WATER,ATTACK,BASE,true,false,true,5,10,10,true,3,,,,,,false,OBTAINABLE|FUSION_FOOD
PLAYABLE_CANDIDATE,311,320,10511,Ramira,WATER,ATTACK,AWAKENED,true,false,true,5,10,10,true,3,,,,,,false,OBTAINABLE|FUSION_FOOD
PLAYABLE_CANDIDATE,312,321,12001,High Elemental,WATER,ATTACK,BASE,true,false,false,20,15,15,true,2,,,,,,false,OBTAINABLE
PLAYABLE_CANDIDATE,313,322,12011,Ellena,WATER,ATTACK,AWAKENED,true,false,false,20,15,15,true,3,,,,,,false,OBTAINABLE
PLAYABLE_CANDIDATE,314,323,15801,Imp Champion,WATER,ATTACK,BASE,true,false,false,57,10,10,true,3,,,,,,false,OBTAINABLE
PLAYABLE_CANDIDATE,315,324,15811,Yaku,WATER,ATTACK,AWAKENED,true,false,false,57,10,10,true,3,,,,,,false,OBTAINABLE
PLAYABLE_CANDIDATE,316,325,11701,Inferno,WATER,ATTACK,BASE,true,false,true,17,15,15,true,3,,,,,,false,OBTAINABLE|FUSION_FOOD
PLAYABLE_CANDIDATE,317,326,11711,Purian,WATER,ATTACK,AWAKENED,true,false,true,17,15,15,true,3,,,,,,false,OBTAINABLE|FUSION_FOOD
PLAYABLE_CANDIDATE,318,327,11001,Inugami,WATER,DEFENSE,BASE,true,false,true,10,15,15,true,2,,,,,,false,OBTAINABLE|FUSION_FOOD
PLAYABLE_CANDIDATE,319,328,11011,Icaru,WATER,DEFENSE,AWAKENED,true,false,true,10,15,15,true,3,,,,,,false,OBTAINABLE|FUSION_FOOD
PLAYABLE_CANDIDATE,320,329,16501,Living Armor,WATER,DEFENSE,BASE,true,false,false,64,15,15,true,3,,,,,,false,OBTAINABLE
PLAYABLE_CANDIDATE,321,330,16511,Nickel,WATER,DEFENSE,AWAKENED,true,false,false,64,15,15,true,3,,,,,,false,OBTAINABLE
PLAYABLE_CANDIDATE,322,331,17801,Lizardman,WATER,DEFENSE,BASE,true,false,true,77,10,10,true,3,,,,,,false,OBTAINABLE|FUSION_FOOD
PLAYABLE_CANDIDATE,323,332,17811,Kernodon,WATER,DEFENSE,AWAKENED,true,false,false,77,10,10,true,3,,,,,,false,OBTAINABLE
PLAYABLE_CANDIDATE,324,333,15401,Magical Archer,WATER,ATTACK,BASE,true,false,true,53,10,10,true,3,,,,,,false,OBTAINABLE|FUSION_FOOD
PLAYABLE_CANDIDATE,325,334,15411,Sharron,WATER,ATTACK,AWAKENED,true,false,true,53,10,10,true,3,,,,,,false,OBTAINABLE|FUSION_FOOD
PLAYABLE_CANDIDATE,326,335,15001,Martial Cat,WATER,ATTACK,BASE,true,false,true,50,15,15,true,3,,,,,,false,OBTAINABLE|FUSION_FOOD
PLAYABLE_CANDIDATE,327,336,15011,Mina,WATER,ATTACK,AWAKENED,true,false,true,50,15,15,true,3,,,,,,false,OBTAINABLE|FUSION_FOOD
PLAYABLE_CANDIDATE,328,337,17701,Minotauros,WATER,HP,BASE,true,false,false,76,10,10,true,3,,,,,,false,OBTAINABLE
PLAYABLE_CANDIDATE,329,338,17711,Urtau,WATER,HP,AWAKENED,true,false,false,76,10,10,true,3,,,,,,false,OBTAINABLE
PLAYABLE_CANDIDATE,330,339,15901,Mystic Witch,WATER,SUPPORT,BASE,true,false,false,58,15,15,true,2,,,,,,false,OBTAINABLE
PLAYABLE_CANDIDATE,331,340,15911,Megan,WATER,SUPPORT,AWAKENED,true,false,false,58,15,15,true,3,,,,,,false,OBTAINABLE
PLAYABLE_CANDIDATE,332,341,18701,Penguin Knight,WATER,ATTACK,BASE,true,false,false,86,10,10,true,2,,,,,,false,OBTAINABLE
PLAYABLE_CANDIDATE,333,342,18711,Toma,WATER,ATTACK,AWAKENED,true,false,false,86,10,10,true,3,,,,,,false,OBTAINABLE
PLAYABLE_CANDIDATE,334,343,11301,Serpent,WATER,HP,BASE,true,false,true,13,10,10,true,3,,,,,,false,OBTAINABLE|FUSION_FOOD
PLAYABLE_CANDIDATE,335,344,11311,Shailoq,WATER,HP,AWAKENED,true,false,true,13,10,10,true,3,,,,,,false,OBTAINABLE|FUSION_FOOD
PLAYABLE_CANDIDATE,336,345,10701,Warbear,WATER,HP,BASE,true,false,true,7,15,15,true,2,,,,,,false,OBTAINABLE|FUSION_FOOD
PLAYABLE_CANDIDATE,337,346,10711,Dagora,WATER,HP,AWAKENED,true,false,true,7,15,15,true,3,,,,,,false,OBTAINABLE|FUSION_FOOD
PLAYABLE_CANDIDATE,338,347,14001,Werewolf,WATER,HP,BASE,true,false,true,40,15,15,true,3,,,,,,false,OBTAINABLE|FUSION_FOOD
PLAYABLE_CANDIDATE,339,348,14011,Vigor,WATER,HP,AWAKENED,true,false,true,40,15,15,true,3,,,,,,false,OBTAINABLE|FUSION_FOOD
PLAYABLE_CANDIDATE,340,349,14903,Amazon,WIND,ATTACK,BASE,true,false,true,49,10,10,true,3,,,,,,false,OBTAINABLE|FUSION_FOOD
PLAYABLE_CANDIDATE,341,350,14913,Hina,WIND,ATTACK,AWAKENED,true,false,true,49,10,10,true,3,,,,,,false,OBTAINABLE|FUSION_FOOD
PLAYABLE_CANDIDATE,342,351,19003,Battle Mammoth,WIND,DEFENSE,BASE,true,false,false,89,10,10,true,3,,,,,,false,OBTAINABLE
PLAYABLE_CANDIDATE,343,352,19013,Olivine,WIND,DEFENSE,AWAKENED,true,false,false,89,10,10,true,3,,,,,,false,OBTAINABLE
PLAYABLE_CANDIDATE,344,353,13703,Bearman,WIND,ATTACK,BASE,true,false,true,37,10,10,true,2,,,,,,false,OBTAINABLE|FUSION_FOOD
PLAYABLE_CANDIDATE,345,354,13713,Dagorr,WIND,ATTACK,AWAKENED,true,false,true,37,10,10,true,3,,,,,,false,OBTAINABLE|FUSION_FOOD
PLAYABLE_CANDIDATE,346,355,18503,Beast Hunter,WIND,ATTACK,BASE,true,false,false,84,10,10,true,3,,,,,,false,OBTAINABLE
PLAYABLE_CANDIDATE,347,356,18513,Suri,WIND,ATTACK,AWAKENED,true,false,false,84,10,10,true,3,,,,,,false,OBTAINABLE
PLAYABLE_CANDIDATE,348,357,15603,Bounty Hunter,WIND,ATTACK,BASE,true,false,true,55,10,10,true,3,,,,,,false,OBTAINABLE|FUSION_FOOD
PLAYABLE_CANDIDATE,349,358,15613,Roger,WIND,ATTACK,AWAKENED,true,false,true,55,10,10,true,3,,,,,,false,OBTAINABLE|FUSION_FOOD
PLAYABLE_CANDIDATE,350,359,19303,Cow Girl,WIND,ATTACK,BASE,true,false,false,92,10,10,true,3,,,,,,false,OBTAINABLE
PLAYABLE_CANDIDATE,351,360,19313,Hannah,WIND,ATTACK,AWAKENED,true,false,false,92,10,10,true,3,,,,,,false,OBTAINABLE
PLAYABLE_CANDIDATE,352,361,17203,Drunken Master,WIND,ATTACK,BASE,true,false,false,71,10,10,true,3,,,,,,false,OBTAINABLE
PLAYABLE_CANDIDATE,353,362,17213,Huan,WIND,ATTACK,AWAKENED,true,false,false,71,10,10,true,3,,,,,,false,OBTAINABLE
PLAYABLE_CANDIDATE,354,363,15303,Epikion Priest,WIND,SUPPORT,BASE,true,false,false,52,10,10,true,3,,,,,,false,OBTAINABLE
PLAYABLE_CANDIDATE,355,364,15313,Michelle,WIND,SUPPORT,AWAKENED,true,false,false,52,10,10,true,3,,,,,,false,OBTAINABLE
PLAYABLE_CANDIDATE,356,365,11403,Golem,WIND,DEFENSE,BASE,true,false,true,14,10,10,true,2,,,,,,false,OBTAINABLE|FUSION_FOOD
PLAYABLE_CANDIDATE,357,366,11413,Ragion,WIND,DEFENSE,AWAKENED,true,false,true,14,10,10,true,3,,,,,,false,OBTAINABLE|FUSION_FOOD
PLAYABLE_CANDIDATE,358,367,11503,Griffon,WIND,SUPPORT,BASE,true,false,true,15,15,15,true,3,,,,,,false,OBTAINABLE|FUSION_FOOD
PLAYABLE_CANDIDATE,359,368,11513,Bernard,WIND,SUPPORT,AWAKENED,true,false,false,15,15,15,true,3,,,,,,false,OBTAINABLE
PLAYABLE_CANDIDATE,360,369,16003,Grim Reaper,WIND,ATTACK,BASE,true,false,true,59,15,15,true,3,,,,,,false,OBTAINABLE|FUSION_FOOD
PLAYABLE_CANDIDATE,361,370,16013,Hiva,WIND,ATTACK,AWAKENED,true,false,true,59,15,15,true,3,,,,,,false,OBTAINABLE|FUSION_FOOD
PLAYABLE_CANDIDATE,362,371,10503,Harpy,WIND,ATTACK,BASE,true,false,true,5,10,10,true,3,,,,,,false,OBTAINABLE|FUSION_FOOD
PLAYABLE_CANDIDATE,363,372,10513,Prilea,WIND,ATTACK,AWAKENED,true,false,true,5,10,10,true,3,,,,,,false,OBTAINABLE|FUSION_FOOD
PLAYABLE_CANDIDATE,364,373,12003,High Elemental,WIND,ATTACK,BASE,true,false,true,20,15,15,true,2,,,,,,false,OBTAINABLE|FUSION_FOOD
PLAYABLE_CANDIDATE,365,374,12013,Moria,WIND,ATTACK,AWAKENED,true,false,true,20,15,15,true,3,,,,,,false,OBTAINABLE|FUSION_FOOD
PLAYABLE_CANDIDATE,366,375,15803,Imp Champion,WIND,DEFENSE,BASE,true,false,false,57,10,10,true,3,,,,,,false,OBTAINABLE
PLAYABLE_CANDIDATE,367,376,15813,Pigma,WIND,DEFENSE,AWAKENED,true,false,false,57,10,10,true,3,,,,,,false,OBTAINABLE
PLAYABLE_CANDIDATE,368,377,11703,Inferno,WIND,ATTACK,BASE,true,false,true,17,15,15,true,3,,,,,,false,OBTAINABLE|FUSION_FOOD
PLAYABLE_CANDIDATE,369,378,11713,Anduril,WIND,ATTACK,AWAKENED,true,false,true,17,15,15,true,3,,,,,,false,OBTAINABLE|FUSION_FOOD
PLAYABLE_CANDIDATE,370,379,11003,Inugami,WIND,DEFENSE,BASE,true,false,true,10,15,15,true,2,,,,,,false,OBTAINABLE|FUSION_FOOD
PLAYABLE_CANDIDATE,371,380,11013,Ramahan,WIND,DEFENSE,AWAKENED,true,false,false,10,15,15,true,3,,,,,,false,OBTAINABLE
PLAYABLE_CANDIDATE,372,381,16503,Living Armor,WIND,DEFENSE,BASE,true,false,false,64,15,15,true,3,,,,,,false,OBTAINABLE
PLAYABLE_CANDIDATE,373,382,16513,Copper,WIND,DEFENSE,AWAKENED,true,false,false,64,15,15,true,3,,,,,,false,OBTAINABLE
PLAYABLE_CANDIDATE,374,383,17803,Lizardman,WIND,DEFENSE,BASE,true,false,true,77,10,10,true,3,,,,,,false,OBTAINABLE|FUSION_FOOD
PLAYABLE_CANDIDATE,375,384,17813,Velfinodon,WIND,DEFENSE,AWAKENED,true,false,true,77,10,10,true,3,,,,,,false,OBTAINABLE|FUSION_FOOD
PLAYABLE_CANDIDATE,376,385,15403,Magical Archer,WIND,ATTACK,BASE,true,false,true,53,10,10,true,3,,,,,,false,OBTAINABLE|FUSION_FOOD
PLAYABLE_CANDIDATE,377,386,15413,Ardella,WIND,ATTACK,AWAKENED,true,false,true,53,10,10,true,3,,,,,,false,OBTAINABLE|FUSION_FOOD
PLAYABLE_CANDIDATE,378,387,15003,Martial Cat,WIND,ATTACK,BASE,true,false,false,50,15,15,true,3,,,,,,false,OBTAINABLE
PLAYABLE_CANDIDATE,379,388,15013,Naomi,WIND,ATTACK,AWAKENED,true,false,false,50,15,15,true,3,,,,,,false,OBTAINABLE
PLAYABLE_CANDIDATE,380,389,17703,Minotauros,WIND,HP,BASE,true,false,true,76,10,10,true,3,,,,,,false,OBTAINABLE|FUSION_FOOD
PLAYABLE_CANDIDATE,381,390,17713,Eintau,WIND,HP,AWAKENED,true,false,true,76,10,10,true,3,,,,,,false,OBTAINABLE|FUSION_FOOD
PLAYABLE_CANDIDATE,382,391,15903,Mystic Witch,WIND,ATTACK,BASE,true,false,false,58,15,15,true,2,,,,,,false,OBTAINABLE
PLAYABLE_CANDIDATE,383,392,15913,Silia,WIND,ATTACK,AWAKENED,true,false,false,58,15,15,true,3,,,,,,false,OBTAINABLE
PLAYABLE_CANDIDATE,384,393,18703,Penguin Knight,WIND,HP,BASE,true,false,false,86,10,10,true,2,,,,,,false,OBTAINABLE
PLAYABLE_CANDIDATE,385,394,18713,Mav,WIND,HP,AWAKENED,true,false,false,86,10,10,true,3,,,,,,false,OBTAINABLE
PLAYABLE_CANDIDATE,386,395,11303,Serpent,WIND,HP,BASE,true,false,true,13,10,10,true,3,,,,,,false,OBTAINABLE|FUSION_FOOD
PLAYABLE_CANDIDATE,387,396,11313,Ermeda,WIND,HP,AWAKENED,true,false,false,13,10,10,true,3,,,,,,false,OBTAINABLE
PLAYABLE_CANDIDATE,388,397,14003,Werewolf,WIND,DEFENSE,BASE,true,false,true,40,15,15,true,3,,,,,,false,OBTAINABLE|FUSION_FOOD
PLAYABLE_CANDIDATE,389,398,14013,Shakan,WIND,DEFENSE,AWAKENED,true,false,true,40,15,15,true,3,,,,,,false,OBTAINABLE|FUSION_FOOD
PLAYABLE_CANDIDATE,390,399,14904,Amazon,LIGHT,ATTACK,BASE,true,false,false,49,10,10,true,3,,,,,,false,OBTAINABLE
PLAYABLE_CANDIDATE,391,400,14914,Lyn,LIGHT,ATTACK,AWAKENED,true,false,false,49,10,10,true,3,,,,,,false,OBTAINABLE
PLAYABLE_CANDIDATE,392,401,19004,Battle Mammoth,LIGHT,HP,BASE,true,false,false,89,10,10,true,3,,,,,,false,OBTAINABLE
PLAYABLE_CANDIDATE,393,402,19014,Marble,LIGHT,HP,AWAKENED,true,false,false,89,10,10,true,3,,,,,,false,OBTAINABLE
PLAYABLE_CANDIDATE,394,403,13704,Bearman,LIGHT,HP,BASE,true,false,false,37,10,10,true,2,,,,,,false,OBTAINABLE
PLAYABLE_CANDIDATE,395,404,13714,Ahman,LIGHT,HP,AWAKENED,true,false,false,37,10,10,true,3,,,,,,false,OBTAINABLE
PLAYABLE_CANDIDATE,396,405,18504,Beast Hunter,LIGHT,ATTACK,BASE,true,false,false,84,10,10,true,3,,,,,,false,OBTAINABLE
PLAYABLE_CANDIDATE,397,406,18514,Baekdu,LIGHT,ATTACK,AWAKENED,true,false,false,84,10,10,true,3,,,,,,false,OBTAINABLE
PLAYABLE_CANDIDATE,398,407,15604,Bounty Hunter,LIGHT,ATTACK,BASE,true,false,false,55,10,10,true,3,,,,,,false,OBTAINABLE
PLAYABLE_CANDIDATE,399,408,15614,Walkers,LIGHT,ATTACK,AWAKENED,true,false,false,55,10,10,true,3,,,,,,false,OBTAINABLE
PLAYABLE_CANDIDATE,400,409,19304,Cow Girl,LIGHT,ATTACK,BASE,true,false,true,92,10,10,true,3,,,,,,false,OBTAINABLE|FUSION_FOOD
PLAYABLE_CANDIDATE,401,410,19314,Loren,LIGHT,ATTACK,AWAKENED,true,false,true,92,10,10,true,3,,,,,,false,OBTAINABLE|FUSION_FOOD
PLAYABLE_CANDIDATE,402,411,17204,Drunken Master,LIGHT,ATTACK,BASE,true,false,false,71,10,10,true,3,,,,,,false,OBTAINABLE
PLAYABLE_CANDIDATE,403,412,17214,Tien Qin,LIGHT,ATTACK,AWAKENED,true,false,false,71,10,10,true,3,,,,,,false,OBTAINABLE
PLAYABLE_CANDIDATE,404,413,10804,Elemental,LIGHT,ATTACK,BASE,true,false,false,8,10,10,true,3,,,,,,false,OBTAINABLE
PLAYABLE_CANDIDATE,405,414,10814,Priz,LIGHT,ATTACK,AWAKENED,true,false,false,8,10,10,true,3,,,,,,false,OBTAINABLE
PLAYABLE_CANDIDATE,406,415,10104,Fairy,LIGHT,SUPPORT,BASE,true,false,false,1,15,15,true,2,,,,,,false,OBTAINABLE
PLAYABLE_CANDIDATE,407,416,10114,Neal,LIGHT,SUPPORT,AWAKENED,true,false,false,1,15,15,true,3,,,,,,false,OBTAINABLE
PLAYABLE_CANDIDATE,408,417,19104,Fairy Queen,LIGHT,SUPPORT,BASE,true,false,false,90,2,2,true,3,,,,,,false,OBTAINABLE
PLAYABLE_CANDIDATE,409,418,19114,Fran,LIGHT,SUPPORT,AWAKENED,true,false,false,90,2,2,true,3,,,,,,false,OBTAINABLE
PLAYABLE_CANDIDATE,410,419,10904,Garuda,LIGHT,SUPPORT,BASE,true,false,false,9,10,10,true,3,,,,,,false,OBTAINABLE
PLAYABLE_CANDIDATE,411,420,10914,Teon,LIGHT,SUPPORT,AWAKENED,true,false,false,9,10,10,true,3,,,,,,false,OBTAINABLE
PLAYABLE_CANDIDATE,412,421,11404,Golem,LIGHT,DEFENSE,BASE,true,false,false,14,10,10,true,2,,,,,,false,OBTAINABLE
PLAYABLE_CANDIDATE,413,422,11414,Groggo,LIGHT,DEFENSE,AWAKENED,true,false,false,14,10,10,true,3,,,,,,false,OBTAINABLE
PLAYABLE_CANDIDATE,414,423,11504,Griffon,LIGHT,DEFENSE,BASE,true,false,false,15,15,15,true,3,,,,,,false,OBTAINABLE
PLAYABLE_CANDIDATE,415,424,11514,Shamann,LIGHT,DEFENSE,AWAKENED,true,false,false,15,15,15,true,3,,,,,,false,OBTAINABLE
PLAYABLE_CANDIDATE,416,425,16004,Grim Reaper,LIGHT,ATTACK,BASE,true,false,false,59,15,15,true,3,,,,,,false,OBTAINABLE
PLAYABLE_CANDIDATE,417,426,16014,Prom,LIGHT,ATTACK,AWAKENED,true,false,false,59,15,15,true,3,,,,,,false,OBTAINABLE
PLAYABLE_CANDIDATE,418,427,12104,Harpu,LIGHT,ATTACK,BASE,true,false,false,21,15,15,true,2,,,,,,false,OBTAINABLE
PLAYABLE_CANDIDATE,419,428,12114,Sia,LIGHT,ATTACK,AWAKENED,true,false,false,21,15,15,true,3,,,,,,false,OBTAINABLE
PLAYABLE_CANDIDATE,420,429,10504,Harpy,LIGHT,ATTACK,BASE,true,false,false,5,10,10,true,3,,,,,,false,OBTAINABLE
PLAYABLE_CANDIDATE,421,430,10514,Kabilla,LIGHT,ATTACK,AWAKENED,true,false,false,5,10,10,true,3,,,,,,false,OBTAINABLE
PLAYABLE_CANDIDATE,422,431,12004,High Elemental,LIGHT,SUPPORT,BASE,true,false,false,20,15,15,true,2,,,,,,false,OBTAINABLE
PLAYABLE_CANDIDATE,423,432,12014,Shren,LIGHT,SUPPORT,AWAKENED,true,false,false,20,15,15,true,3,,,,,,false,OBTAINABLE
PLAYABLE_CANDIDATE,424,433,15804,Imp Champion,LIGHT,DEFENSE,BASE,true,false,false,57,10,10,true,3,,,,,,false,OBTAINABLE
PLAYABLE_CANDIDATE,425,434,15814,Shaffron,LIGHT,DEFENSE,AWAKENED,true,false,false,57,10,10,true,3,,,,,,false,OBTAINABLE
PLAYABLE_CANDIDATE,426,435,11704,Inferno,LIGHT,ATTACK,BASE,true,false,false,17,15,15,true,3,,,,,,false,OBTAINABLE
PLAYABLE_CANDIDATE,427,436,11714,Eludain,LIGHT,ATTACK,AWAKENED,true,false,false,17,15,15,true,3,,,,,,false,OBTAINABLE
PLAYABLE_CANDIDATE,428,437,11004,Inugami,LIGHT,DEFENSE,BASE,true,false,false,10,15,15,true,3,,,,,,false,OBTAINABLE
PLAYABLE_CANDIDATE,429,438,11014,Belladeon,LIGHT,DEFENSE,AWAKENED,true,false,false,10,15,15,true,3,,,,,,false,OBTAINABLE
PLAYABLE_CANDIDATE,430,439,16504,Living Armor,LIGHT,DEFENSE,BASE,true,false,false,64,15,15,true,3,,,,,,false,OBTAINABLE
PLAYABLE_CANDIDATE,431,440,16514,Silver,LIGHT,DEFENSE,AWAKENED,true,false,false,64,15,15,true,3,,,,,,false,OBTAINABLE
PLAYABLE_CANDIDATE,432,441,17804,Lizardman,LIGHT,DEFENSE,BASE,true,false,false,77,10,10,true,3,,,,,,false,OBTAINABLE
PLAYABLE_CANDIDATE,433,442,17814,Glinodon,LIGHT,DEFENSE,AWAKENED,true,false,false,77,10,10,true,3,,,,,,false,OBTAINABLE
PLAYABLE_CANDIDATE,434,443,15004,Martial Cat,LIGHT,HP,BASE,true,false,false,50,15,15,true,3,,,,,,false,OBTAINABLE
PLAYABLE_CANDIDATE,435,444,15014,Xiao Ling,LIGHT,HP,AWAKENED,true,false,false,50,15,15,true,3,,,,,,false,OBTAINABLE
PLAYABLE_CANDIDATE,436,445,17704,Minotauros,LIGHT,HP,BASE,true,false,false,76,10,10,true,3,,,,,,false,OBTAINABLE
PLAYABLE_CANDIDATE,437,446,17714,Grotau,LIGHT,HP,AWAKENED,true,false,false,76,10,10,true,3,,,,,,false,OBTAINABLE
PLAYABLE_CANDIDATE,438,447,15904,Mystic Witch,LIGHT,ATTACK,BASE,true,false,false,58,15,15,true,3,,,,,,false,OBTAINABLE
PLAYABLE_CANDIDATE,439,448,15914,Linda,LIGHT,ATTACK,AWAKENED,true,false,false,58,15,15,true,3,,,,,,false,OBTAINABLE
PLAYABLE_CANDIDATE,440,449,18704,Penguin Knight,LIGHT,SUPPORT,BASE,true,false,false,86,10,10,true,2,,,,,,false,OBTAINABLE
PLAYABLE_CANDIDATE,441,450,18714,Dona,LIGHT,SUPPORT,AWAKENED,true,false,false,86,10,10,true,3,,,,,,false,OBTAINABLE
PLAYABLE_CANDIDATE,442,451,11304,Serpent,LIGHT,HP,BASE,true,false,false,13,10,10,true,3,,,,,,false,OBTAINABLE
PLAYABLE_CANDIDATE,443,452,11314,Elpuria,LIGHT,HP,AWAKENED,true,false,false,13,10,10,true,3,,,,,,false,OBTAINABLE
PLAYABLE_CANDIDATE,444,453,15204,Vagabond,LIGHT,DEFENSE,BASE,true,false,false,51,15,15,true,3,,,,,,false,OBTAINABLE
PLAYABLE_CANDIDATE,445,454,15214,Darion,LIGHT,DEFENSE,AWAKENED,true,false,false,51,15,15,true,3,,,,,,false,OBTAINABLE
PLAYABLE_CANDIDATE,446,455,10704,Warbear,LIGHT,HP,BASE,true,false,false,7,15,15,true,2,,,,,,false,OBTAINABLE
PLAYABLE_CANDIDATE,447,456,10714,Lusha,LIGHT,HP,AWAKENED,true,false,false,7,15,15,true,3,,,,,,false,OBTAINABLE
PLAYABLE_CANDIDATE,448,457,14004,Werewolf,LIGHT,HP,BASE,true,false,false,40,15,15,true,3,,,,,,false,OBTAINABLE
PLAYABLE_CANDIDATE,449,458,14014,Eshir,LIGHT,HP,AWAKENED,true,false,false,40,15,15,true,3,,,,,,false,OBTAINABLE
PLAYABLE_CANDIDATE,450,459,14905,Amazon,DARK,ATTACK,BASE,true,false,false,49,10,10,true,3,,,,,,false,OBTAINABLE
PLAYABLE_CANDIDATE,451,460,14915,Mara,DARK,ATTACK,AWAKENED,true,false,false,49,10,10,true,3,,,,,,false,OBTAINABLE
PLAYABLE_CANDIDATE,452,461,19005,Battle Mammoth,DARK,DEFENSE,BASE,true,false,false,89,10,10,true,3,,,,,,false,OBTAINABLE
PLAYABLE_CANDIDATE,453,462,19015,Basalt,DARK,DEFENSE,AWAKENED,true,false,false,89,10,10,true,3,,,,,,false,OBTAINABLE
PLAYABLE_CANDIDATE,454,463,13705,Bearman,DARK,HP,BASE,true,false,false,37,10,10,true,2,,,,,,false,OBTAINABLE
PLAYABLE_CANDIDATE,455,464,13715,Haken,DARK,HP,AWAKENED,true,false,false,37,10,10,true,3,,,,,,false,OBTAINABLE
PLAYABLE_CANDIDATE,456,465,18505,Beast Hunter,DARK,ATTACK,BASE,true,false,false,84,10,10,true,3,,,,,,false,OBTAINABLE
PLAYABLE_CANDIDATE,457,466,18515,Hanra,DARK,ATTACK,AWAKENED,true,false,false,84,10,10,true,3,,,,,,false,OBTAINABLE
PLAYABLE_CANDIDATE,458,467,15605,Bounty Hunter,DARK,ATTACK,BASE,true,false,false,55,10,10,true,3,,,,,,false,OBTAINABLE
PLAYABLE_CANDIDATE,459,468,15615,Jamie,DARK,ATTACK,AWAKENED,true,false,false,55,10,10,true,3,,,,,,false,OBTAINABLE
PLAYABLE_CANDIDATE,460,469,19305,Cow Girl,DARK,ATTACK,BASE,true,false,false,92,10,10,true,3,,,,,,false,OBTAINABLE
PLAYABLE_CANDIDATE,461,470,19315,Cassie,DARK,ATTACK,AWAKENED,true,false,false,92,10,10,true,3,,,,,,false,OBTAINABLE
PLAYABLE_CANDIDATE,462,471,17205,Drunken Master,DARK,ATTACK,BASE,true,false,false,71,10,10,true,3,,,,,,false,OBTAINABLE
PLAYABLE_CANDIDATE,463,472,17215,Wei Shin,DARK,ATTACK,AWAKENED,true,false,false,71,10,10,true,3,,,,,,false,OBTAINABLE
PLAYABLE_CANDIDATE,464,473,10805,Elemental,DARK,ATTACK,BASE,true,false,false,8,10,10,true,3,,,,,,false,OBTAINABLE
PLAYABLE_CANDIDATE,465,474,10815,Camules,DARK,ATTACK,AWAKENED,true,false,false,8,10,10,true,3,,,,,,false,OBTAINABLE
PLAYABLE_CANDIDATE,466,475,15305,Epikion Priest,DARK,HP,BASE,true,false,false,52,10,10,true,3,,,,,,false,OBTAINABLE
PLAYABLE_CANDIDATE,467,476,15315,Rasheed,DARK,HP,AWAKENED,true,false,false,52,10,10,true,3,,,,,,false,OBTAINABLE
PLAYABLE_CANDIDATE,468,477,11405,Golem,DARK,DEFENSE,BASE,true,false,false,14,10,10,true,3,,,,,,false,OBTAINABLE
PLAYABLE_CANDIDATE,469,478,11415,Maggi,DARK,DEFENSE,AWAKENED,true,false,false,14,10,10,true,3,,,,,,false,OBTAINABLE
PLAYABLE_CANDIDATE,470,479,11505,Griffon,DARK,DEFENSE,BASE,true,false,false,15,15,15,true,3,,,,,,false,OBTAINABLE
PLAYABLE_CANDIDATE,471,480,11515,Varus,DARK,DEFENSE,AWAKENED,true,false,false,15,15,15,true,3,,,,,,false,OBTAINABLE
PLAYABLE_CANDIDATE,472,481,16005,Grim Reaper,DARK,ATTACK,BASE,true,false,false,59,15,15,true,3,,,,,,false,OBTAINABLE
PLAYABLE_CANDIDATE,473,482,16015,Thrain,DARK,ATTACK,AWAKENED,true,false,false,59,15,15,true,3,,,,,,false,OBTAINABLE
PLAYABLE_CANDIDATE,474,483,12105,Harpu,DARK,ATTACK,BASE,true,false,false,21,15,15,true,3,,,,,,false,OBTAINABLE
PLAYABLE_CANDIDATE,475,484,12115,Seren,DARK,ATTACK,AWAKENED,true,false,false,21,15,15,true,3,,,,,,false,OBTAINABLE
PLAYABLE_CANDIDATE,476,485,10505,Harpy,DARK,ATTACK,BASE,true,false,false,5,10,10,true,2,,,,,,false,OBTAINABLE
PLAYABLE_CANDIDATE,477,486,10515,Hellea,DARK,ATTACK,AWAKENED,true,false,false,5,10,10,true,3,,,,,,false,OBTAINABLE
PLAYABLE_CANDIDATE,478,487,10605,Hellhound,DARK,ATTACK,BASE,true,false,false,6,15,15,true,3,,,,,,false,OBTAINABLE
PLAYABLE_CANDIDATE,479,488,10615,Shumar,DARK,ATTACK,AWAKENED,true,false,false,6,15,15,true,3,,,,,,false,OBTAINABLE
PLAYABLE_CANDIDATE,480,489,12005,High Elemental,DARK,ATTACK,BASE,true,false,false,20,15,15,true,2,,,,,,false,OBTAINABLE
PLAYABLE_CANDIDATE,481,490,12015,Jumaline,DARK,ATTACK,AWAKENED,true,false,false,20,15,15,true,3,,,,,,false,OBTAINABLE
PLAYABLE_CANDIDATE,482,491,15805,Imp Champion,DARK,ATTACK,BASE,true,false,false,57,10,10,true,3,,,,,,false,OBTAINABLE
PLAYABLE_CANDIDATE,483,492,15815,Loque,DARK,ATTACK,AWAKENED,true,false,false,57,10,10,true,3,,,,,,false,OBTAINABLE
PLAYABLE_CANDIDATE,484,493,11705,Inferno,DARK,ATTACK,BASE,true,false,false,17,15,15,true,2,,,,,,false,OBTAINABLE
PLAYABLE_CANDIDATE,485,494,11715,Drogan,DARK,ATTACK,AWAKENED,true,false,false,17,15,15,true,3,,,,,,false,OBTAINABLE
PLAYABLE_CANDIDATE,486,495,11005,Inugami,DARK,ATTACK,BASE,true,false,false,10,15,15,true,3,,,,,,false,OBTAINABLE
PLAYABLE_CANDIDATE,487,496,11015,Kro,DARK,ATTACK,AWAKENED,true,false,false,10,15,15,true,3,,,,,,false,OBTAINABLE
PLAYABLE_CANDIDATE,488,497,16505,Living Armor,DARK,DEFENSE,BASE,true,false,false,64,15,15,true,3,,,,,,false,OBTAINABLE
PLAYABLE_CANDIDATE,489,498,16515,Zinc,DARK,DEFENSE,AWAKENED,true,false,false,64,15,15,true,3,,,,,,false,OBTAINABLE
PLAYABLE_CANDIDATE,490,499,17805,Lizardman,DARK,DEFENSE,BASE,true,false,false,77,10,10,true,3,,,,,,false,OBTAINABLE
PLAYABLE_CANDIDATE,491,500,17815,Devinodon,DARK,DEFENSE,AWAKENED,true,false,false,77,10,10,true,3,,,,,,false,OBTAINABLE
PLAYABLE_CANDIDATE,492,501,15005,Martial Cat,DARK,ATTACK,BASE,true,false,false,50,15,15,true,3,,,,,,false,OBTAINABLE
PLAYABLE_CANDIDATE,493,502,15015,Miho,DARK,ATTACK,AWAKENED,true,false,false,50,15,15,true,3,,,,,,false,OBTAINABLE
PLAYABLE_CANDIDATE,494,503,17705,Minotauros,DARK,HP,BASE,true,false,false,76,10,10,true,3,,,,,,false,OBTAINABLE
PLAYABLE_CANDIDATE,495,504,17715,Kamatau,DARK,HP,AWAKENED,true,false,false,76,10,10,true,3,,,,,,false,OBTAINABLE
PLAYABLE_CANDIDATE,496,505,15905,Mystic Witch,DARK,ATTACK,BASE,true,false,false,58,15,15,true,2,,,,,,false,OBTAINABLE
PLAYABLE_CANDIDATE,497,506,15915,Gina,DARK,ATTACK,AWAKENED,true,false,false,58,15,15,true,3,,,,,,false,OBTAINABLE
PLAYABLE_CANDIDATE,498,507,18705,Penguin Knight,DARK,HP,BASE,true,false,false,86,10,10,true,2,,,,,,false,OBTAINABLE
PLAYABLE_CANDIDATE,499,508,18803,Barbaric King,WIND,ATTACK,BASE,true,false,false,87,10,10,true,3,,,,,,false,OBTAINABLE
PLAYABLE_CANDIDATE,500,509,11305,Serpent,DARK,HP,BASE,true,false,false,13,10,10,true,2,,,,,,false,OBTAINABLE
PLAYABLE_CANDIDATE,501,510,11315,Mantura,DARK,HP,AWAKENED,true,false,false,13,10,10,true,3,,,,,,false,OBTAINABLE
PLAYABLE_CANDIDATE,502,511,18405,Taoist,DARK,HP,BASE,true,false,false,83,10,10,true,3,,,,,,false,OBTAINABLE
PLAYABLE_CANDIDATE,503,512,18415,Woonhak,DARK,HP,AWAKENED,true,false,false,83,10,10,true,3,,,,,,false,OBTAINABLE
PLAYABLE_CANDIDATE,504,513,15205,Vagabond,DARK,DEFENSE,BASE,true,false,false,51,15,15,true,3,,,,,,false,OBTAINABLE
PLAYABLE_CANDIDATE,505,514,15215,Jubelle,DARK,DEFENSE,AWAKENED,true,false,false,51,15,15,true,3,,,,,,false,OBTAINABLE
PLAYABLE_CANDIDATE,506,515,14805,Viking,DARK,HP,BASE,true,false,false,48,10,10,true,2,,,,,,false,OBTAINABLE
PLAYABLE_CANDIDATE,507,516,14815,Janssen,DARK,HP,AWAKENED,true,false,false,48,10,10,true,3,,,,,,false,OBTAINABLE
PLAYABLE_CANDIDATE,508,517,14005,Werewolf,DARK,HP,BASE,true,false,false,40,15,15,true,3,,,,,,false,OBTAINABLE
PLAYABLE_CANDIDATE,509,518,14015,Jultan,DARK,HP,AWAKENED,true,false,false,40,15,15,true,3,,,,,,false,OBTAINABLE
PLAYABLE_CANDIDATE,510,519,10405,Yeti,DARK,HP,BASE,true,false,true,4,10,10,true,2,,,,,,false,OBTAINABLE|FUSION_FOOD
PLAYABLE_CANDIDATE,511,520,18813,Hraesvelg,WIND,ATTACK,AWAKENED,true,false,false,87,10,10,true,3,,,,,,false,OBTAINABLE
PLAYABLE_CANDIDATE,512,521,18003,Brownie Magician,WIND,ATTACK,BASE,true,false,false,79,10,10,true,3,,,,,,false,OBTAINABLE
PLAYABLE_CANDIDATE,513,522,18013,Aquila,WIND,ATTACK,AWAKENED,true,false,false,79,10,10,true,3,,,,,,false,OBTAINABLE
PLAYABLE_CANDIDATE,514,523,16203,Death Knight,WIND,HP,BASE,true,false,false,61,10,10,true,3,,,,,,false,OBTAINABLE
PLAYABLE_CANDIDATE,515,524,16213,Briand,WIND,HP,AWAKENED,true,false,false,61,10,10,true,3,,,,,,false,OBTAINABLE
PLAYABLE_CANDIDATE,516,525,13403,Joker,WIND,ATTACK,BASE,true,false,false,34,11,10,true,2,,,,,,false,OBTAINABLE
PLAYABLE_CANDIDATE,517,526,13413,Lushen,WIND,ATTACK,AWAKENED,true,false,false,34,11,10,true,3,,,,,,false,OBTAINABLE
PLAYABLE_CANDIDATE,518,527,18103,Kobold Bomber,WIND,ATTACK,BASE,true,false,false,80,10,10,true,2,,,,,,false,OBTAINABLE
PLAYABLE_CANDIDATE,519,528,18113,Taurus,WIND,ATTACK,AWAKENED,true,false,false,80,10,10,true,3,,,,,,false,OBTAINABLE
PLAYABLE_CANDIDATE,520,529,17303,Kung Fu Girl,WIND,ATTACK,BASE,true,false,true,72,11,10,true,2,,,,,,false,OBTAINABLE|FUSION_FOOD
PLAYABLE_CANDIDATE,521,530,17313,Ling Ling,WIND,ATTACK,AWAKENED,true,false,true,72,11,10,true,3,,,,,,false,OBTAINABLE|FUSION_FOOD
PLAYABLE_CANDIDATE,522,531,16303,Lich,WIND,HP,BASE,true,false,false,62,10,10,true,3,,,,,,false,OBTAINABLE
PLAYABLE_CANDIDATE,523,532,16313,Fuco,WIND,HP,AWAKENED,true,false,false,62,10,10,true,3,,,,,,false,OBTAINABLE
PLAYABLE_CANDIDATE,524,533,11203,Nine-tailed Fox,WIND,ATTACK,BASE,true,false,true,12,11,10,true,3,,,,,,false,OBTAINABLE|FUSION_FOOD
PLAYABLE_CANDIDATE,525,534,11213,Arang,WIND,ATTACK,AWAKENED,true,false,true,12,11,10,true,3,,,,,,false,OBTAINABLE|FUSION_FOOD
PLAYABLE_CANDIDATE,526,535,13503,Ninja,WIND,HP,BASE,true,false,false,35,11,10,true,3,,,,,,false,OBTAINABLE
PLAYABLE_CANDIDATE,527,536,13513,Orochi,WIND,HP,AWAKENED,true,false,false,35,11,10,true,3,,,,,,false,OBTAINABLE
PLAYABLE_CANDIDATE,528,537,14103,Phantom Thief,WIND,ATTACK,BASE,true,false,false,41,10,10,true,3,,,,,,false,OBTAINABLE
PLAYABLE_CANDIDATE,529,538,14113,Julien,WIND,ATTACK,AWAKENED,true,false,false,41,10,10,true,3,,,,,,false,OBTAINABLE
PLAYABLE_CANDIDATE,530,539,13903,Pierrette,WIND,ATTACK,BASE,true,false,false,39,10,10,true,3,,,,,,false,OBTAINABLE
PLAYABLE_CANDIDATE,531,540,13913,Sophia,WIND,ATTACK,AWAKENED,true,false,false,39,10,10,true,3,,,,,,false,OBTAINABLE
PLAYABLE_CANDIDATE,532,541,15503,Rakshasa,WIND,ATTACK,BASE,true,false,false,54,10,10,true,3,,,,,,false,OBTAINABLE
PLAYABLE_CANDIDATE,533,542,15513,Yen,WIND,ATTACK,AWAKENED,true,false,false,54,10,10,true,3,,,,,,false,OBTAINABLE
PLAYABLE_CANDIDATE,534,543,16903,Samurai,WIND,ATTACK,BASE,true,false,false,68,11,10,true,4,,,,,,false,OBTAINABLE
PLAYABLE_CANDIDATE,535,544,16913,Kaito,WIND,ATTACK,AWAKENED,true,false,false,68,11,10,true,4,,,,,,false,OBTAINABLE
PLAYABLE_CANDIDATE,536,545,18303,Sky Dancer,WIND,SUPPORT,BASE,true,false,false,82,10,10,true,3,,,,,,false,OBTAINABLE
PLAYABLE_CANDIDATE,537,546,18313,Chasun,WIND,SUPPORT,AWAKENED,true,false,false,82,10,10,true,3,,,,,,false,OBTAINABLE
PLAYABLE_CANDIDATE,538,547,13303,Succubus,WIND,ATTACK,BASE,true,false,false,33,11,10,true,3,,,,,,false,OBTAINABLE
PLAYABLE_CANDIDATE,539,548,11803,Sylph,WIND,ATTACK,BASE,true,false,false,18,11,10,true,3,,,,,,false,OBTAINABLE
PLAYABLE_CANDIDATE,540,549,11813,Shimitae,WIND,ATTACK,AWAKENED,true,false,false,18,11,10,true,3,,,,,,false,OBTAINABLE
PLAYABLE_CANDIDATE,541,550,11903,Sylphid,WIND,SUPPORT,BASE,true,false,false,19,10,10,true,3,,,,,,false,OBTAINABLE
PLAYABLE_CANDIDATE,542,551,11913,Acasis,WIND,SUPPORT,AWAKENED,true,false,false,19,10,10,true,3,,,,,,false,OBTAINABLE
PLAYABLE_CANDIDATE,543,552,18403,Taoist,WIND,DEFENSE,BASE,true,false,false,83,10,10,true,3,,,,,,false,OBTAINABLE
PLAYABLE_CANDIDATE,544,553,18413,Woochi,WIND,DEFENSE,AWAKENED,true,false,false,83,10,10,true,3,,,,,,false,OBTAINABLE
PLAYABLE_CANDIDATE,545,554,11603,Undine,WIND,SUPPORT,BASE,true,false,false,16,11,10,true,3,,,,,,false,OBTAINABLE
PLAYABLE_CANDIDATE,546,555,11613,Delphoi,WIND,SUPPORT,AWAKENED,true,false,false,16,11,10,true,3,,,,,,false,OBTAINABLE
PLAYABLE_CANDIDATE,547,556,14703,Vampire,WIND,ATTACK,BASE,true,false,true,47,12,10,true,2,,,,,,false,OBTAINABLE|FUSION_FOOD
PLAYABLE_CANDIDATE,548,557,14713,Argen,WIND,ATTACK,AWAKENED,true,false,true,47,12,10,true,3,,,,,,false,OBTAINABLE|FUSION_FOOD
PLAYABLE_CANDIDATE,549,558,17003,Archangel,WIND,SUPPORT,BASE,true,false,false,69,10,10,true,3,,,,,,false,OBTAINABLE
PLAYABLE_CANDIDATE,550,559,17013,Eladriel,WIND,SUPPORT,AWAKENED,true,false,false,69,10,10,true,3,,,,,,false,OBTAINABLE
PLAYABLE_CANDIDATE,551,560,17403,Beast Monk,WIND,HP,BASE,true,false,false,73,10,10,true,3,,,,,,false,OBTAINABLE
PLAYABLE_CANDIDATE,552,561,17413,Ritesh,WIND,HP,AWAKENED,true,false,false,73,10,10,true,3,,,,,,false,OBTAINABLE
PLAYABLE_CANDIDATE,553,562,14603,Chimera,WIND,ATTACK,BASE,true,false,false,46,10,10,true,3,,,,,,false,OBTAINABLE
PLAYABLE_CANDIDATE,554,563,14613,Lagmaron,WIND,ATTACK,AWAKENED,true,false,false,46,10,10,true,3,,,,,,false,OBTAINABLE
PLAYABLE_CANDIDATE,555,564,14403,Dragon,WIND,SUPPORT,BASE,true,false,false,44,10,10,true,3,,,,,,false,OBTAINABLE
PLAYABLE_CANDIDATE,556,565,14413,Jamire,WIND,SUPPORT,AWAKENED,true,false,false,44,10,10,true,3,,,,,,false,OBTAINABLE
PLAYABLE_CANDIDATE,557,566,16603,Dragon Knight,WIND,SUPPORT,BASE,true,false,false,65,10,10,true,3,,,,,,false,OBTAINABLE
PLAYABLE_CANDIDATE,558,567,16613,Leo,WIND,SUPPORT,AWAKENED,true,false,false,65,10,10,true,3,,,,,,false,OBTAINABLE
PLAYABLE_CANDIDATE,559,568,17903,Hell Lady,WIND,ATTACK,BASE,true,false,false,78,10,10,true,3,,,,,,false,OBTAINABLE
PLAYABLE_CANDIDATE,560,569,17913,Ethna,WIND,ATTACK,AWAKENED,true,false,false,78,10,10,true,3,,,,,,false,OBTAINABLE
PLAYABLE_CANDIDATE,561,570,19203,Ifrit,WIND,ATTACK,BASE,true,false,false,91,10,10,true,3,,,,,,false,OBTAINABLE
PLAYABLE_CANDIDATE,562,571,19213,Akhamamir,WIND,ATTACK,AWAKENED,true,false,false,91,10,10,true,3,,,,,,false,OBTAINABLE
PLAYABLE_CANDIDATE,563,572,16803,Monkey King,WIND,HP,BASE,true,false,false,67,10,10,true,3,,,,,,false,OBTAINABLE
PLAYABLE_CANDIDATE,564,573,16813,Xing Zhe,WIND,HP,AWAKENED,true,false,false,67,10,10,true,3,,,,,,false,OBTAINABLE
PLAYABLE_CANDIDATE,565,574,16103,Occult Girl,WIND,ATTACK,BASE,true,false,false,60,10,10,true,3,,,,,,false,OBTAINABLE
PLAYABLE_CANDIDATE,566,575,16113,Charlotte,WIND,ATTACK,AWAKENED,true,false,false,60,10,10,true,3,,,,,,false,OBTAINABLE
PLAYABLE_CANDIDATE,567,576,15703,Oracle,WIND,ATTACK,BASE,true,false,false,56,10,10,true,3,,,,,,false,OBTAINABLE
PLAYABLE_CANDIDATE,568,577,15713,Seara,WIND,ATTACK,AWAKENED,true,false,false,56,10,10,true,3,,,,,,false,OBTAINABLE
PLAYABLE_CANDIDATE,569,578,14503,Phoenix,WIND,ATTACK,BASE,true,false,false,45,10,10,true,3,,,,,,false,OBTAINABLE
PLAYABLE_CANDIDATE,570,579,14513,Teshar,WIND,ATTACK,AWAKENED,true,false,false,45,10,10,true,3,,,,,,false,OBTAINABLE
PLAYABLE_CANDIDATE,571,580,18603,Sage,WIND,HP,BASE,true,false,false,85,10,10,true,3,,,,,,false,OBTAINABLE
PLAYABLE_CANDIDATE,572,581,18613,Pungbaek,WIND,HP,AWAKENED,true,false,false,85,10,10,true,3,,,,,,false,OBTAINABLE
PLAYABLE_CANDIDATE,573,582,18903,Polar Queen,WIND,SUPPORT,BASE,true,false,false,88,10,10,true,3,,,,,,false,OBTAINABLE
PLAYABLE_CANDIDATE,574,583,18913,Tiana,WIND,SUPPORT,AWAKENED,true,false,false,88,10,10,true,3,,,,,,false,OBTAINABLE
PLAYABLE_CANDIDATE,575,584,13803,Valkyrja,WIND,ATTACK,BASE,true,false,false,38,10,10,true,3,,,,,,false,OBTAINABLE
PLAYABLE_CANDIDATE,576,585,13813,Katarina,WIND,ATTACK,AWAKENED,true,false,false,38,10,10,true,3,,,,,,false,OBTAINABLE
PLAYABLE_CANDIDATE,577,586,18801,Barbaric King,WATER,ATTACK,BASE,true,false,false,87,10,10,true,3,,,,,,false,OBTAINABLE
PLAYABLE_CANDIDATE,578,587,18811,Aegir,WATER,ATTACK,AWAKENED,true,false,false,87,10,10,true,3,,,,,,false,OBTAINABLE
PLAYABLE_CANDIDATE,579,588,18001,Brownie Magician,WATER,SUPPORT,BASE,true,false,false,79,10,10,true,3,,,,,,false,OBTAINABLE
PLAYABLE_CANDIDATE,580,589,18011,Orion,WATER,SUPPORT,AWAKENED,true,false,false,79,10,10,true,3,,,,,,false,OBTAINABLE
PLAYABLE_CANDIDATE,581,590,16201,Death Knight,WATER,SUPPORT,BASE,true,false,false,61,10,10,true,3,,,,,,false,OBTAINABLE
PLAYABLE_CANDIDATE,582,591,16211,Fedora,WATER,SUPPORT,AWAKENED,true,false,false,61,10,10,true,3,,,,,,false,OBTAINABLE
PLAYABLE_CANDIDATE,583,592,13401,Joker,WATER,ATTACK,BASE,true,false,false,34,11,10,true,2,,,,,,false,OBTAINABLE
PLAYABLE_CANDIDATE,584,593,13411,Sian,WATER,ATTACK,AWAKENED,true,false,false,34,11,10,true,3,,,,,,false,OBTAINABLE
PLAYABLE_CANDIDATE,585,594,18101,Kobold Bomber,WATER,ATTACK,BASE,true,false,false,80,10,10,true,2,,,,,,false,OBTAINABLE
PLAYABLE_CANDIDATE,586,595,18111,Malaka,WATER,ATTACK,AWAKENED,true,false,false,80,10,10,true,3,,,,,,false,OBTAINABLE
PLAYABLE_CANDIDATE,587,596,17301,Kung Fu Girl,WATER,ATTACK,BASE,true,false,false,72,11,10,true,2,,,,,,false,OBTAINABLE
PLAYABLE_CANDIDATE,588,597,17311,Xiao Lin,WATER,ATTACK,AWAKENED,true,false,false,72,11,10,true,3,,,,,,false,OBTAINABLE
PLAYABLE_CANDIDATE,589,598,16301,Lich,WATER,SUPPORT,BASE,true,false,false,62,10,10,true,3,,,,,,false,OBTAINABLE
PLAYABLE_CANDIDATE,590,599,16311,Rigel,WATER,SUPPORT,AWAKENED,true,false,false,62,10,10,true,3,,,,,,false,OBTAINABLE
PLAYABLE_CANDIDATE,591,600,11201,Nine-tailed Fox,WATER,ATTACK,BASE,true,false,false,12,11,10,true,3,,,,,,false,OBTAINABLE
PLAYABLE_CANDIDATE,592,601,11211,Soha,WATER,ATTACK,AWAKENED,true,false,false,12,11,10,true,3,,,,,,false,OBTAINABLE
PLAYABLE_CANDIDATE,593,602,13501,Ninja,WATER,ATTACK,BASE,true,false,true,35,11,10,true,3,,,,,,false,OBTAINABLE|FUSION_FOOD
PLAYABLE_CANDIDATE,594,603,13511,Susano,WATER,ATTACK,AWAKENED,true,false,true,35,11,10,true,3,,,,,,false,OBTAINABLE|FUSION_FOOD
PLAYABLE_CANDIDATE,595,604,14101,Phantom Thief,WATER,SUPPORT,BASE,true,false,false,41,10,10,true,3,,,,,,false,OBTAINABLE
PLAYABLE_CANDIDATE,596,605,14111,Luer,WATER,SUPPORT,AWAKENED,true,false,false,41,10,10,true,3,,,,,,false,OBTAINABLE
PLAYABLE_CANDIDATE,597,606,13901,Pierrette,WATER,ATTACK,BASE,true,false,false,39,10,10,true,3,,,,,,false,OBTAINABLE
PLAYABLE_CANDIDATE,598,607,13911,Julie,WATER,ATTACK,AWAKENED,true,false,false,39,10,10,true,3,,,,,,false,OBTAINABLE
PLAYABLE_CANDIDATE,599,608,15501,Rakshasa,WATER,ATTACK,BASE,true,false,false,54,10,10,true,3,,,,,,false,OBTAINABLE
PLAYABLE_CANDIDATE,600,609,15511,Su,WATER,ATTACK,AWAKENED,true,false,false,54,10,10,true,3,,,,,,false,OBTAINABLE
PLAYABLE_CANDIDATE,601,610,16901,Samurai,WATER,ATTACK,BASE,true,false,true,68,11,10,true,4,,,,,,false,OBTAINABLE|FUSION_FOOD
PLAYABLE_CANDIDATE,602,611,16911,Kaz,WATER,ATTACK,AWAKENED,true,false,true,68,11,10,true,4,,,,,,false,OBTAINABLE|FUSION_FOOD
PLAYABLE_CANDIDATE,603,612,18301,Sky Dancer,WATER,SUPPORT,BASE,true,false,false,82,10,10,true,3,,,,,,false,OBTAINABLE
PLAYABLE_CANDIDATE,604,613,18311,Mihyang,WATER,SUPPORT,AWAKENED,true,false,false,82,10,10,true,3,,,,,,false,OBTAINABLE
PLAYABLE_CANDIDATE,605,614,13301,Succubus,WATER,ATTACK,BASE,true,false,false,33,11,10,true,3,,,,,,false,OBTAINABLE
PLAYABLE_CANDIDATE,606,615,13311,Izaria,WATER,ATTACK,AWAKENED,true,false,false,33,11,10,true,3,,,,,,false,OBTAINABLE
PLAYABLE_CANDIDATE,607,616,11801,Sylph,WATER,ATTACK,BASE,true,false,false,18,11,10,true,3,,,,,,false,OBTAINABLE
PLAYABLE_CANDIDATE,608,617,11811,Tyron,WATER,ATTACK,AWAKENED,true,false,false,18,11,10,true,3,,,,,,false,OBTAINABLE
PLAYABLE_CANDIDATE,609,618,11901,Sylphid,WATER,SUPPORT,BASE,true,false,false,19,10,10,true,3,,,,,,false,OBTAINABLE
PLAYABLE_CANDIDATE,610,619,11911,Lumirecia,WATER,SUPPORT,AWAKENED,true,false,false,19,10,10,true,3,,,,,,false,OBTAINABLE
PLAYABLE_CANDIDATE,611,620,18401,Taoist,WATER,ATTACK,BASE,true,false,false,83,10,10,true,3,,,,,,false,OBTAINABLE
PLAYABLE_CANDIDATE,612,621,18411,Gildong,WATER,ATTACK,AWAKENED,true,false,false,83,10,10,true,3,,,,,,false,OBTAINABLE
PLAYABLE_CANDIDATE,613,622,11601,Undine,WATER,SUPPORT,BASE,true,false,true,16,11,10,true,3,,,,,,false,OBTAINABLE|FUSION_FOOD
PLAYABLE_CANDIDATE,614,623,11611,Mikene,WATER,SUPPORT,AWAKENED,true,false,true,16,11,10,true,3,,,,,,false,OBTAINABLE|FUSION_FOOD
PLAYABLE_CANDIDATE,615,624,14701,Vampire,WATER,HP,BASE,true,false,false,47,12,10,true,2,,,,,,false,OBTAINABLE
PLAYABLE_CANDIDATE,616,625,14711,Liesel,WATER,HP,AWAKENED,true,false,false,47,12,10,true,3,,,,,,false,OBTAINABLE
PLAYABLE_CANDIDATE,617,626,17001,Archangel,WATER,SUPPORT,BASE,true,false,false,69,10,10,true,3,,,,,,false,OBTAINABLE
PLAYABLE_CANDIDATE,618,627,17011,Ariel,WATER,SUPPORT,AWAKENED,true,false,false,69,10,10,true,3,,,,,,false,OBTAINABLE
PLAYABLE_CANDIDATE,619,628,17401,Beast Monk,WATER,HP,BASE,true,false,false,73,10,10,true,3,,,,,,false,OBTAINABLE
PLAYABLE_CANDIDATE,620,629,17411,Chandra,WATER,HP,AWAKENED,true,false,false,73,10,10,true,3,,,,,,false,OBTAINABLE
PLAYABLE_CANDIDATE,621,630,14601,Chimera,WATER,ATTACK,BASE,true,false,false,46,10,10,true,3,,,,,,false,OBTAINABLE
PLAYABLE_CANDIDATE,622,631,14611,Taor,WATER,ATTACK,AWAKENED,true,false,false,46,10,10,true,3,,,,,,false,OBTAINABLE
PLAYABLE_CANDIDATE,623,632,14401,Dragon,WATER,DEFENSE,BASE,true,false,false,44,10,10,true,3,,,,,,false,OBTAINABLE
PLAYABLE_CANDIDATE,624,633,14411,Verad,WATER,DEFENSE,AWAKENED,true,false,false,44,10,10,true,3,,,,,,false,OBTAINABLE
PLAYABLE_CANDIDATE,625,634,16601,Dragon Knight,WATER,HP,BASE,true,false,false,65,10,10,true,3,,,,,,false,OBTAINABLE
PLAYABLE_CANDIDATE,626,635,16611,Chow,WATER,HP,AWAKENED,true,false,false,65,10,10,true,3,,,,,,false,OBTAINABLE
PLAYABLE_CANDIDATE,627,636,17901,Hell Lady,WATER,ATTACK,BASE,true,false,false,78,10,10,true,3,,,,,,false,OBTAINABLE
PLAYABLE_CANDIDATE,628,637,17911,Beth,WATER,ATTACK,AWAKENED,true,false,false,78,10,10,true,3,,,,,,false,OBTAINABLE
PLAYABLE_CANDIDATE,629,638,19201,Ifrit,WATER,ATTACK,BASE,true,false,false,91,10,10,true,3,,,,,,false,OBTAINABLE
PLAYABLE_CANDIDATE,630,639,19211,Theomars,WATER,ATTACK,AWAKENED,true,false,false,91,10,10,true,3,,,,,,false,OBTAINABLE
PLAYABLE_CANDIDATE,631,640,16801,Monkey King,WATER,ATTACK,BASE,true,false,false,67,10,10,true,3,,,,,,false,OBTAINABLE
PLAYABLE_CANDIDATE,632,641,16811,Shi Hou,WATER,ATTACK,AWAKENED,true,false,false,67,10,10,true,3,,,,,,false,OBTAINABLE
PLAYABLE_CANDIDATE,633,642,16101,Occult Girl,WATER,SUPPORT,BASE,true,false,false,60,10,10,true,3,,,,,,false,OBTAINABLE
PLAYABLE_CANDIDATE,634,643,16111,Anavel,WATER,SUPPORT,AWAKENED,true,false,false,60,10,10,true,3,,,,,,false,OBTAINABLE
PLAYABLE_CANDIDATE,635,644,15701,Oracle,WATER,SUPPORT,BASE,true,false,false,56,10,10,true,3,,,,,,false,OBTAINABLE
PLAYABLE_CANDIDATE,636,645,15711,Praha,WATER,SUPPORT,AWAKENED,true,false,false,56,10,10,true,3,,,,,,false,OBTAINABLE
PLAYABLE_CANDIDATE,637,646,14501,Phoenix,WATER,ATTACK,BASE,true,false,false,45,10,10,true,3,,,,,,false,OBTAINABLE
PLAYABLE_CANDIDATE,638,647,14511,Sigmarus,WATER,ATTACK,AWAKENED,true,false,false,45,10,10,true,3,,,,,,false,OBTAINABLE
PLAYABLE_CANDIDATE,639,648,18601,Sage,WATER,HP,BASE,true,false,false,85,10,10,true,3,,,,,,false,OBTAINABLE
PLAYABLE_CANDIDATE,640,649,18611,Woosa,WATER,HP,AWAKENED,true,false,false,85,10,10,true,3,,,,,,false,OBTAINABLE
PLAYABLE_CANDIDATE,641,650,18901,Polar Queen,WATER,ATTACK,BASE,true,false,false,88,10,10,true,3,,,,,,false,OBTAINABLE
PLAYABLE_CANDIDATE,642,651,18911,Alicia,WATER,ATTACK,AWAKENED,true,false,false,88,10,10,true,3,,,,,,false,OBTAINABLE
PLAYABLE_CANDIDATE,643,652,13801,Valkyrja,WATER,HP,BASE,true,false,false,38,10,10,true,3,,,,,,false,OBTAINABLE
PLAYABLE_CANDIDATE,644,653,13811,Camilla,WATER,HP,AWAKENED,true,false,false,38,10,10,true,3,,,,,,false,OBTAINABLE
PLAYABLE_CANDIDATE,645,654,18804,Barbaric King,LIGHT,ATTACK,BASE,true,false,false,87,10,10,true,3,,,,,,false,OBTAINABLE
PLAYABLE_CANDIDATE,646,655,18814,Mimirr,LIGHT,ATTACK,AWAKENED,true,false,false,87,10,10,true,3,,,,,,false,OBTAINABLE
PLAYABLE_CANDIDATE,647,656,18004,Brownie Magician,LIGHT,ATTACK,BASE,true,false,false,79,10,10,true,3,,,,,,false,OBTAINABLE
PLAYABLE_CANDIDATE,648,657,18014,Gemini,LIGHT,ATTACK,AWAKENED,true,false,false,79,10,10,true,3,,,,,,false,OBTAINABLE
PLAYABLE_CANDIDATE,649,658,16204,Death Knight,LIGHT,ATTACK,BASE,true,false,false,61,10,10,true,3,,,,,,false,OBTAINABLE
PLAYABLE_CANDIDATE,650,659,16214,Conrad,LIGHT,ATTACK,AWAKENED,true,false,false,61,10,10,true,3,,,,,,false,OBTAINABLE
PLAYABLE_CANDIDATE,651,660,15304,Epikion Priest,LIGHT,SUPPORT,BASE,true,false,false,52,10,10,true,3,,,,,,false,OBTAINABLE
PLAYABLE_CANDIDATE,652,661,15314,Iona,LIGHT,SUPPORT,AWAKENED,true,false,false,52,10,10,true,3,,,,,,false,OBTAINABLE
PLAYABLE_CANDIDATE,653,662,13404,Joker,LIGHT,HP,BASE,true,false,false,34,11,10,true,2,,,,,,false,OBTAINABLE
PLAYABLE_CANDIDATE,654,663,13414,Figaro,LIGHT,HP,AWAKENED,true,false,false,34,11,10,true,3,,,,,,false,OBTAINABLE
PLAYABLE_CANDIDATE,655,664,18104,Kobold Bomber,LIGHT,ATTACK,BASE,true,false,false,80,10,10,true,2,,,,,,false,OBTAINABLE
PLAYABLE_CANDIDATE,656,665,18114,Dover,LIGHT,ATTACK,AWAKENED,true,false,false,80,10,10,true,3,,,,,,false,OBTAINABLE
PLAYABLE_CANDIDATE,657,666,17304,Kung Fu Girl,LIGHT,HP,BASE,true,false,false,72,11,10,true,2,,,,,,false,OBTAINABLE
PLAYABLE_CANDIDATE,658,667,17314,Liu Mei,LIGHT,HP,AWAKENED,true,false,false,72,11,10,true,3,,,,,,false,OBTAINABLE
PLAYABLE_CANDIDATE,659,668,16304,Lich,LIGHT,DEFENSE,BASE,true,false,false,62,10,10,true,3,,,,,,false,OBTAINABLE
PLAYABLE_CANDIDATE,660,669,16314,Halphas,LIGHT,DEFENSE,AWAKENED,true,false,false,62,10,10,true,3,,,,,,false,OBTAINABLE
PLAYABLE_CANDIDATE,661,670,15404,Magical Archer,LIGHT,ATTACK,BASE,true,false,false,53,10,10,true,3,,,,,,false,OBTAINABLE
PLAYABLE_CANDIDATE,662,671,15414,Chris,LIGHT,ATTACK,AWAKENED,true,false,false,53,10,10,true,3,,,,,,false,OBTAINABLE
PLAYABLE_CANDIDATE,663,672,11204,Nine-tailed Fox,LIGHT,ATTACK,BASE,true,false,false,12,11,10,true,3,,,,,,false,OBTAINABLE
PLAYABLE_CANDIDATE,664,673,11214,Chamie,LIGHT,ATTACK,AWAKENED,true,false,false,12,11,10,true,3,,,,,,false,OBTAINABLE
PLAYABLE_CANDIDATE,665,674,13504,Ninja,LIGHT,ATTACK,BASE,true,false,false,35,11,10,true,3,,,,,,false,OBTAINABLE
PLAYABLE_CANDIDATE,666,675,13514,Gin,LIGHT,ATTACK,AWAKENED,true,false,false,35,11,10,true,3,,,,,,false,OBTAINABLE
PLAYABLE_CANDIDATE,667,676,14104,Phantom Thief,LIGHT,SUPPORT,BASE,true,false,false,41,10,10,true,3,,,,,,false,OBTAINABLE
PLAYABLE_CANDIDATE,668,677,14114,Louis,LIGHT,SUPPORT,AWAKENED,true,false,false,41,10,10,true,3,,,,,,false,OBTAINABLE
PLAYABLE_CANDIDATE,669,678,13904,Pierrette,LIGHT,ATTACK,BASE,true,false,false,39,10,10,true,3,,,,,,false,OBTAINABLE
PLAYABLE_CANDIDATE,670,679,13914,Eva,LIGHT,ATTACK,AWAKENED,true,false,false,39,10,10,true,3,,,,,,false,OBTAINABLE
PLAYABLE_CANDIDATE,671,680,15504,Rakshasa,LIGHT,ATTACK,BASE,true,false,false,54,10,10,true,3,,,,,,false,OBTAINABLE
PLAYABLE_CANDIDATE,672,681,15514,Pang,LIGHT,ATTACK,AWAKENED,true,false,false,54,10,10,true,3,,,,,,false,OBTAINABLE
PLAYABLE_CANDIDATE,673,682,16904,Samurai,LIGHT,ATTACK,BASE,true,false,false,68,11,10,true,4,,,,,,false,OBTAINABLE
PLAYABLE_CANDIDATE,674,683,16914,Tosi,LIGHT,ATTACK,AWAKENED,true,false,false,68,11,10,true,4,,,,,,false,OBTAINABLE
PLAYABLE_CANDIDATE,675,684,13304,Succubus,LIGHT,ATTACK,BASE,true,false,false,33,11,10,true,3,,,,,,false,OBTAINABLE
PLAYABLE_CANDIDATE,676,685,13314,Aria,LIGHT,ATTACK,AWAKENED,true,false,false,33,11,10,true,3,,,,,,false,OBTAINABLE
PLAYABLE_CANDIDATE,677,686,11804,Sylph,LIGHT,HP,BASE,true,false,false,18,11,10,true,3,,,,,,false,OBTAINABLE
PLAYABLE_CANDIDATE,678,687,11814,Eredas,LIGHT,HP,AWAKENED,true,false,false,18,11,10,true,3,,,,,,false,OBTAINABLE
PLAYABLE_CANDIDATE,679,688,11904,Sylphid,LIGHT,SUPPORT,BASE,true,false,false,19,10,10,true,3,,,,,,false,OBTAINABLE
PLAYABLE_CANDIDATE,680,689,11914,Mihael,LIGHT,SUPPORT,AWAKENED,true,false,false,19,10,10,true,3,,,,,,false,OBTAINABLE
PLAYABLE_CANDIDATE,681,690,18404,Taoist,LIGHT,HP,BASE,true,false,false,83,10,10,true,3,,,,,,false,OBTAINABLE
PLAYABLE_CANDIDATE,682,691,18414,Hwadam,LIGHT,HP,AWAKENED,true,false,false,83,10,10,true,3,,,,,,false,OBTAINABLE
PLAYABLE_CANDIDATE,683,692,11604,Undine,LIGHT,SUPPORT,BASE,true,false,false,16,11,10,true,3,,,,,,false,OBTAINABLE
PLAYABLE_CANDIDATE,684,693,11614,Icasha,LIGHT,SUPPORT,AWAKENED,true,false,false,16,11,10,true,3,,,,,,false,OBTAINABLE
PLAYABLE_CANDIDATE,685,694,17004,Archangel,LIGHT,SUPPORT,BASE,true,false,false,69,10,10,true,3,,,,,,false,OBTAINABLE
PLAYABLE_CANDIDATE,686,695,17014,Artamiel,LIGHT,SUPPORT,AWAKENED,true,false,false,69,10,10,true,3,,,,,,false,OBTAINABLE
PLAYABLE_CANDIDATE,687,696,17404,Beast Monk,LIGHT,HP,BASE,true,false,false,73,10,10,true,3,,,,,,false,OBTAINABLE
PLAYABLE_CANDIDATE,688,697,17414,Shazam,LIGHT,HP,AWAKENED,true,false,false,73,10,10,true,3,,,,,,false,OBTAINABLE
PLAYABLE_CANDIDATE,689,698,14604,Chimera,LIGHT,ATTACK,BASE,true,false,false,46,10,10,true,3,,,,,,false,OBTAINABLE
PLAYABLE_CANDIDATE,690,699,14614,Shan,LIGHT,ATTACK,AWAKENED,true,false,false,46,10,10,true,3,,,,,,false,OBTAINABLE
PLAYABLE_CANDIDATE,691,700,14404,Dragon,LIGHT,HP,BASE,true,false,false,44,10,10,true,3,,,,,,false,OBTAINABLE
PLAYABLE_CANDIDATE,692,701,14414,Zerath,LIGHT,HP,AWAKENED,true,false,false,44,10,10,true,3,,,,,,false,OBTAINABLE
PLAYABLE_CANDIDATE,693,702,16604,Dragon Knight,LIGHT,HP,BASE,true,false,false,65,10,10,true,3,,,,,,false,OBTAINABLE
PLAYABLE_CANDIDATE,694,703,16614,Jager,LIGHT,HP,AWAKENED,true,false,false,65,10,10,true,3,,,,,,false,OBTAINABLE
PLAYABLE_CANDIDATE,695,704,17904,Hell Lady,LIGHT,ATTACK,BASE,true,false,false,78,10,10,true,3,,,,,,false,OBTAINABLE
PLAYABLE_CANDIDATE,696,705,17914,Asima,LIGHT,ATTACK,AWAKENED,true,false,false,78,10,10,true,3,,,,,,false,OBTAINABLE
PLAYABLE_CANDIDATE,697,706,19204,Ifrit,LIGHT,ATTACK,BASE,true,false,false,91,10,10,true,3,,,,,,false,OBTAINABLE
PLAYABLE_CANDIDATE,698,707,19214,Elsharion,LIGHT,ATTACK,AWAKENED,true,false,false,91,10,10,true,3,,,,,,false,OBTAINABLE
PLAYABLE_CANDIDATE,699,708,16804,Monkey King,LIGHT,SUPPORT,BASE,true,false,false,67,10,10,true,3,,,,,,false,OBTAINABLE
PLAYABLE_CANDIDATE,700,709,16814,Qitian Dasheng,LIGHT,SUPPORT,AWAKENED,true,false,false,67,10,10,true,3,,,,,,false,OBTAINABLE
PLAYABLE_CANDIDATE,701,710,16104,Occult Girl,LIGHT,HP,BASE,true,false,false,60,10,10,true,3,,,,,,false,OBTAINABLE
PLAYABLE_CANDIDATE,702,711,16114,Lora,LIGHT,HP,AWAKENED,true,false,false,60,10,10,true,3,,,,,,false,OBTAINABLE
PLAYABLE_CANDIDATE,703,712,15704,Oracle,LIGHT,SUPPORT,BASE,true,false,false,56,10,10,true,3,,,,,,false,OBTAINABLE
PLAYABLE_CANDIDATE,704,713,15714,Laima,LIGHT,SUPPORT,AWAKENED,true,false,false,56,10,10,true,3,,,,,,false,OBTAINABLE
PLAYABLE_CANDIDATE,705,714,14504,Phoenix,LIGHT,ATTACK,BASE,true,false,false,45,10,10,true,3,,,,,,false,OBTAINABLE
PLAYABLE_CANDIDATE,706,715,14514,Eludia,LIGHT,ATTACK,AWAKENED,true,false,false,45,10,10,true,3,,,,,,false,OBTAINABLE
PLAYABLE_CANDIDATE,707,716,18604,Sage,LIGHT,HP,BASE,true,false,false,85,10,10,true,3,,,,,,false,OBTAINABLE
PLAYABLE_CANDIDATE,708,717,18614,Nigong,LIGHT,HP,AWAKENED,true,false,false,85,10,10,true,3,,,,,,false,OBTAINABLE
PLAYABLE_CANDIDATE,709,718,18904,Polar Queen,LIGHT,SUPPORT,BASE,true,false,false,88,10,10,true,3,,,,,,false,OBTAINABLE
PLAYABLE_CANDIDATE,710,719,18914,Elenoa,LIGHT,SUPPORT,AWAKENED,true,false,false,88,10,10,true,3,,,,,,false,OBTAINABLE
PLAYABLE_CANDIDATE,711,720,18304,Sky Dancer,LIGHT,SUPPORT,BASE,true,false,false,82,10,10,true,3,,,,,,false,OBTAINABLE
PLAYABLE_CANDIDATE,712,721,18314,Yeonhong,LIGHT,SUPPORT,AWAKENED,true,false,false,82,10,10,true,3,,,,,,false,OBTAINABLE
PLAYABLE_CANDIDATE,713,722,13804,Valkyrja,LIGHT,DEFENSE,BASE,true,false,false,38,10,10,true,3,,,,,,false,OBTAINABLE
PLAYABLE_CANDIDATE,714,723,13814,Akroma,LIGHT,DEFENSE,AWAKENED,true,false,false,38,10,10,true,3,,,,,,false,OBTAINABLE
PLAYABLE_CANDIDATE,715,724,14704,Vampire,LIGHT,ATTACK,BASE,true,false,false,47,12,10,true,3,,,,,,false,OBTAINABLE
PLAYABLE_CANDIDATE,716,725,14714,Julianne,LIGHT,ATTACK,AWAKENED,true,false,false,47,12,10,true,3,,,,,,false,OBTAINABLE
PLAYABLE_CANDIDATE,717,726,18805,Barbaric King,DARK,ATTACK,BASE,true,false,false,87,10,10,true,3,,,,,,false,OBTAINABLE
PLAYABLE_CANDIDATE,718,727,18815,Hrungnir,DARK,ATTACK,AWAKENED,true,false,false,87,10,10,true,3,,,,,,false,OBTAINABLE
PLAYABLE_CANDIDATE,719,728,18005,Brownie Magician,DARK,SUPPORT,BASE,true,false,false,79,10,10,true,3,,,,,,false,OBTAINABLE
PLAYABLE_CANDIDATE,720,729,18015,Korona,DARK,SUPPORT,AWAKENED,true,false,false,79,10,10,true,3,,,,,,false,OBTAINABLE
PLAYABLE_CANDIDATE,721,730,16205,Death Knight,DARK,DEFENSE,BASE,true,false,false,61,10,10,true,3,,,,,,false,OBTAINABLE
PLAYABLE_CANDIDATE,722,731,16215,Dias,DARK,DEFENSE,AWAKENED,true,false,false,61,10,10,true,3,,,,,,false,OBTAINABLE
PLAYABLE_CANDIDATE,723,732,13405,Joker,DARK,ATTACK,BASE,true,false,false,34,11,10,true,2,,,,,,false,OBTAINABLE
PLAYABLE_CANDIDATE,724,733,13415,Liebli,DARK,ATTACK,AWAKENED,true,false,false,34,11,10,true,3,,,,,,false,OBTAINABLE
PLAYABLE_CANDIDATE,725,734,18105,Kobold Bomber,DARK,ATTACK,BASE,true,false,false,80,10,10,true,2,,,,,,false,OBTAINABLE
PLAYABLE_CANDIDATE,726,735,18115,Bering,DARK,ATTACK,AWAKENED,true,false,false,80,10,10,true,3,,,,,,false,OBTAINABLE
PLAYABLE_CANDIDATE,727,736,17305,Kung Fu Girl,DARK,ATTACK,BASE,true,false,false,72,11,10,true,2,,,,,,false,OBTAINABLE
PLAYABLE_CANDIDATE,728,737,17315,Fei,DARK,ATTACK,AWAKENED,true,false,false,72,11,10,true,3,,,,,,false,OBTAINABLE
PLAYABLE_CANDIDATE,729,738,16305,Lich,DARK,HP,BASE,true,false,false,62,10,10,true,3,,,,,,false,OBTAINABLE
PLAYABLE_CANDIDATE,730,739,16315,Grego,DARK,HP,AWAKENED,true,false,false,62,10,10,true,3,,,,,,false,OBTAINABLE
PLAYABLE_CANDIDATE,731,740,15405,Magical Archer,DARK,ATTACK,BASE,true,false,false,53,10,10,true,3,,,,,,false,OBTAINABLE
PLAYABLE_CANDIDATE,732,741,15415,Bethony,DARK,ATTACK,AWAKENED,true,false,false,53,10,10,true,3,,,,,,false,OBTAINABLE
PLAYABLE_CANDIDATE,733,742,11205,Nine-tailed Fox,DARK,ATTACK,BASE,true,false,false,12,11,10,true,3,,,,,,false,OBTAINABLE
PLAYABLE_CANDIDATE,734,743,11215,Kamiya,DARK,ATTACK,AWAKENED,true,false,false,12,11,10,true,3,,,,,,false,OBTAINABLE
PLAYABLE_CANDIDATE,735,744,14105,Phantom Thief,DARK,ATTACK,BASE,true,false,false,41,10,10,true,3,,,,,,false,OBTAINABLE
PLAYABLE_CANDIDATE,736,745,14115,Guillaume,DARK,ATTACK,AWAKENED,true,false,false,41,10,10,true,3,,,,,,false,OBTAINABLE
PLAYABLE_CANDIDATE,737,746,13905,Pierrette,DARK,ATTACK,BASE,true,false,false,39,10,10,true,3,,,,,,false,OBTAINABLE
PLAYABLE_CANDIDATE,738,747,13915,Luna,DARK,ATTACK,AWAKENED,true,false,false,39,10,10,true,3,,,,,,false,OBTAINABLE
PLAYABLE_CANDIDATE,739,748,15505,Rakshasa,DARK,ATTACK,BASE,true,false,false,54,10,10,true,3,,,,,,false,OBTAINABLE
PLAYABLE_CANDIDATE,740,749,15515,Ran,DARK,ATTACK,AWAKENED,true,false,false,54,10,10,true,3,,,,,,false,OBTAINABLE
PLAYABLE_CANDIDATE,741,750,16905,Samurai,DARK,ATTACK,BASE,true,false,false,68,11,10,true,4,,,,,,false,OBTAINABLE
PLAYABLE_CANDIDATE,742,751,16915,Sige,DARK,ATTACK,AWAKENED,true,false,false,68,11,10,true,4,,,,,,false,OBTAINABLE
PLAYABLE_CANDIDATE,743,752,18305,Sky Dancer,DARK,ATTACK,BASE,true,false,false,82,10,10,true,3,,,,,,false,OBTAINABLE
PLAYABLE_CANDIDATE,744,753,18315,Wolyung,DARK,ATTACK,AWAKENED,true,false,false,82,10,10,true,3,,,,,,false,OBTAINABLE
PLAYABLE_CANDIDATE,745,754,13305,Succubus,DARK,ATTACK,BASE,true,false,false,33,11,10,true,3,,,,,,false,OBTAINABLE
PLAYABLE_CANDIDATE,746,755,13315,Isael,DARK,ATTACK,AWAKENED,true,false,false,33,11,10,true,3,,,,,,false,OBTAINABLE
PLAYABLE_CANDIDATE,747,756,11805,Sylph,DARK,ATTACK,BASE,true,false,false,18,11,10,true,3,,,,,,false,OBTAINABLE
PLAYABLE_CANDIDATE,748,757,11815,Aschubel,DARK,ATTACK,AWAKENED,true,false,false,18,11,10,true,3,,,,,,false,OBTAINABLE
PLAYABLE_CANDIDATE,749,758,11905,Sylphid,DARK,ATTACK,BASE,true,false,false,19,10,10,true,3,,,,,,false,OBTAINABLE
PLAYABLE_CANDIDATE,750,759,11915,Icares,DARK,ATTACK,AWAKENED,true,false,false,19,10,10,true,3,,,,,,false,OBTAINABLE
PLAYABLE_CANDIDATE,751,760,11605,Undine,DARK,SUPPORT,BASE,true,false,false,16,11,10,true,3,,,,,,false,OBTAINABLE
PLAYABLE_CANDIDATE,752,761,11615,Tilasha,DARK,SUPPORT,AWAKENED,true,false,false,16,11,10,true,3,,,,,,false,OBTAINABLE
PLAYABLE_CANDIDATE,753,762,17005,Archangel,DARK,DEFENSE,BASE,true,false,false,69,10,10,true,3,,,,,,false,OBTAINABLE
PLAYABLE_CANDIDATE,754,763,17405,Beast Monk,DARK,HP,BASE,true,false,false,73,10,10,true,3,,,,,,false,OBTAINABLE
PLAYABLE_CANDIDATE,755,764,17415,Rahul,DARK,HP,AWAKENED,true,false,false,73,10,10,true,3,,,,,,false,OBTAINABLE
PLAYABLE_CANDIDATE,756,765,14605,Chimera,DARK,ATTACK,BASE,true,false,false,46,10,10,true,3,,,,,,false,OBTAINABLE
PLAYABLE_CANDIDATE,757,766,14615,Zeratu,DARK,ATTACK,AWAKENED,true,false,false,46,10,10,true,3,,,,,,false,OBTAINABLE
PLAYABLE_CANDIDATE,758,767,14405,Dragon,DARK,ATTACK,BASE,true,false,false,44,10,10,true,3,,,,,,false,OBTAINABLE
PLAYABLE_CANDIDATE,759,768,14415,Grogen,DARK,ATTACK,AWAKENED,true,false,false,44,10,10,true,3,,,,,,false,OBTAINABLE
PLAYABLE_CANDIDATE,760,769,16605,Dragon Knight,DARK,SUPPORT,BASE,true,false,false,65,10,10,true,3,,,,,,false,OBTAINABLE
PLAYABLE_CANDIDATE,761,770,16615,Ragdoll,DARK,SUPPORT,AWAKENED,true,false,false,65,10,10,true,3,,,,,,false,OBTAINABLE
PLAYABLE_CANDIDATE,762,771,17905,Hell Lady,DARK,SUPPORT,BASE,true,false,false,78,10,10,true,3,,,,,,false,OBTAINABLE
PLAYABLE_CANDIDATE,763,772,17915,Craka,DARK,SUPPORT,AWAKENED,true,false,false,78,10,10,true,3,,,,,,false,OBTAINABLE
PLAYABLE_CANDIDATE,764,773,19205,Ifrit,DARK,SUPPORT,BASE,true,false,false,91,10,10,true,3,,,,,,false,OBTAINABLE
PLAYABLE_CANDIDATE,765,774,19215,Veromos,DARK,SUPPORT,AWAKENED,true,false,false,91,10,10,true,3,,,,,,false,OBTAINABLE
PLAYABLE_CANDIDATE,766,775,16805,Monkey King,DARK,HP,BASE,true,false,false,67,10,10,true,3,,,,,,false,OBTAINABLE
PLAYABLE_CANDIDATE,767,776,16815,Son Zhang Lao,DARK,HP,AWAKENED,true,false,false,67,10,10,true,3,,,,,,false,OBTAINABLE
PLAYABLE_CANDIDATE,768,777,13505,Ninja,DARK,HP,BASE,true,false,false,35,11,10,true,3,,,,,,false,OBTAINABLE
PLAYABLE_CANDIDATE,769,778,13515,Han,DARK,HP,AWAKENED,true,false,false,35,11,10,true,3,,,,,,false,OBTAINABLE
PLAYABLE_CANDIDATE,770,779,16105,Occult Girl,DARK,ATTACK,BASE,true,false,false,60,10,10,true,3,,,,,,false,OBTAINABLE
PLAYABLE_CANDIDATE,771,780,16115,Nicki,DARK,ATTACK,AWAKENED,true,false,false,60,10,10,true,3,,,,,,false,OBTAINABLE
PLAYABLE_CANDIDATE,772,781,15705,Oracle,DARK,ATTACK,BASE,true,false,false,56,10,10,true,3,,,,,,false,OBTAINABLE
PLAYABLE_CANDIDATE,773,782,15715,Giana,DARK,ATTACK,AWAKENED,true,false,false,56,10,10,true,3,,,,,,false,OBTAINABLE
PLAYABLE_CANDIDATE,774,783,14505,Phoenix,DARK,ATTACK,BASE,true,false,false,45,10,10,true,3,,,,,,false,OBTAINABLE
PLAYABLE_CANDIDATE,775,784,14515,Jaara,DARK,ATTACK,AWAKENED,true,false,false,45,10,10,true,3,,,,,,false,OBTAINABLE
PLAYABLE_CANDIDATE,776,785,18605,Sage,DARK,HP,BASE,true,false,false,85,10,10,true,3,,,,,,false,OBTAINABLE
PLAYABLE_CANDIDATE,777,786,18615,Woonsa,DARK,HP,AWAKENED,true,false,false,85,10,10,true,3,,,,,,false,OBTAINABLE
PLAYABLE_CANDIDATE,778,787,18905,Polar Queen,DARK,ATTACK,BASE,true,false,false,88,10,10,true,3,,,,,,false,OBTAINABLE
PLAYABLE_CANDIDATE,779,788,18915,Lydia,DARK,ATTACK,AWAKENED,true,false,false,88,10,10,true,3,,,,,,false,OBTAINABLE
PLAYABLE_CANDIDATE,780,789,13805,Valkyrja,DARK,HP,BASE,true,false,false,38,10,10,true,3,,,,,,false,OBTAINABLE
PLAYABLE_CANDIDATE,781,790,13815,Trinity,DARK,HP,AWAKENED,true,false,false,38,10,10,true,3,,,,,,false,OBTAINABLE
PLAYABLE_CANDIDATE,782,791,14705,Vampire,DARK,ATTACK,BASE,true,false,false,47,12,10,true,3,,,,,,false,OBTAINABLE
PLAYABLE_CANDIDATE,783,792,14715,Cadiz,DARK,ATTACK,AWAKENED,true,false,false,47,12,10,true,3,,,,,,false,OBTAINABLE
PLAYABLE_CANDIDATE,784,793,17602,Battle Scorpion,FIRE,DEFENSE,BASE,true,false,false,75,3,3,true,1,,,,,,false,OBTAINABLE
PLAYABLE_CANDIDATE,785,794,17601,Battle Scorpion,WATER,DEFENSE,BASE,true,false,false,75,3,3,true,1,,,,,,false,OBTAINABLE
PLAYABLE_CANDIDATE,786,795,17603,Battle Scorpion,WIND,DEFENSE,BASE,true,false,false,75,3,3,true,1,,,,,,false,OBTAINABLE
PLAYABLE_CANDIDATE,787,796,17502,Mischievous Bat,FIRE,ATTACK,BASE,true,false,false,74,3,3,true,2,,,,,,false,OBTAINABLE
PLAYABLE_CANDIDATE,788,797,17503,Mischievous Bat,WIND,ATTACK,BASE,true,false,false,74,3,3,true,2,,,,,,false,OBTAINABLE
PLAYABLE_CANDIDATE,789,798,17501,Mischievous Bat,WATER,ATTACK,BASE,true,false,false,74,3,3,true,2,,,,,,false,OBTAINABLE
PLAYABLE_CANDIDATE,791,800,13103,Sandman,WIND,DEFENSE,BASE,true,false,false,31,4,4,true,1,,,,,,false,OBTAINABLE
PLAYABLE_CANDIDATE,792,801,12203,Slime,WIND,DEFENSE,BASE,true,false,false,22,3,3,true,1,,,,,,false,OBTAINABLE
PLAYABLE_CANDIDATE,793,802,14803,Viking,WIND,HP,BASE,true,false,false,48,10,10,true,2,,,,,,false,OBTAINABLE
PLAYABLE_CANDIDATE,794,803,14813,Walter,WIND,HP,AWAKENED,true,false,false,48,10,10,true,3,,,,,,false,OBTAINABLE
PLAYABLE_CANDIDATE,795,804,17015,Fermion,DARK,DEFENSE,AWAKENED,true,false,false,69,10,10,true,3,,,,,,false,OBTAINABLE
PLAYABLE_CANDIDATE,796,805,18715,Kuna,DARK,HP,AWAKENED,true,false,false,86,10,10,true,3,,,,,,false,OBTAINABLE
PLAYABLE_CANDIDATE,797,806,13313,Selena,WIND,ATTACK,AWAKENED,true,false,false,33,11,10,true,3,,,,,,false,OBTAINABLE
PLAYABLE_CANDIDATE,798,807,14811,Huga,WATER,ATTACK,AWAKENED,true,false,false,48,10,10,true,3,,,,,,false,OBTAINABLE
PLAYABLE_CANDIDATE,799,808,10415,Kumae,DARK,HP,AWAKENED,true,false,true,4,10,10,true,3,,,,,,false,OBTAINABLE|FUSION_FOOD
PLAYABLE_CANDIDATE,800,809,19502,Charger Shark,FIRE,HP,BASE,true,false,false,94,10,10,true,3,,,,,,false,OBTAINABLE
PLAYABLE_CANDIDATE,801,810,19512,Ignicus,FIRE,HP,AWAKENED,true,false,false,94,10,10,true,3,,,,,,false,OBTAINABLE
PLAYABLE_CANDIDATE,802,811,19501,Charger Shark,WATER,ATTACK,BASE,true,false,false,94,10,10,true,3,,,,,,false,OBTAINABLE
PLAYABLE_CANDIDATE,803,812,19511,Aqcus,WATER,ATTACK,AWAKENED,true,false,false,94,10,10,true,3,,,,,,false,OBTAINABLE
PLAYABLE_CANDIDATE,804,813,19503,Charger Shark,WIND,HP,BASE,true,false,true,94,10,10,true,3,,,,,,false,OBTAINABLE|FUSION_FOOD
PLAYABLE_CANDIDATE,805,814,19513,Zephicus,WIND,HP,AWAKENED,true,false,true,94,10,10,true,3,,,,,,false,OBTAINABLE|FUSION_FOOD
PLAYABLE_CANDIDATE,806,815,19505,Charger Shark,DARK,ATTACK,BASE,true,false,false,94,10,10,true,3,,,,,,false,OBTAINABLE
PLAYABLE_CANDIDATE,807,816,19515,Calicus,DARK,ATTACK,AWAKENED,true,false,false,94,10,10,true,3,,,,,,false,OBTAINABLE
PLAYABLE_CANDIDATE,808,817,19504,Charger Shark,LIGHT,ATTACK,BASE,true,false,false,94,10,10,true,3,,,,,,false,OBTAINABLE
PLAYABLE_CANDIDATE,809,818,19514,Rumicus,LIGHT,ATTACK,AWAKENED,true,false,false,94,10,10,true,3,,,,,,false,OBTAINABLE
PLAYABLE_CANDIDATE,810,819,19402,Pirate Captain,FIRE,ATTACK,BASE,true,false,false,93,10,10,true,2,,,,,,false,OBTAINABLE
PLAYABLE_CANDIDATE,811,820,19412,Carrack,FIRE,ATTACK,AWAKENED,true,false,false,93,10,10,true,3,,,,,,false,OBTAINABLE
PLAYABLE_CANDIDATE,812,821,19401,Pirate Captain,WATER,HP,BASE,true,false,false,93,10,10,true,2,,,,,,false,OBTAINABLE
PLAYABLE_CANDIDATE,813,822,19403,Pirate Captain,WIND,ATTACK,BASE,true,false,false,93,10,10,true,2,,,,,,false,OBTAINABLE
PLAYABLE_CANDIDATE,814,823,19404,Pirate Captain,LIGHT,ATTACK,BASE,true,false,false,93,10,10,true,2,,,,,,false,OBTAINABLE
PLAYABLE_CANDIDATE,815,824,19405,Pirate Captain,DARK,SUPPORT,BASE,true,false,false,93,10,10,true,2,,,,,,false,OBTAINABLE
PLAYABLE_CANDIDATE,816,825,19411,Galleon,WATER,HP,AWAKENED,true,false,false,93,10,10,true,3,,,,,,false,OBTAINABLE
PLAYABLE_CANDIDATE,817,826,19413,Barque,WIND,ATTACK,AWAKENED,true,false,false,93,10,10,true,3,,,,,,false,OBTAINABLE
PLAYABLE_CANDIDATE,818,827,19414,Brig,LIGHT,ATTACK,AWAKENED,true,false,false,93,10,10,true,3,,,,,,false,OBTAINABLE
PLAYABLE_CANDIDATE,819,828,19415,Frigate,DARK,SUPPORT,AWAKENED,true,false,false,93,10,10,true,3,,,,,,false,OBTAINABLE
PLAYABLE_CANDIDATE,820,829,19602,Mermaid,FIRE,SUPPORT,BASE,true,false,false,95,10,10,true,3,,,,,,false,OBTAINABLE
PLAYABLE_CANDIDATE,821,831,19601,Mermaid,WATER,SUPPORT,BASE,true,false,false,95,10,10,true,3,,,,,,false,OBTAINABLE
PLAYABLE_CANDIDATE,822,832,19603,Mermaid,WIND,SUPPORT,BASE,true,false,false,95,10,10,true,3,,,,,,false,OBTAINABLE
PLAYABLE_CANDIDATE,823,833,19604,Mermaid,LIGHT,SUPPORT,BASE,true,false,false,95,10,10,true,3,,,,,,false,OBTAINABLE
PLAYABLE_CANDIDATE,824,834,19605,Mermaid,DARK,SUPPORT,BASE,true,false,false,95,10,10,true,3,,,,,,false,OBTAINABLE
PLAYABLE_CANDIDATE,825,835,19612,Platy,FIRE,SUPPORT,AWAKENED,true,false,false,95,10,10,true,3,,,,,,false,OBTAINABLE
PLAYABLE_CANDIDATE,826,836,19611,Tetra,WATER,SUPPORT,AWAKENED,true,false,false,95,10,10,true,3,,,,,,false,OBTAINABLE
PLAYABLE_CANDIDATE,827,837,19613,Cichlid,WIND,SUPPORT,AWAKENED,true,false,false,95,10,10,true,3,,,,,,false,OBTAINABLE
PLAYABLE_CANDIDATE,828,838,19614,Molly,LIGHT,SUPPORT,AWAKENED,true,false,false,95,10,10,true,3,,,,,,false,OBTAINABLE
PLAYABLE_CANDIDATE,829,839,19615,Betta,DARK,SUPPORT,AWAKENED,true,false,false,95,10,10,true,3,,,,,,false,OBTAINABLE
PLAYABLE_CANDIDATE,830,840,19702,Sea Emperor,FIRE,ATTACK,BASE,true,false,false,96,10,10,true,3,,,,,,false,OBTAINABLE
PLAYABLE_CANDIDATE,831,841,19701,Sea Emperor,WATER,ATTACK,BASE,true,false,false,96,10,10,true,3,,,,,,false,OBTAINABLE
PLAYABLE_CANDIDATE,832,842,19703,Sea Emperor,WIND,DEFENSE,BASE,true,false,false,96,10,10,true,3,,,,,,false,OBTAINABLE
PLAYABLE_CANDIDATE,833,843,19704,Sea Emperor,LIGHT,SUPPORT,BASE,true,false,false,96,10,10,true,3,,,,,,false,OBTAINABLE
PLAYABLE_CANDIDATE,834,844,19705,Sea Emperor,DARK,ATTACK,BASE,true,false,false,96,10,10,true,3,,,,,,false,OBTAINABLE
PLAYABLE_CANDIDATE,835,845,19712,Okeanos,FIRE,ATTACK,AWAKENED,true,false,false,96,10,10,true,3,,,,,,false,OBTAINABLE
PLAYABLE_CANDIDATE,836,846,19711,Poseidon,WATER,ATTACK,AWAKENED,true,false,false,96,10,10,true,3,,,,,,false,OBTAINABLE
PLAYABLE_CANDIDATE,837,847,19713,Triton,WIND,DEFENSE,AWAKENED,true,false,false,96,10,10,true,3,,,,,,false,OBTAINABLE
PLAYABLE_CANDIDATE,838,848,19714,Pontos,LIGHT,SUPPORT,AWAKENED,true,false,false,96,10,10,true,3,,,,,,false,OBTAINABLE
PLAYABLE_CANDIDATE,839,849,19715,Manannan,DARK,ATTACK,AWAKENED,true,false,false,96,10,10,true,3,,,,,,false,OBTAINABLE
PLAYABLE_CANDIDATE,840,851,19802,Magic Knight,FIRE,ATTACK,BASE,true,false,false,97,11,10,true,3,,,,,,false,OBTAINABLE
PLAYABLE_CANDIDATE,841,852,19812,Astar,FIRE,ATTACK,AWAKENED,true,false,false,97,11,10,true,3,,,,,,false,OBTAINABLE
PLAYABLE_CANDIDATE,842,853,19801,Magic Knight,WATER,ATTACK,BASE,true,false,false,97,11,10,true,3,,,,,,false,OBTAINABLE
PLAYABLE_CANDIDATE,843,854,19811,Lapis,WATER,ATTACK,AWAKENED,true,false,false,97,11,10,true,3,,,,,,false,OBTAINABLE
PLAYABLE_CANDIDATE,844,855,19803,Magic Knight,WIND,HP,BASE,true,false,true,97,11,10,true,3,,,,,,false,OBTAINABLE|FUSION_FOOD
PLAYABLE_CANDIDATE,845,856,19813,Lupinus,WIND,HP,AWAKENED,true,false,true,97,11,10,true,3,,,,,,false,OBTAINABLE|FUSION_FOOD
PLAYABLE_CANDIDATE,846,857,19804,Magic Knight,LIGHT,ATTACK,BASE,true,false,false,97,11,10,true,3,,,,,,false,OBTAINABLE
PLAYABLE_CANDIDATE,847,858,19814,Iris,LIGHT,ATTACK,AWAKENED,true,false,false,97,11,10,true,3,,,,,,false,OBTAINABLE
PLAYABLE_CANDIDATE,848,859,19805,Magic Knight,DARK,DEFENSE,BASE,true,false,false,97,11,10,true,3,,,,,,false,OBTAINABLE
PLAYABLE_CANDIDATE,849,860,19815,Lanett,DARK,DEFENSE,AWAKENED,true,false,false,97,11,10,true,3,,,,,,false,OBTAINABLE
PLAYABLE_CANDIDATE,850,861,16704,Elite Magical Archer,LIGHT,ATTACK,BASE,true,false,false,66,2,2,true,3,,,,,,false,OBTAINABLE
PLAYABLE_CANDIDATE,851,862,16714,Fami,LIGHT,ATTACK,AWAKENED,true,false,false,66,2,2,true,3,,,,,,false,OBTAINABLE
PLAYABLE_CANDIDATE,852,864,19902,Assassin,FIRE,ATTACK,BASE,true,false,false,98,10,10,true,3,,,,,,false,OBTAINABLE
PLAYABLE_CANDIDATE,853,865,19912,Lexy,FIRE,ATTACK,AWAKENED,true,false,false,98,10,10,true,3,,,,,,false,OBTAINABLE
PLAYABLE_CANDIDATE,854,866,19911,Stella,WATER,ATTACK,AWAKENED,true,false,false,98,10,10,true,3,,,,,,false,OBTAINABLE
PLAYABLE_CANDIDATE,855,867,19901,Assassin,WATER,ATTACK,BASE,true,false,false,98,10,10,true,3,,,,,,false,OBTAINABLE
PLAYABLE_CANDIDATE,856,868,19913,Tanya,WIND,ATTACK,AWAKENED,true,false,false,98,10,10,true,3,,,,,,false,OBTAINABLE
PLAYABLE_CANDIDATE,857,869,19903,Assassin,WIND,ATTACK,BASE,true,false,false,98,10,10,true,3,,,,,,false,OBTAINABLE
PLAYABLE_CANDIDATE,858,870,19914,Natalie,LIGHT,ATTACK,AWAKENED,true,false,false,98,10,10,true,3,,,,,,false,OBTAINABLE
PLAYABLE_CANDIDATE,859,871,19904,Assassin,LIGHT,ATTACK,BASE,true,false,false,98,10,10,true,3,,,,,,false,OBTAINABLE
PLAYABLE_CANDIDATE,860,872,19915,Isabelle,DARK,ATTACK,AWAKENED,true,false,false,98,10,10,true,3,,,,,,false,OBTAINABLE
PLAYABLE_CANDIDATE,861,873,19905,Assassin,DARK,ATTACK,BASE,true,false,false,98,10,10,true,3,,,,,,false,OBTAINABLE
PLAYABLE_CANDIDATE,862,874,20112,Lisa,FIRE,SUPPORT,AWAKENED,true,false,false,100,11,10,true,3,,,,,,false,OBTAINABLE
PLAYABLE_CANDIDATE,863,875,20102,Neostone Agent,FIRE,SUPPORT,BASE,true,false,false,100,11,10,true,3,,,,,,false,OBTAINABLE
PLAYABLE_CANDIDATE,864,876,20111,Emma,WATER,SUPPORT,AWAKENED,true,false,false,100,11,10,true,3,,,,,,false,OBTAINABLE
PLAYABLE_CANDIDATE,865,877,20101,Neostone Agent,WATER,SUPPORT,BASE,true,false,true,100,11,10,true,3,,,,,,false,OBTAINABLE|FUSION_FOOD
PLAYABLE_CANDIDATE,866,878,20113,Olivia,WIND,SUPPORT,AWAKENED,true,false,false,100,11,10,true,3,,,,,,false,OBTAINABLE
PLAYABLE_CANDIDATE,867,879,20103,Neostone Agent,WIND,SUPPORT,BASE,true,false,false,100,11,10,true,3,,,,,,false,OBTAINABLE
PLAYABLE_CANDIDATE,868,880,20114,Illianna,LIGHT,SUPPORT,AWAKENED,true,false,false,100,11,10,true,3,,,,,,false,OBTAINABLE
PLAYABLE_CANDIDATE,869,881,20104,Neostone Agent,LIGHT,SUPPORT,BASE,true,false,false,100,11,10,true,3,,,,,,false,OBTAINABLE
PLAYABLE_CANDIDATE,870,882,20115,Sylvia,DARK,SUPPORT,AWAKENED,true,false,false,100,11,10,true,3,,,,,,false,OBTAINABLE
PLAYABLE_CANDIDATE,871,883,20105,Neostone Agent,DARK,SUPPORT,BASE,true,false,false,100,11,10,true,3,,,,,,false,OBTAINABLE
PLAYABLE_CANDIDATE,872,884,20212,Sin,FIRE,DEFENSE,AWAKENED,true,false,false,101,10,10,true,3,,,,,,false,OBTAINABLE
PLAYABLE_CANDIDATE,873,885,20202,Martial Artist,FIRE,DEFENSE,BASE,true,false,false,101,10,10,true,3,,,,,,false,OBTAINABLE
PLAYABLE_CANDIDATE,874,886,20211,Luan,WATER,DEFENSE,AWAKENED,true,false,true,101,10,10,true,3,,,,,,false,OBTAINABLE|FUSION_FOOD
PLAYABLE_CANDIDATE,875,887,20201,Martial Artist,WATER,DEFENSE,BASE,true,false,true,101,10,10,true,3,,,,,,false,OBTAINABLE|FUSION_FOOD
PLAYABLE_CANDIDATE,876,888,20213,Lo,WIND,ATTACK,AWAKENED,true,false,false,101,10,10,true,3,,,,,,false,OBTAINABLE
PLAYABLE_CANDIDATE,877,889,20203,Martial Artist,WIND,ATTACK,BASE,true,false,false,101,10,10,true,3,,,,,,false,OBTAINABLE
PLAYABLE_CANDIDATE,878,890,20214,Hiro,LIGHT,HP,AWAKENED,true,false,false,101,10,10,true,3,,,,,,false,OBTAINABLE
PLAYABLE_CANDIDATE,879,891,20204,Martial Artist,LIGHT,HP,BASE,true,false,false,101,10,10,true,3,,,,,,false,OBTAINABLE
PLAYABLE_CANDIDATE,880,892,20215,Jackie,DARK,DEFENSE,AWAKENED,true,false,false,101,10,10,true,3,,,,,,false,OBTAINABLE
PLAYABLE_CANDIDATE,881,893,20205,Martial Artist,DARK,DEFENSE,BASE,true,false,false,101,10,10,true,3,,,,,,false,OBTAINABLE
PLAYABLE_CANDIDATE,882,894,20012,Trevor,FIRE,ATTACK,AWAKENED,true,false,false,99,10,10,true,3,,,,,,false,OBTAINABLE
PLAYABLE_CANDIDATE,883,895,20002,Neostone Fighter,FIRE,ATTACK,BASE,true,false,false,99,10,10,true,3,,,,,,false,OBTAINABLE
PLAYABLE_CANDIDATE,884,896,20011,Ryan,WATER,ATTACK,AWAKENED,true,false,false,99,10,10,true,3,,,,,,false,OBTAINABLE
PLAYABLE_CANDIDATE,885,897,20001,Neostone Fighter,WATER,ATTACK,BASE,true,false,false,99,10,10,true,3,,,,,,false,OBTAINABLE
PLAYABLE_CANDIDATE,886,898,20013,Logan,WIND,ATTACK,AWAKENED,true,false,false,99,10,10,true,3,,,,,,false,OBTAINABLE
PLAYABLE_CANDIDATE,887,899,20003,Neostone Fighter,WIND,ATTACK,BASE,true,false,false,99,10,10,true,3,,,,,,false,OBTAINABLE
PLAYABLE_CANDIDATE,888,900,20014,Lucas,LIGHT,ATTACK,AWAKENED,true,false,false,99,10,10,true,3,,,,,,false,OBTAINABLE
PLAYABLE_CANDIDATE,889,901,20004,Neostone Fighter,LIGHT,ATTACK,BASE,true,false,false,99,10,10,true,3,,,,,,false,OBTAINABLE
PLAYABLE_CANDIDATE,890,902,20015,Karl,DARK,ATTACK,AWAKENED,true,false,false,99,10,10,true,3,,,,,,false,OBTAINABLE
PLAYABLE_CANDIDATE,891,903,20005,Neostone Fighter,DARK,ATTACK,BASE,true,false,false,99,10,10,true,3,,,,,,false,OBTAINABLE
PLAYABLE_CANDIDATE,892,905,20302,Mummy,FIRE,HP,BASE,true,false,false,102,10,10,true,2,,,,,,false,OBTAINABLE
PLAYABLE_CANDIDATE,893,906,20301,Mummy,WATER,HP,BASE,true,false,true,102,10,10,true,3,,,,,,false,OBTAINABLE|FUSION_FOOD
PLAYABLE_CANDIDATE,894,907,20303,Mummy,WIND,HP,BASE,true,false,false,102,10,10,true,2,,,,,,false,OBTAINABLE
PLAYABLE_CANDIDATE,895,908,20304,Mummy,LIGHT,HP,BASE,true,false,false,102,10,10,true,2,,,,,,false,OBTAINABLE
PLAYABLE_CANDIDATE,896,909,20312,Sonora,FIRE,HP,AWAKENED,true,false,false,102,10,10,true,3,,,,,,false,OBTAINABLE
PLAYABLE_CANDIDATE,897,910,20305,Mummy,DARK,HP,BASE,true,false,false,102,10,10,true,3,,,,,,false,OBTAINABLE
PLAYABLE_CANDIDATE,898,911,20311,Nubia,WATER,HP,AWAKENED,true,false,true,102,10,10,true,3,,,,,,false,OBTAINABLE|FUSION_FOOD
PLAYABLE_CANDIDATE,899,912,20313,Namib,WIND,HP,AWAKENED,true,false,false,102,10,10,true,3,,,,,,false,OBTAINABLE
PLAYABLE_CANDIDATE,900,913,20314,Sahara,LIGHT,HP,AWAKENED,true,false,false,102,10,10,true,3,,,,,,false,OBTAINABLE
PLAYABLE_CANDIDATE,901,914,20315,Karakum,DARK,HP,AWAKENED,true,false,false,102,10,10,true,3,,,,,,false,OBTAINABLE
PLAYABLE_CANDIDATE,902,915,20402,Anubis,FIRE,SUPPORT,BASE,true,false,false,103,10,10,true,3,,,,,,false,OBTAINABLE
PLAYABLE_CANDIDATE,903,916,20403,Anubis,WIND,ATTACK,BASE,true,false,false,103,10,10,true,3,,,,,,false,OBTAINABLE
PLAYABLE_CANDIDATE,904,917,20401,Anubis,WATER,ATTACK,BASE,true,false,false,103,10,10,true,3,,,,,,false,OBTAINABLE
PLAYABLE_CANDIDATE,905,918,20404,Anubis,LIGHT,SUPPORT,BASE,true,false,false,103,10,10,true,3,,,,,,false,OBTAINABLE
PLAYABLE_CANDIDATE,906,919,20405,Anubis,DARK,HP,BASE,true,false,false,103,10,10,true,3,,,,,,false,OBTAINABLE
PLAYABLE_CANDIDATE,907,920,20415,Thebae,DARK,HP,AWAKENED,true,false,false,103,10,10,true,3,,,,,,false,OBTAINABLE
PLAYABLE_CANDIDATE,908,921,20414,Amarna,LIGHT,SUPPORT,AWAKENED,true,false,false,103,10,10,true,3,,,,,,false,OBTAINABLE
PLAYABLE_CANDIDATE,909,922,20413,Iunu,WIND,ATTACK,AWAKENED,true,false,false,103,10,10,true,3,,,,,,false,OBTAINABLE
PLAYABLE_CANDIDATE,910,923,20411,Avaris,WATER,ATTACK,AWAKENED,true,false,false,103,10,10,true,3,,,,,,false,OBTAINABLE
PLAYABLE_CANDIDATE,911,924,20412,Khmun,FIRE,SUPPORT,AWAKENED,true,false,false,103,10,10,true,3,,,,,,false,OBTAINABLE
PLAYABLE_CANDIDATE,912,925,20602,Horus,FIRE,DEFENSE,BASE,true,false,false,105,11,10,true,3,,,,,,false,OBTAINABLE
PLAYABLE_CANDIDATE,913,926,20601,Horus,WATER,SUPPORT,BASE,true,false,true,105,11,10,true,3,,,,,,false,OBTAINABLE|FUSION_FOOD
PLAYABLE_CANDIDATE,914,927,20603,Horus,WIND,SUPPORT,BASE,true,false,false,105,11,10,true,3,,,,,,false,OBTAINABLE
PLAYABLE_CANDIDATE,915,928,20604,Horus,LIGHT,DEFENSE,BASE,true,false,false,105,11,10,true,3,,,,,,false,OBTAINABLE
PLAYABLE_CANDIDATE,916,929,20605,Horus,DARK,SUPPORT,BASE,true,false,false,105,11,10,true,3,,,,,,false,OBTAINABLE
PLAYABLE_CANDIDATE,917,930,20615,Amduat,DARK,SUPPORT,AWAKENED,true,false,false,105,11,10,true,3,,,,,,false,OBTAINABLE
PLAYABLE_CANDIDATE,918,931,20614,Wedjat,LIGHT,DEFENSE,AWAKENED,true,false,false,105,11,10,true,3,,,,,,false,OBTAINABLE
PLAYABLE_CANDIDATE,919,932,20613,Imesety,WIND,SUPPORT,AWAKENED,true,false,false,105,11,10,true,3,,,,,,false,OBTAINABLE
PLAYABLE_CANDIDATE,920,933,20611,Qebehsenuef,WATER,SUPPORT,AWAKENED,true,false,true,105,11,10,true,3,,,,,,false,OBTAINABLE|FUSION_FOOD
PLAYABLE_CANDIDATE,921,934,20612,Duamutef,FIRE,DEFENSE,AWAKENED,true,false,false,105,11,10,true,3,,,,,,false,OBTAINABLE
PLAYABLE_CANDIDATE,922,935,20502,Desert Queen,FIRE,SUPPORT,BASE,true,false,false,104,10,10,true,3,,,,,,false,OBTAINABLE
PLAYABLE_CANDIDATE,923,936,20501,Desert Queen,WATER,SUPPORT,BASE,true,false,false,104,10,10,true,3,,,,,,false,OBTAINABLE
PLAYABLE_CANDIDATE,924,937,20503,Desert Queen,WIND,SUPPORT,BASE,true,false,false,104,10,10,true,3,,,,,,false,OBTAINABLE
PLAYABLE_CANDIDATE,925,938,20504,Desert Queen,LIGHT,SUPPORT,BASE,true,false,false,104,10,10,true,3,,,,,,false,OBTAINABLE
PLAYABLE_CANDIDATE,926,939,20505,Desert Queen,DARK,SUPPORT,BASE,true,false,false,104,10,10,true,3,,,,,,false,OBTAINABLE
PLAYABLE_CANDIDATE,927,940,20515,Nephthys,DARK,SUPPORT,AWAKENED,true,false,false,104,10,10,true,3,,,,,,false,OBTAINABLE
PLAYABLE_CANDIDATE,928,941,20514,Isis,LIGHT,SUPPORT,AWAKENED,true,false,false,104,10,10,true,3,,,,,,false,OBTAINABLE
PLAYABLE_CANDIDATE,929,942,20513,Hathor,WIND,SUPPORT,AWAKENED,true,false,false,104,10,10,true,3,,,,,,false,OBTAINABLE
PLAYABLE_CANDIDATE,930,943,20511,Bastet,WATER,SUPPORT,AWAKENED,true,false,false,104,10,10,true,3,,,,,,false,OBTAINABLE
PLAYABLE_CANDIDATE,931,944,20512,Sekhmet,FIRE,SUPPORT,AWAKENED,true,false,false,104,10,10,true,3,,,,,,false,OBTAINABLE
PLAYABLE_CANDIDATE,932,945,20802,Frankenstein,FIRE,HP,BASE,true,false,false,107,15,15,true,3,,,,,,false,OBTAINABLE
PLAYABLE_CANDIDATE,933,946,20812,Bulldozer,FIRE,HP,AWAKENED,true,false,false,107,15,15,true,3,,,,,,false,OBTAINABLE
PLAYABLE_CANDIDATE,934,947,20801,Frankenstein,WATER,DEFENSE,BASE,true,false,false,107,15,15,true,3,,,,,,false,OBTAINABLE
PLAYABLE_CANDIDATE,935,948,20811,Tractor,WATER,DEFENSE,AWAKENED,true,false,false,107,15,15,true,3,,,,,,false,OBTAINABLE
PLAYABLE_CANDIDATE,936,949,20803,Frankenstein,WIND,DEFENSE,BASE,true,false,true,107,15,15,true,3,,,,,,false,OBTAINABLE|FUSION_FOOD
PLAYABLE_CANDIDATE,937,950,20813,Crane,WIND,DEFENSE,AWAKENED,true,false,false,107,15,15,true,3,,,,,,false,OBTAINABLE
PLAYABLE_CANDIDATE,938,951,20804,Frankenstein,LIGHT,HP,BASE,true,false,false,107,15,15,true,3,,,,,,false,OBTAINABLE
PLAYABLE_CANDIDATE,939,952,20814,Driller,LIGHT,HP,AWAKENED,true,false,false,107,15,15,true,3,,,,,,false,OBTAINABLE
PLAYABLE_CANDIDATE,940,953,20805,Frankenstein,DARK,DEFENSE,BASE,true,false,false,107,15,15,true,3,,,,,,false,OBTAINABLE
PLAYABLE_CANDIDATE,941,954,20815,Crawler,DARK,DEFENSE,AWAKENED,true,false,false,107,15,15,true,3,,,,,,false,OBTAINABLE
PLAYABLE_CANDIDATE,942,955,20702,Jack-o'-lantern,FIRE,ATTACK,BASE,true,false,false,106,10,10,true,3,,,,,,false,OBTAINABLE
PLAYABLE_CANDIDATE,943,956,20712,Smokey,FIRE,ATTACK,AWAKENED,true,false,false,106,10,10,true,3,,,,,,false,OBTAINABLE
PLAYABLE_CANDIDATE,944,957,20701,Jack-o'-lantern,WATER,ATTACK,BASE,true,false,false,106,10,10,true,3,,,,,,false,OBTAINABLE
PLAYABLE_CANDIDATE,945,958,20711,Chilling,WATER,ATTACK,AWAKENED,true,false,false,106,10,10,true,3,,,,,,false,OBTAINABLE
PLAYABLE_CANDIDATE,946,959,20703,Jack-o'-lantern,WIND,SUPPORT,BASE,true,false,false,106,10,10,true,3,,,,,,false,OBTAINABLE
PLAYABLE_CANDIDATE,947,960,20713,Windy,WIND,SUPPORT,AWAKENED,true,false,false,106,10,10,true,3,,,,,,false,OBTAINABLE
PLAYABLE_CANDIDATE,948,961,20704,Jack-o'-lantern,LIGHT,ATTACK,BASE,true,false,false,106,10,10,true,3,,,,,,false,OBTAINABLE
PLAYABLE_CANDIDATE,949,962,20714,Misty,LIGHT,ATTACK,AWAKENED,true,false,false,106,10,10,true,3,,,,,,false,OBTAINABLE
PLAYABLE_CANDIDATE,950,963,20705,Jack-o'-lantern,DARK,ATTACK,BASE,true,false,false,106,10,10,true,3,,,,,,false,OBTAINABLE
PLAYABLE_CANDIDATE,951,964,20715,Dusky,DARK,ATTACK,AWAKENED,true,false,false,106,10,10,true,3,,,,,,false,OBTAINABLE
PLAYABLE_CANDIDATE,952,965,20904,Elven Ranger,LIGHT,ATTACK,BASE,true,false,false,108,10,10,true,3,,,,,,false,OBTAINABLE
PLAYABLE_CANDIDATE,953,966,20901,Elven Ranger,WATER,ATTACK,BASE,true,false,false,108,10,10,true,3,,,,,,false,OBTAINABLE
PLAYABLE_CANDIDATE,954,967,20903,Elven Ranger,WIND,ATTACK,BASE,true,false,false,108,10,10,true,3,,,,,,false,OBTAINABLE
PLAYABLE_CANDIDATE,955,968,20902,Elven Ranger,FIRE,SUPPORT,BASE,true,false,false,108,10,10,true,3,,,,,,false,OBTAINABLE
PLAYABLE_CANDIDATE,956,969,20905,Elven Ranger,DARK,ATTACK,BASE,true,false,false,108,10,10,true,3,,,,,,false,OBTAINABLE
PLAYABLE_CANDIDATE,957,970,20912,Adrian,FIRE,SUPPORT,AWAKENED,true,false,false,108,10,10,true,3,,,,,,false,OBTAINABLE
PLAYABLE_CANDIDATE,958,971,20911,Eluin,WATER,ATTACK,AWAKENED,true,false,false,108,10,10,true,3,,,,,,false,OBTAINABLE
PLAYABLE_CANDIDATE,959,972,20913,Erwin,WIND,ATTACK,AWAKENED,true,false,false,108,10,10,true,3,,,,,,false,OBTAINABLE
PLAYABLE_CANDIDATE,960,973,20914,Lucien,LIGHT,ATTACK,AWAKENED,true,false,false,108,10,10,true,3,,,,,,false,OBTAINABLE
PLAYABLE_CANDIDATE,961,974,20915,Isillen,DARK,ATTACK,AWAKENED,true,false,false,108,10,10,true,3,,,,,,false,OBTAINABLE
PLAYABLE_CANDIDATE,962,975,21001,Harg,WATER,SUPPORT,BASE,true,false,false,109,10,10,true,3,,,,,,false,OBTAINABLE
PLAYABLE_CANDIDATE,963,976,21002,Harg,FIRE,SUPPORT,BASE,true,false,false,109,10,10,true,3,,,,,,false,OBTAINABLE
PLAYABLE_CANDIDATE,964,977,21003,Harg,WIND,SUPPORT,BASE,true,false,false,109,10,10,true,3,,,,,,false,OBTAINABLE
PLAYABLE_CANDIDATE,965,978,21004,Harg,LIGHT,SUPPORT,BASE,true,false,false,109,10,10,true,3,,,,,,false,OBTAINABLE
PLAYABLE_CANDIDATE,966,979,21005,Harg,DARK,SUPPORT,BASE,true,false,false,109,10,10,true,3,,,,,,false,OBTAINABLE
PLAYABLE_CANDIDATE,967,980,21015,Kroa,DARK,SUPPORT,AWAKENED,true,false,false,109,10,10,true,3,,,,,,false,OBTAINABLE
PLAYABLE_CANDIDATE,968,981,21014,Dova,LIGHT,SUPPORT,AWAKENED,true,false,false,109,10,10,true,3,,,,,,false,OBTAINABLE
PLAYABLE_CANDIDATE,969,982,21013,Raviti,WIND,SUPPORT,AWAKENED,true,false,false,109,10,10,true,3,,,,,,false,OBTAINABLE
PLAYABLE_CANDIDATE,970,983,21011,Remy,WATER,SUPPORT,AWAKENED,true,false,false,109,10,10,true,3,,,,,,false,OBTAINABLE
PLAYABLE_CANDIDATE,971,984,21012,Racuni,FIRE,SUPPORT,AWAKENED,true,false,false,109,10,10,true,3,,,,,,false,OBTAINABLE
PLAYABLE_CANDIDATE,972,985,21102,Fairy King,FIRE,ATTACK,BASE,true,false,false,110,10,10,true,3,,,,,,false,OBTAINABLE
PLAYABLE_CANDIDATE,973,986,21101,Fairy King,WATER,ATTACK,BASE,true,false,false,110,10,10,true,3,,,,,,false,OBTAINABLE
PLAYABLE_CANDIDATE,974,987,21103,Fairy King,WIND,SUPPORT,BASE,true,false,false,110,10,10,true,3,,,,,,false,OBTAINABLE
PLAYABLE_CANDIDATE,975,988,21104,Fairy King,LIGHT,ATTACK,BASE,true,false,false,110,10,10,true,3,,,,,,false,OBTAINABLE
PLAYABLE_CANDIDATE,976,989,21105,Fairy King,DARK,SUPPORT,BASE,true,false,false,110,10,10,true,3,,,,,,false,OBTAINABLE
PLAYABLE_CANDIDATE,977,990,21115,Nyx,DARK,SUPPORT,AWAKENED,true,false,false,110,10,10,true,3,,,,,,false,OBTAINABLE
PLAYABLE_CANDIDATE,978,991,21114,Oberon,LIGHT,ATTACK,AWAKENED,true,false,false,110,10,10,true,3,,,,,,false,OBTAINABLE
PLAYABLE_CANDIDATE,979,992,21113,Ganymede,WIND,SUPPORT,AWAKENED,true,false,false,110,10,10,true,3,,,,,,false,OBTAINABLE
PLAYABLE_CANDIDATE,980,993,21111,Psamathe,WATER,ATTACK,AWAKENED,true,false,false,110,10,10,true,3,,,,,,false,OBTAINABLE
PLAYABLE_CANDIDATE,981,994,21112,Daphnis,FIRE,ATTACK,AWAKENED,true,false,false,110,10,10,true,3,,,,,,false,OBTAINABLE
PLAYABLE_CANDIDATE,982,995,21202,Panda Warrior,FIRE,DEFENSE,BASE,true,false,false,111,10,10,true,3,,,,,,false,OBTAINABLE
PLAYABLE_CANDIDATE,983,996,21212,Xiong Fei,FIRE,DEFENSE,AWAKENED,true,false,false,111,10,10,true,3,,,,,,false,OBTAINABLE
PLAYABLE_CANDIDATE,984,997,21201,Panda Warrior,WATER,HP,BASE,true,false,false,111,10,10,true,3,,,,,,false,OBTAINABLE
PLAYABLE_CANDIDATE,985,998,21211,Mo Long,WATER,HP,AWAKENED,true,false,false,111,10,10,true,3,,,,,,false,OBTAINABLE
PLAYABLE_CANDIDATE,986,1000,21213,Feng Yan,WIND,DEFENSE,AWAKENED,true,false,false,111,10,10,true,3,,,,,,false,OBTAINABLE
PLAYABLE_CANDIDATE,987,1001,21203,Panda Warrior,WIND,DEFENSE,BASE,true,false,false,111,10,10,true,3,,,,,,false,OBTAINABLE
PLAYABLE_CANDIDATE,988,1002,21204,Panda Warrior,LIGHT,HP,BASE,true,false,false,111,10,10,true,3,,,,,,false,OBTAINABLE
PLAYABLE_CANDIDATE,989,1003,21214,Tian Lang,LIGHT,HP,AWAKENED,true,false,false,111,10,10,true,3,,,,,,false,OBTAINABLE
PLAYABLE_CANDIDATE,990,1004,21205,Panda Warrior,DARK,ATTACK,BASE,true,false,false,111,10,10,true,3,,,,,,false,OBTAINABLE
PLAYABLE_CANDIDATE,991,1005,21215,Mi Ying,DARK,ATTACK,AWAKENED,true,false,false,111,10,10,true,3,,,,,,false,OBTAINABLE
PLAYABLE_CANDIDATE,992,1006,1000101,Homunculus(Attack),WATER,ATTACK,BASE,true,true,false,381,6,6,true,3,,,,,,false,OBTAINABLE|HOMUNCULUS
PLAYABLE_CANDIDATE,993,1007,1000102,Homunculus(Attack),FIRE,ATTACK,BASE,true,true,false,381,6,6,true,3,,,,,,false,OBTAINABLE|HOMUNCULUS
PLAYABLE_CANDIDATE,994,1008,1000103,Homunculus(Attack),WIND,ATTACK,BASE,true,true,false,381,6,6,true,3,,,,,,false,OBTAINABLE|HOMUNCULUS
PLAYABLE_CANDIDATE,995,1010,1000112,Homunculus(Attack),FIRE,ATTACK,AWAKENED,true,true,false,381,6,6,true,4,,,,,,false,OBTAINABLE|HOMUNCULUS
PLAYABLE_CANDIDATE,996,1011,1000111,Homunculus(Attack),WATER,ATTACK,AWAKENED,true,true,false,381,6,6,true,4,,,,,,false,OBTAINABLE|HOMUNCULUS
PLAYABLE_CANDIDATE,997,1012,1000113,Homunculus(Attack),WIND,ATTACK,AWAKENED,true,true,false,381,6,6,true,4,,,,,,false,OBTAINABLE|HOMUNCULUS
PLAYABLE_CANDIDATE,998,1013,21302,Dice Magician,FIRE,ATTACK,BASE,true,false,false,112,10,10,true,3,,,,,,false,OBTAINABLE
PLAYABLE_CANDIDATE,999,1014,21301,Dice Magician,WATER,ATTACK,BASE,true,false,false,112,10,10,true,3,,,,,,false,OBTAINABLE
PLAYABLE_CANDIDATE,1000,1015,21303,Dice Magician,WIND,SUPPORT,BASE,true,false,false,112,10,10,true,3,,,,,,false,OBTAINABLE
PLAYABLE_CANDIDATE,1001,1016,21304,Dice Magician,LIGHT,SUPPORT,BASE,true,false,false,112,10,10,true,3,,,,,,false,OBTAINABLE
PLAYABLE_CANDIDATE,1002,1017,21305,Dice Magician,DARK,SUPPORT,BASE,true,false,false,112,10,10,true,3,,,,,,false,OBTAINABLE
PLAYABLE_CANDIDATE,1003,1018,21312,Ludo,FIRE,ATTACK,AWAKENED,true,false,false,112,10,10,true,3,,,,,,false,OBTAINABLE
PLAYABLE_CANDIDATE,1004,1019,21311,Reno,WATER,ATTACK,AWAKENED,true,false,false,112,10,10,true,3,,,,,,false,OBTAINABLE
PLAYABLE_CANDIDATE,1005,1020,21313,Morris,WIND,SUPPORT,AWAKENED,true,false,false,112,10,10,true,3,,,,,,false,OBTAINABLE
PLAYABLE_CANDIDATE,1006,1021,21314,Tablo,LIGHT,SUPPORT,AWAKENED,true,false,false,112,10,10,true,3,,,,,,false,OBTAINABLE
PLAYABLE_CANDIDATE,1007,1022,21315,Monte,DARK,SUPPORT,AWAKENED,true,false,false,112,10,10,true,3,,,,,,false,OBTAINABLE
PLAYABLE_CANDIDATE,1008,1023,21401,Harp Magician,WATER,SUPPORT,BASE,true,false,false,113,11,10,true,3,,,,,,false,OBTAINABLE
PLAYABLE_CANDIDATE,1009,1024,21402,Harp Magician,FIRE,SUPPORT,BASE,true,false,true,113,11,10,true,3,,,,,,false,OBTAINABLE|FUSION_FOOD
PLAYABLE_CANDIDATE,1010,1025,21403,Harp Magician,WIND,SUPPORT,BASE,true,false,false,113,11,10,true,3,,,,,,false,OBTAINABLE
PLAYABLE_CANDIDATE,1011,1026,21404,Harp Magician,LIGHT,SUPPORT,BASE,true,false,false,113,11,10,true,3,,,,,,false,OBTAINABLE
PLAYABLE_CANDIDATE,1012,1027,21405,Harp Magician,DARK,SUPPORT,BASE,true,false,false,113,11,10,true,3,,,,,,false,OBTAINABLE
PLAYABLE_CANDIDATE,1013,1028,21411,Sonnet,WATER,SUPPORT,AWAKENED,true,false,false,113,11,10,true,3,,,,,,false,OBTAINABLE
PLAYABLE_CANDIDATE,1014,1029,21412,Harmonia,FIRE,SUPPORT,AWAKENED,true,false,true,113,11,10,true,3,,,,,,false,OBTAINABLE|FUSION_FOOD
PLAYABLE_CANDIDATE,1015,1030,21413,Triana,WIND,SUPPORT,AWAKENED,true,false,false,113,11,10,true,3,,,,,,false,OBTAINABLE
PLAYABLE_CANDIDATE,1016,1031,21414,Celia,LIGHT,SUPPORT,AWAKENED,true,false,false,113,11,10,true,3,,,,,,false,OBTAINABLE
PLAYABLE_CANDIDATE,1017,1032,21415,Vivachel,DARK,SUPPORT,AWAKENED,true,false,false,113,11,10,true,3,,,,,,false,OBTAINABLE
PLAYABLE_CANDIDATE,1018,1033,21501,Unicorn,WATER,HP,BASE,true,false,false,114,10,10,true,3,,,,,,false,OBTAINABLE
PLAYABLE_CANDIDATE,1019,1034,21502,Unicorn,FIRE,HP,BASE,true,false,false,114,10,10,true,3,,,,,,false,OBTAINABLE
PLAYABLE_CANDIDATE,1020,1035,21503,Unicorn,WIND,HP,BASE,true,false,false,114,10,10,true,3,,,,,,false,OBTAINABLE
PLAYABLE_CANDIDATE,1021,1036,21504,Unicorn,LIGHT,HP,BASE,true,false,false,114,10,10,true,3,,,,,,false,OBTAINABLE
PLAYABLE_CANDIDATE,1022,1037,21505,Unicorn,DARK,HP,BASE,true,false,false,114,10,10,true,3,,,,,,false,OBTAINABLE
PLAYABLE_CANDIDATE,1023,1038,21515,Alexandra,DARK,HP,AWAKENED,true,false,false,114,10,10,true,4,,1032,Alexandra,1032,Alexandra,true,OBTAINABLE|TRANSFORMS_TO|TRANSFORMED_FROM
PLAYABLE_CANDIDATE,1024,1039,21512,Helena,FIRE,HP,AWAKENED,true,false,false,114,10,10,true,4,,1028,Helena,1028,Helena,true,OBTAINABLE|TRANSFORMS_TO|TRANSFORMED_FROM
PLAYABLE_CANDIDATE,1025,1040,21514,Eleanor,LIGHT,HP,AWAKENED,true,false,false,114,10,10,true,4,,1031,Eleanor,1031,Eleanor,true,OBTAINABLE|TRANSFORMS_TO|TRANSFORMED_FROM
PLAYABLE_CANDIDATE,1026,1041,21511,Amelia,WATER,HP,AWAKENED,true,false,false,114,10,10,true,4,,1029,Amelia,1029,Amelia,true,OBTAINABLE|TRANSFORMS_TO|TRANSFORMED_FROM
PLAYABLE_CANDIDATE,1027,1042,21513,Diana,WIND,HP,AWAKENED,true,false,false,114,10,10,true,4,,1030,Diana,1030,Diana,true,OBTAINABLE|TRANSFORMS_TO|TRANSFORMED_FROM
PLAYABLE_CANDIDATE,1033,1048,1000204,Homunculus(Support),LIGHT,SUPPORT,BASE,true,true,false,382,4,4,true,3,,,,,,false,OBTAINABLE|HOMUNCULUS
PLAYABLE_CANDIDATE,1034,1049,1000205,Homunculus(Support),DARK,SUPPORT,BASE,true,true,false,382,4,4,true,3,,,,,,false,OBTAINABLE|HOMUNCULUS
PLAYABLE_CANDIDATE,1035,1050,1000214,Homunculus(Support),LIGHT,SUPPORT,AWAKENED,true,true,false,382,4,4,true,4,,,,,,false,OBTAINABLE|HOMUNCULUS
PLAYABLE_CANDIDATE,1036,1051,1000215,Homunculus(Support),DARK,SUPPORT,AWAKENED,true,true,false,382,4,4,true,4,,,,,,false,OBTAINABLE|HOMUNCULUS
PLAYABLE_CANDIDATE,1141,1156,21804,Paladin,LIGHT,HP,BASE,true,false,false,117,10,10,true,3,,,,,,false,OBTAINABLE
PLAYABLE_CANDIDATE,1144,1159,21801,Paladin,WATER,HP,BASE,true,false,false,117,10,10,true,3,,,,,,false,OBTAINABLE
PLAYABLE_CANDIDATE,1145,1160,21802,Paladin,FIRE,HP,BASE,true,false,false,117,10,10,true,3,,,,,,false,OBTAINABLE
PLAYABLE_CANDIDATE,1146,1161,21803,Paladin,WIND,SUPPORT,BASE,true,false,false,117,10,10,true,3,,,,,,false,OBTAINABLE
PLAYABLE_CANDIDATE,1147,1162,21805,Paladin,DARK,DEFENSE,BASE,true,false,false,117,10,10,true,3,,,,,,false,OBTAINABLE
PLAYABLE_CANDIDATE,1148,1163,21811,Josephine,WATER,HP,AWAKENED,true,false,false,117,10,10,true,3,,,,,,false,OBTAINABLE
PLAYABLE_CANDIDATE,1149,1164,21812,Ophilia,FIRE,HP,AWAKENED,true,false,false,117,10,10,true,3,,,,,,false,OBTAINABLE
PLAYABLE_CANDIDATE,1150,1165,21813,Louise,WIND,SUPPORT,AWAKENED,true,false,false,117,10,10,true,3,,,,,,false,OBTAINABLE
PLAYABLE_CANDIDATE,1151,1166,21814,Jeanne,LIGHT,HP,AWAKENED,true,false,false,117,10,10,true,3,,,,,,false,OBTAINABLE
PLAYABLE_CANDIDATE,1152,1167,21815,Leona,DARK,DEFENSE,AWAKENED,true,false,false,117,10,10,true,3,,,,,,false,OBTAINABLE
PLAYABLE_CANDIDATE,1154,1169,21901,Chakram Dancer,WATER,ATTACK,BASE,true,false,false,118,11,10,true,3,,,,,,false,OBTAINABLE
PLAYABLE_CANDIDATE,1155,1170,21902,Chakram Dancer,FIRE,ATTACK,BASE,true,false,false,118,11,10,true,3,,,,,,false,OBTAINABLE
PLAYABLE_CANDIDATE,1156,1171,21903,Chakram Dancer,WIND,ATTACK,BASE,true,false,false,118,11,10,true,3,,,,,,false,OBTAINABLE
PLAYABLE_CANDIDATE,1157,1172,21904,Chakram Dancer,LIGHT,ATTACK,BASE,true,false,false,118,11,10,true,3,,,,,,false,OBTAINABLE
PLAYABLE_CANDIDATE,1158,1173,21905,Chakram Dancer,DARK,ATTACK,BASE,true,false,false,118,11,10,true,3,,,,,,false,OBTAINABLE
PLAYABLE_CANDIDATE,1159,1174,21911,Talia,WATER,ATTACK,AWAKENED,true,false,false,118,11,10,true,3,,,,,,false,OBTAINABLE
PLAYABLE_CANDIDATE,1160,1175,21912,Shaina,FIRE,ATTACK,AWAKENED,true,false,false,118,11,10,true,3,,,,,,false,OBTAINABLE
PLAYABLE_CANDIDATE,1161,1176,21913,Melissa,WIND,ATTACK,AWAKENED,true,false,false,118,11,10,true,3,,,,,,false,OBTAINABLE
PLAYABLE_CANDIDATE,1162,1177,21914,Deva,LIGHT,ATTACK,AWAKENED,true,false,false,118,11,10,true,3,,,,,,false,OBTAINABLE
PLAYABLE_CANDIDATE,1163,1178,21915,Belita,DARK,ATTACK,AWAKENED,true,false,false,118,11,10,true,3,,,,,,false,OBTAINABLE
PLAYABLE_CANDIDATE,1164,1179,22001,Boomerang Warrior,WATER,ATTACK,BASE,true,false,false,119,10,10,true,3,,,,,,false,OBTAINABLE
PLAYABLE_CANDIDATE,1165,1180,22002,Boomerang Warrior,FIRE,ATTACK,BASE,true,false,false,119,10,10,true,3,,,,,,false,OBTAINABLE
PLAYABLE_CANDIDATE,1166,1181,22003,Boomerang Warrior,WIND,ATTACK,BASE,true,false,false,119,10,10,true,3,,,,,,false,OBTAINABLE
PLAYABLE_CANDIDATE,1167,1182,22004,Boomerang Warrior,LIGHT,ATTACK,BASE,true,false,false,119,10,10,true,3,,,,,,false,OBTAINABLE
PLAYABLE_CANDIDATE,1168,1183,22005,Boomerang Warrior,DARK,ATTACK,BASE,true,false,false,119,10,10,true,3,,,,,,false,OBTAINABLE
PLAYABLE_CANDIDATE,1169,1184,22011,Sabrina,WATER,ATTACK,AWAKENED,true,false,false,119,10,10,true,3,,,,,,false,OBTAINABLE
PLAYABLE_CANDIDATE,1170,1185,22012,Maruna,FIRE,ATTACK,AWAKENED,true,false,false,119,10,10,true,3,,,,,,false,OBTAINABLE
PLAYABLE_CANDIDATE,1171,1186,22013,Zenobia,WIND,ATTACK,AWAKENED,true,false,false,119,10,10,true,3,,,,,,false,OBTAINABLE
PLAYABLE_CANDIDATE,1172,1187,22014,Bailey,LIGHT,ATTACK,AWAKENED,true,false,false,119,10,10,true,3,,,,,,false,OBTAINABLE
PLAYABLE_CANDIDATE,1173,1188,22015,Martina,DARK,ATTACK,AWAKENED,true,false,false,119,10,10,true,3,,,,,,false,OBTAINABLE
PLAYABLE_CANDIDATE,1174,1189,22101,Dryad,WATER,SUPPORT,BASE,true,false,false,120,11,10,true,3,,,,,,false,OBTAINABLE
PLAYABLE_CANDIDATE,1175,1190,22102,Dryad,FIRE,SUPPORT,BASE,true,false,false,120,11,10,true,3,,,,,,false,OBTAINABLE
PLAYABLE_CANDIDATE,1176,1191,22103,Dryad,WIND,SUPPORT,BASE,true,false,true,120,11,10,true,3,,,,,,false,OBTAINABLE|FUSION_FOOD
PLAYABLE_CANDIDATE,1177,1192,22104,Dryad,LIGHT,SUPPORT,BASE,true,false,false,120,11,10,true,3,,,,,,false,OBTAINABLE
PLAYABLE_CANDIDATE,1178,1193,22105,Dryad,DARK,SUPPORT,BASE,true,false,false,120,11,10,true,3,,,,,,false,OBTAINABLE
PLAYABLE_CANDIDATE,1179,1194,22111,Herne,WATER,SUPPORT,AWAKENED,true,false,false,120,11,10,true,3,,,,,,false,OBTAINABLE
PLAYABLE_CANDIDATE,1180,1195,22112,Nisha,FIRE,SUPPORT,AWAKENED,true,false,false,120,11,10,true,3,,,,,,false,OBTAINABLE
PLAYABLE_CANDIDATE,1181,1196,22113,Mellia,WIND,SUPPORT,AWAKENED,true,false,false,120,11,10,true,3,,,,,,false,OBTAINABLE
PLAYABLE_CANDIDATE,1182,1197,22114,Felleria,LIGHT,SUPPORT,AWAKENED,true,false,false,120,11,10,true,3,,,,,,false,OBTAINABLE
PLAYABLE_CANDIDATE,1183,1198,22115,Hyanes,DARK,SUPPORT,AWAKENED,true,false,false,120,11,10,true,3,,,,,,false,OBTAINABLE
PLAYABLE_CANDIDATE,1184,1199,22201,Druid,WATER,DEFENSE,BASE,true,false,false,121,10,10,true,3,,,,,,false,OBTAINABLE
PLAYABLE_CANDIDATE,1185,1200,22202,Druid,FIRE,DEFENSE,BASE,true,false,false,121,10,10,true,3,,,,,,false,OBTAINABLE
PLAYABLE_CANDIDATE,1186,1201,22203,Druid,WIND,DEFENSE,BASE,true,false,false,121,10,10,true,3,,,,,,false,OBTAINABLE
PLAYABLE_CANDIDATE,1187,1202,22204,Druid,LIGHT,HP,BASE,true,false,false,121,10,10,true,3,,,,,,false,OBTAINABLE
PLAYABLE_CANDIDATE,1188,1203,22205,Druid,DARK,HP,BASE,true,false,false,121,10,10,true,3,,,,,,false,OBTAINABLE
PLAYABLE_CANDIDATE,1189,1204,22211,Abellio,WATER,DEFENSE,AWAKENED,true,false,false,121,10,10,true,4,,1194,Abellio,1194,Abellio,true,OBTAINABLE|TRANSFORMS_TO|TRANSFORMED_FROM
PLAYABLE_CANDIDATE,1190,1205,22212,Bellenus,FIRE,DEFENSE,AWAKENED,true,false,false,121,10,10,true,4,,1195,Bellenus,1195,Bellenus,true,OBTAINABLE|TRANSFORMS_TO|TRANSFORMED_FROM
PLAYABLE_CANDIDATE,1191,1206,22213,Taranys,WIND,DEFENSE,AWAKENED,true,false,false,121,10,10,true,4,,1196,Taranys,1196,Taranys,true,OBTAINABLE|TRANSFORMS_TO|TRANSFORMED_FROM
PLAYABLE_CANDIDATE,1192,1207,22214,Valantis,LIGHT,HP,AWAKENED,true,false,false,121,10,10,true,4,,1197,Valantis,1197,Valantis,true,OBTAINABLE|TRANSFORMS_TO|TRANSFORMED_FROM
PLAYABLE_CANDIDATE,1193,1208,22215,Pater,DARK,HP,AWAKENED,true,false,false,121,10,10,true,4,,1198,Pater,1198,Pater,true,OBTAINABLE|TRANSFORMS_TO|TRANSFORMED_FROM
PLAYABLE_CANDIDATE,1214,1229,22401,Giant Warrior,WATER,DEFENSE,BASE,true,false,false,123,10,10,true,3,,,,,,false,OBTAINABLE
PLAYABLE_CANDIDATE,1215,1230,22402,Giant Warrior,FIRE,DEFENSE,BASE,true,false,false,123,10,10,true,3,,,,,,false,OBTAINABLE
PLAYABLE_CANDIDATE,1216,1231,22403,Giant Warrior,WIND,HP,BASE,true,false,false,123,10,10,true,3,,1224,Giant Warrior,1224,Giant Warrior,true,OBTAINABLE|TRANSFORMS_TO|TRANSFORMED_FROM
PLAYABLE_CANDIDATE,1217,1232,22404,Giant Warrior,LIGHT,DEFENSE,BASE,true,false,false,123,10,10,true,3,,,,,,false,OBTAINABLE
PLAYABLE_CANDIDATE,1218,1233,22405,Giant Warrior,DARK,HP,BASE,true,false,false,123,10,10,true,3,,1225,Giant Warrior,1225,Giant Warrior,true,OBTAINABLE|TRANSFORMS_TO|TRANSFORMED_FROM
PLAYABLE_CANDIDATE,1219,1234,22411,Bagir,WATER,DEFENSE,AWAKENED,true,false,false,123,10,10,true,3,,,,,,false,OBTAINABLE
PLAYABLE_CANDIDATE,1220,1235,22412,Vidurr,FIRE,DEFENSE,AWAKENED,true,false,false,123,10,10,true,3,,,,,,false,OBTAINABLE
PLAYABLE_CANDIDATE,1221,1236,22413,Skogul,WIND,HP,AWAKENED,true,false,false,123,10,10,true,3,,1226,Skogul,1226,Skogul,true,OBTAINABLE|TRANSFORMS_TO|TRANSFORMED_FROM
PLAYABLE_CANDIDATE,1222,1237,22414,Einheri,LIGHT,DEFENSE,AWAKENED,true,false,false,123,10,10,true,3,,,,,,false,OBTAINABLE
PLAYABLE_CANDIDATE,1223,1238,22415,Trasar,DARK,HP,AWAKENED,true,false,false,123,10,10,true,3,,1227,Trasar,1227,Trasar,true,OBTAINABLE|TRANSFORMS_TO|TRANSFORMED_FROM
PLAYABLE_CANDIDATE,1228,1243,22601,Lightning Emperor,WATER,HP,BASE,true,false,false,125,10,10,true,3,,,,,,false,OBTAINABLE
PLAYABLE_CANDIDATE,1229,1244,22602,Lightning Emperor,FIRE,ATTACK,BASE,true,false,false,125,10,10,true,3,,,,,,false,OBTAINABLE
PLAYABLE_CANDIDATE,1230,1245,22603,Lightning Emperor,WIND,ATTACK,BASE,true,false,false,125,10,10,true,3,,,,,,false,OBTAINABLE
PLAYABLE_CANDIDATE,1231,1246,22604,Lightning Emperor,LIGHT,HP,BASE,true,false,false,125,10,10,true,3,,,,,,false,OBTAINABLE
PLAYABLE_CANDIDATE,1232,1247,22605,Lightning Emperor,DARK,ATTACK,BASE,true,false,false,125,10,10,true,3,,,,,,false,OBTAINABLE
PLAYABLE_CANDIDATE,1233,1248,22611,Bolverk,WATER,HP,AWAKENED,true,false,false,125,10,10,true,3,,,,,,false,OBTAINABLE
PLAYABLE_CANDIDATE,1234,1249,22612,Baleygr,FIRE,ATTACK,AWAKENED,true,false,false,125,10,10,true,3,,,,,,false,OBTAINABLE
PLAYABLE_CANDIDATE,1235,1250,22613,Odin,WIND,ATTACK,AWAKENED,true,false,false,125,10,10,true,3,,,,,,false,OBTAINABLE
PLAYABLE_CANDIDATE,1236,1251,22614,Geldnir,LIGHT,HP,AWAKENED,true,false,false,125,10,10,true,3,,,,,,false,OBTAINABLE
PLAYABLE_CANDIDATE,1237,1252,22615,Herteit,DARK,ATTACK,AWAKENED,true,false,false,125,10,10,true,3,,,,,,false,OBTAINABLE
PLAYABLE_CANDIDATE,1238,1253,22701,Sniper Mk.I,WATER,ATTACK,BASE,true,false,false,126,10,10,true,3,,,,,,false,OBTAINABLE
PLAYABLE_CANDIDATE,1239,1254,22702,Sniper Mk.I,FIRE,ATTACK,BASE,true,false,false,126,10,10,true,3,,1248,Sniper Mk.I,1248,Sniper Mk.I,true,OBTAINABLE|TRANSFORMS_TO|TRANSFORMED_FROM
PLAYABLE_CANDIDATE,1240,1255,22703,Sniper Mk.I,WIND,ATTACK,BASE,true,false,false,126,10,10,true,3,,1249,Sniper Mk.I,1249,Sniper Mk.I,true,OBTAINABLE|TRANSFORMS_TO|TRANSFORMED_FROM
PLAYABLE_CANDIDATE,1241,1256,22704,Sniper Mk.I,LIGHT,ATTACK,BASE,true,false,false,126,10,10,true,3,,,,,,false,OBTAINABLE
PLAYABLE_CANDIDATE,1242,1257,22705,Sniper Mk.I,DARK,ATTACK,BASE,true,false,false,126,10,10,true,3,,1250,Sniper Mk.I,1250,Sniper Mk.I,true,OBTAINABLE|TRANSFORMS_TO|TRANSFORMED_FROM
PLAYABLE_CANDIDATE,1243,1258,22711,Covenant,WATER,ATTACK,AWAKENED,true,false,false,126,10,10,true,3,,,,,,false,OBTAINABLE
PLAYABLE_CANDIDATE,1244,1259,22712,Carcano,FIRE,ATTACK,AWAKENED,true,false,false,126,10,10,true,3,,1251,Carcano,1251,Carcano,true,OBTAINABLE|TRANSFORMS_TO|TRANSFORMED_FROM
PLAYABLE_CANDIDATE,1245,1260,22713,Carbine,WIND,ATTACK,AWAKENED,true,false,false,126,10,10,true,3,,1252,Carbine,1252,Carbine,true,OBTAINABLE|TRANSFORMS_TO|TRANSFORMED_FROM
PLAYABLE_CANDIDATE,1246,1261,22714,Magnum,LIGHT,ATTACK,AWAKENED,true,false,false,126,10,10,true,3,,,,,,false,OBTAINABLE
PLAYABLE_CANDIDATE,1247,1262,22715,Dragunov,DARK,ATTACK,AWAKENED,true,false,false,126,10,10,true,3,,1253,Dragunov,1253,Dragunov,true,OBTAINABLE|TRANSFORMS_TO|TRANSFORMED_FROM
PLAYABLE_CANDIDATE,1254,1269,22901,Cannon Girl,WATER,ATTACK,BASE,true,false,false,128,10,10,true,2,,,,,,false,OBTAINABLE
PLAYABLE_CANDIDATE,1255,1270,22902,Cannon Girl,FIRE,ATTACK,BASE,true,false,false,128,10,10,true,2,,,,,,false,OBTAINABLE
PLAYABLE_CANDIDATE,1256,1271,22903,Cannon Girl,WIND,ATTACK,BASE,true,false,false,128,10,10,true,3,,,,,,false,OBTAINABLE
PLAYABLE_CANDIDATE,1257,1272,22904,Cannon Girl,LIGHT,ATTACK,BASE,true,false,false,128,10,10,true,2,,,,,,false,OBTAINABLE
PLAYABLE_CANDIDATE,1258,1273,22905,Cannon Girl,DARK,ATTACK,BASE,true,false,false,128,10,10,true,3,,,,,,false,OBTAINABLE
PLAYABLE_CANDIDATE,1259,1274,22911,Abigail,WATER,ATTACK,AWAKENED,true,false,false,128,10,10,true,3,,,,,,false,OBTAINABLE
PLAYABLE_CANDIDATE,1260,1275,22912,Scarlett,FIRE,ATTACK,AWAKENED,true,false,false,128,10,10,true,3,,,,,,false,OBTAINABLE
PLAYABLE_CANDIDATE,1261,1276,22913,Christina,WIND,ATTACK,AWAKENED,true,false,false,128,10,10,true,4,,,,,,false,OBTAINABLE
PLAYABLE_CANDIDATE,1262,1277,22914,Emily,LIGHT,ATTACK,AWAKENED,true,false,false,128,10,10,true,3,,,,,,false,OBTAINABLE
PLAYABLE_CANDIDATE,1263,1278,22915,Bella,DARK,ATTACK,AWAKENED,true,false,false,128,10,10,true,4,,,,,,false,OBTAINABLE
PLAYABLE_CANDIDATE,1264,1279,23005,Vampire Lord,DARK,ATTACK,BASE,true,false,false,129,2,2,true,3,,,,,,false,OBTAINABLE
PLAYABLE_CANDIDATE,1265,1280,23015,Eirgar,DARK,ATTACK,AWAKENED,true,false,false,129,2,2,true,3,,,,,,false,OBTAINABLE
PLAYABLE_CANDIDATE,1266,1281,10131,Elucia,WATER,SUPPORT,SECOND_AWAKENED,true,false,false,1,15,15,true,3,,,,,,false,OBTAINABLE
PLAYABLE_CANDIDATE,1267,1282,10132,Iselia,FIRE,ATTACK,SECOND_AWAKENED,true,false,false,1,15,15,true,3,,,,,,false,OBTAINABLE
PLAYABLE_CANDIDATE,1268,1283,10133,Aeilene,WIND,SUPPORT,SECOND_AWAKENED,true,false,false,1,15,15,true,3,,,,,,false,OBTAINABLE
PLAYABLE_CANDIDATE,1269,1284,10134,Neal,LIGHT,SUPPORT,SECOND_AWAKENED,true,false,false,1,15,15,true,3,,,,,,false,OBTAINABLE
PLAYABLE_CANDIDATE,1270,1285,10135,Sorin,DARK,ATTACK,SECOND_AWAKENED,true,false,false,1,15,15,true,3,,,,,,false,OBTAINABLE
PLAYABLE_CANDIDATE,1271,1286,10331,Kacey,WATER,SUPPORT,SECOND_AWAKENED,true,false,false,3,15,15,true,3,,,,,,false,OBTAINABLE
PLAYABLE_CANDIDATE,1272,1287,10332,Tatu,FIRE,ATTACK,SECOND_AWAKENED,true,false,false,3,15,15,true,3,,,,,,false,OBTAINABLE
PLAYABLE_CANDIDATE,1273,1288,10333,Shannon,WIND,SUPPORT,SECOND_AWAKENED,true,false,false,3,15,15,true,3,,,,,,false,OBTAINABLE
PLAYABLE_CANDIDATE,1274,1289,10334,Cheryl,LIGHT,SUPPORT,SECOND_AWAKENED,true,false,false,3,15,15,true,3,,,,,,false,OBTAINABLE
PLAYABLE_CANDIDATE,1275,1290,10335,Camaryn,DARK,ATTACK,SECOND_AWAKENED,true,false,false,3,15,15,true,3,,,,,,false,OBTAINABLE
PLAYABLE_CANDIDATE,1276,1291,10731,Dagora,WATER,HP,SECOND_AWAKENED,true,false,false,7,15,15,true,3,,,,,,false,OBTAINABLE
PLAYABLE_CANDIDATE,1277,1292,10732,Ursha,FIRE,HP,SECOND_AWAKENED,true,false,false,7,15,15,true,3,,,,,,false,OBTAINABLE
PLAYABLE_CANDIDATE,1278,1293,10733,Ramagos,WIND,HP,SECOND_AWAKENED,true,false,false,7,15,15,true,3,,,,,,false,OBTAINABLE
PLAYABLE_CANDIDATE,1279,1294,10734,Lusha,LIGHT,HP,SECOND_AWAKENED,true,false,false,7,15,15,true,3,,,,,,false,OBTAINABLE
PLAYABLE_CANDIDATE,1280,1295,10735,Gorgo,DARK,HP,SECOND_AWAKENED,true,false,false,7,15,15,true,3,,,,,,false,OBTAINABLE
PLAYABLE_CANDIDATE,1281,1296,11031,Icaru,WATER,DEFENSE,SECOND_AWAKENED,true,false,false,10,15,15,true,3,,,,,,false,OBTAINABLE
PLAYABLE_CANDIDATE,1282,1297,11032,Raoq,FIRE,ATTACK,SECOND_AWAKENED,true,false,false,10,15,15,true,3,,,,,,false,OBTAINABLE
PLAYABLE_CANDIDATE,1283,1298,11033,Ramahan,WIND,DEFENSE,SECOND_AWAKENED,true,false,false,10,15,15,true,3,,,,,,false,OBTAINABLE
PLAYABLE_CANDIDATE,1284,1299,11034,Belladeon,LIGHT,DEFENSE,SECOND_AWAKENED,true,false,false,10,15,15,true,3,,,,,,false,OBTAINABLE
PLAYABLE_CANDIDATE,1285,1300,11035,Kro,DARK,ATTACK,SECOND_AWAKENED,true,false,false,10,15,15,true,3,,,,,,false,OBTAINABLE
PLAYABLE_CANDIDATE,1288,1303,23101,Demon,WATER,ATTACK,BASE,true,false,false,130,10,10,true,3,,1339,데몬(물),1339,데몬(물),true,OBTAINABLE|TRANSFORMS_TO|TRANSFORMED_FROM
PLAYABLE_CANDIDATE,1289,1304,23102,Demon,FIRE,ATTACK,BASE,true,false,false,130,10,10,true,3,,,,,,false,OBTAINABLE
PLAYABLE_CANDIDATE,1290,1305,23103,Demon,WIND,HP,BASE,true,false,false,130,10,10,true,3,,,,,,false,OBTAINABLE
PLAYABLE_CANDIDATE,1291,1306,23104,Demon,LIGHT,HP,BASE,true,false,false,130,10,10,true,3,,,,,,false,OBTAINABLE
PLAYABLE_CANDIDATE,1292,1307,23105,Demon,DARK,ATTACK,BASE,true,false,false,130,10,10,true,3,,,,1342,데몬(어둠),true,OBTAINABLE|TRANSFORMED_FROM
PLAYABLE_CANDIDATE,1293,1308,23111,Belial,WATER,ATTACK,AWAKENED,true,false,false,130,10,10,true,3,,1341,데몬(물),,,true,OBTAINABLE|TRANSFORMS_TO
PLAYABLE_CANDIDATE,1294,1309,23112,Bael,FIRE,ATTACK,AWAKENED,true,false,false,130,10,10,true,3,,,,,,false,OBTAINABLE
PLAYABLE_CANDIDATE,1295,1310,23113,Mephisto,WIND,HP,AWAKENED,true,false,false,130,10,10,true,3,,,,,,false,OBTAINABLE
PLAYABLE_CANDIDATE,1296,1311,23114,Lucifer,LIGHT,HP,AWAKENED,true,false,false,130,10,10,true,3,,,,,,false,OBTAINABLE
PLAYABLE_CANDIDATE,1297,1312,23115,Beelzebub,DARK,ATTACK,AWAKENED,true,false,false,130,10,10,true,3,,,,,,false,OBTAINABLE
PLAYABLE_CANDIDATE,1298,1313,23301,Gargoyle,WATER,DEFENSE,BASE,true,false,false,132,10,10,true,3,,1343,가고일(물),1343,가고일(물),true,OBTAINABLE|TRANSFORMS_TO|TRANSFORMED_FROM
PLAYABLE_CANDIDATE,1299,1314,23302,Gargoyle,FIRE,DEFENSE,BASE,true,false,false,132,10,10,true,3,,1344,가고일(불),1344,가고일(불),true,OBTAINABLE|TRANSFORMS_TO|TRANSFORMED_FROM
PLAYABLE_CANDIDATE,1300,1315,23303,Gargoyle,WIND,DEFENSE,BASE,true,false,false,132,10,10,true,3,,1345,가고일(바람),1345,가고일(바람),true,OBTAINABLE|TRANSFORMS_TO|TRANSFORMED_FROM
PLAYABLE_CANDIDATE,1301,1316,23304,Gargoyle,LIGHT,DEFENSE,BASE,true,false,false,132,10,10,true,3,,1346,가고일(빛),1346,가고일(빛),true,OBTAINABLE|TRANSFORMS_TO|TRANSFORMED_FROM
PLAYABLE_CANDIDATE,1302,1317,23305,Gargoyle,DARK,DEFENSE,BASE,true,false,false,132,10,10,true,3,,1347,가고일(어둠),1347,가고일(어둠),true,OBTAINABLE|TRANSFORMS_TO|TRANSFORMED_FROM
PLAYABLE_CANDIDATE,1303,1318,23311,Tanzaite,WATER,DEFENSE,AWAKENED,true,false,false,132,10,10,true,3,,1348,가고일(물),1348,가고일(물),true,OBTAINABLE|TRANSFORMS_TO|TRANSFORMED_FROM
PLAYABLE_CANDIDATE,1304,1319,23312,Kunite,FIRE,DEFENSE,AWAKENED,true,false,false,132,10,10,true,3,,1349,가고일(불),1349,가고일(불),true,OBTAINABLE|TRANSFORMS_TO|TRANSFORMED_FROM
PLAYABLE_CANDIDATE,1305,1320,23313,Malite,WIND,DEFENSE,AWAKENED,true,false,false,132,10,10,true,3,,1350,가고일(바람),1350,가고일(바람),true,OBTAINABLE|TRANSFORMS_TO|TRANSFORMED_FROM
PLAYABLE_CANDIDATE,1306,1321,23314,Phenaka,LIGHT,DEFENSE,AWAKENED,true,false,false,132,10,10,true,3,,1351,가고일(빛),1351,가고일(빛),true,OBTAINABLE|TRANSFORMS_TO|TRANSFORMED_FROM
PLAYABLE_CANDIDATE,1307,1322,23315,Onyx,DARK,DEFENSE,AWAKENED,true,false,false,132,10,10,true,3,,1352,가고일(어둠),1352,가고일(어둠),true,OBTAINABLE|TRANSFORMS_TO|TRANSFORMED_FROM
PLAYABLE_CANDIDATE,1308,1323,14031,Vigor,WATER,HP,SECOND_AWAKENED,true,false,false,40,15,15,true,3,,,,,,false,OBTAINABLE
PLAYABLE_CANDIDATE,1309,1324,14032,Garoche,FIRE,HP,SECOND_AWAKENED,true,false,false,40,15,15,true,3,,,,,,false,OBTAINABLE
PLAYABLE_CANDIDATE,1310,1325,14033,Shakan,WIND,DEFENSE,SECOND_AWAKENED,true,false,false,40,15,15,true,3,,,,,,false,OBTAINABLE
PLAYABLE_CANDIDATE,1311,1326,14034,Eshir,LIGHT,HP,SECOND_AWAKENED,true,false,false,40,15,15,true,3,,,,,,false,OBTAINABLE
PLAYABLE_CANDIDATE,1312,1327,14035,Jultan,DARK,HP,SECOND_AWAKENED,true,false,false,40,15,15,true,3,,,,,,false,OBTAINABLE
PLAYABLE_CANDIDATE,1313,1328,15031,Mina,WATER,ATTACK,SECOND_AWAKENED,true,false,false,50,15,15,true,3,,,,,,false,OBTAINABLE
PLAYABLE_CANDIDATE,1314,1329,15032,Mei,FIRE,HP,SECOND_AWAKENED,true,false,false,50,15,15,true,3,,,,,,false,OBTAINABLE
PLAYABLE_CANDIDATE,1315,1330,15033,Naomi,WIND,ATTACK,SECOND_AWAKENED,true,false,false,50,15,15,true,3,,,,,,false,OBTAINABLE
PLAYABLE_CANDIDATE,1316,1331,15034,Xiao Ling,LIGHT,HP,SECOND_AWAKENED,true,false,false,50,15,15,true,3,,,,,,false,OBTAINABLE
PLAYABLE_CANDIDATE,1317,1332,15035,Miho,DARK,ATTACK,SECOND_AWAKENED,true,false,false,50,15,15,true,3,,,,,,false,OBTAINABLE
PLAYABLE_CANDIDATE,1319,1334,23501,Beast Rider,WATER,ATTACK,BASE,true,false,false,134,10,10,true,4,,1329,Beast Rider,1329,Beast Rider,true,OBTAINABLE|TRANSFORMS_TO|TRANSFORMED_FROM
PLAYABLE_CANDIDATE,1320,1335,23502,Beast Rider,FIRE,ATTACK,BASE,true,false,false,134,10,10,true,4,,1330,Beast Rider,1330,Beast Rider,true,OBTAINABLE|TRANSFORMS_TO|TRANSFORMED_FROM
PLAYABLE_CANDIDATE,1321,1336,23503,Beast Rider,WIND,ATTACK,BASE,true,false,false,134,10,10,true,4,,1331,Beast Rider,1331,Beast Rider,true,OBTAINABLE|TRANSFORMS_TO|TRANSFORMED_FROM
PLAYABLE_CANDIDATE,1322,1337,23504,Beast Rider,LIGHT,ATTACK,BASE,true,false,false,134,10,10,true,4,,1332,Beast Rider,1332,Beast Rider,true,OBTAINABLE|TRANSFORMS_TO|TRANSFORMED_FROM
PLAYABLE_CANDIDATE,1323,1338,23505,Beast Rider,DARK,ATTACK,BASE,true,false,false,134,10,10,true,4,,1333,Beast Rider,1333,Beast Rider,true,OBTAINABLE|TRANSFORMS_TO|TRANSFORMED_FROM
PLAYABLE_CANDIDATE,1324,1339,23511,Barbara,WATER,ATTACK,AWAKENED,true,false,false,134,10,10,true,4,,1334,Barbara,1334,Barbara,true,OBTAINABLE|TRANSFORMS_TO|TRANSFORMED_FROM
PLAYABLE_CANDIDATE,1325,1340,23512,Masha,FIRE,ATTACK,AWAKENED,true,false,false,134,10,10,true,4,,1335,Masha,1335,Masha,true,OBTAINABLE|TRANSFORMS_TO|TRANSFORMED_FROM
PLAYABLE_CANDIDATE,1326,1341,23513,Savannah,WIND,ATTACK,AWAKENED,true,false,false,134,10,10,true,4,,1336,Savannah,1336,Savannah,true,OBTAINABLE|TRANSFORMS_TO|TRANSFORMED_FROM
PLAYABLE_CANDIDATE,1327,1342,23514,Narsha,LIGHT,ATTACK,AWAKENED,true,false,false,134,10,10,true,4,,1337,Narsha,1337,Narsha,true,OBTAINABLE|TRANSFORMS_TO|TRANSFORMED_FROM
PLAYABLE_CANDIDATE,1328,1343,23515,Xiana,DARK,ATTACK,AWAKENED,true,false,false,134,10,10,true,4,,1338,Xiana,1338,Xiana,true,OBTAINABLE|TRANSFORMS_TO|TRANSFORMED_FROM
PLAYABLE_CANDIDATE,1562,1577,11531,Kahn,WATER,HP,SECOND_AWAKENED,true,false,false,15,15,15,true,3,,,,,,false,OBTAINABLE
PLAYABLE_CANDIDATE,1563,1578,11532,Spectra,FIRE,SUPPORT,SECOND_AWAKENED,true,false,false,15,15,15,true,3,,,,,,false,OBTAINABLE
PLAYABLE_CANDIDATE,1564,1579,11533,Bernard,WIND,SUPPORT,SECOND_AWAKENED,true,false,false,15,15,15,true,3,,,,,,false,OBTAINABLE
PLAYABLE_CANDIDATE,1565,1580,11534,Shamann,LIGHT,DEFENSE,SECOND_AWAKENED,true,false,false,15,15,15,true,3,,,,,,false,OBTAINABLE
PLAYABLE_CANDIDATE,1566,1581,11535,Varus,DARK,DEFENSE,SECOND_AWAKENED,true,false,false,15,15,15,true,3,,,,,,false,OBTAINABLE
PLAYABLE_CANDIDATE,1582,1597,23701,Art Master,WATER,SUPPORT,BASE,true,false,false,136,10,10,true,3,,,,,,false,OBTAINABLE
PLAYABLE_CANDIDATE,1583,1598,23702,Art Master,FIRE,SUPPORT,BASE,true,false,false,136,10,10,true,3,,,,,,false,OBTAINABLE
PLAYABLE_CANDIDATE,1584,1599,23703,Art Master,WIND,ATTACK,BASE,true,false,false,136,10,10,true,3,,,,,,false,OBTAINABLE
PLAYABLE_CANDIDATE,1585,1600,23704,Art Master,LIGHT,ATTACK,BASE,true,false,false,136,10,10,true,3,,,,,,false,OBTAINABLE
PLAYABLE_CANDIDATE,1586,1601,23705,Art Master,DARK,SUPPORT,BASE,true,false,false,136,10,10,true,3,,,,,,false,OBTAINABLE
PLAYABLE_CANDIDATE,1587,1602,23711,Haegang,WATER,SUPPORT,AWAKENED,true,false,false,136,10,10,true,3,,,,,,false,OBTAINABLE
PLAYABLE_CANDIDATE,1588,1603,23712,Jeogun,FIRE,SUPPORT,AWAKENED,true,false,false,136,10,10,true,3,,,,,,false,OBTAINABLE
PLAYABLE_CANDIDATE,1589,1604,23713,Cheongpung,WIND,ATTACK,AWAKENED,true,false,false,136,10,10,true,3,,,,,,false,OBTAINABLE
PLAYABLE_CANDIDATE,1590,1605,23714,Hanwul,LIGHT,ATTACK,AWAKENED,true,false,false,136,10,10,true,3,,,,,,false,OBTAINABLE
PLAYABLE_CANDIDATE,1591,1606,23715,Mookwol,DARK,SUPPORT,AWAKENED,true,false,false,136,10,10,true,3,,,,,,false,OBTAINABLE
PLAYABLE_CANDIDATE,1598,1613,23901,String Master,WATER,SUPPORT,BASE,true,false,false,138,10,10,true,3,,,,,,false,OBTAINABLE
PLAYABLE_CANDIDATE,1599,1614,23902,String Master,FIRE,SUPPORT,BASE,true,false,false,138,10,10,true,3,,,,,,false,OBTAINABLE
PLAYABLE_CANDIDATE,1600,1615,23903,String Master,WIND,SUPPORT,BASE,true,false,false,138,10,10,true,3,,,,,,false,OBTAINABLE
PLAYABLE_CANDIDATE,1601,1616,23904,String Master,LIGHT,SUPPORT,BASE,true,false,false,138,10,10,true,3,,,,,,false,OBTAINABLE
PLAYABLE_CANDIDATE,1602,1617,23905,String Master,DARK,SUPPORT,BASE,true,false,false,138,10,10,true,3,,,,,,false,OBTAINABLE
PLAYABLE_CANDIDATE,1603,1618,23911,Songseol,WATER,SUPPORT,AWAKENED,true,false,false,138,10,10,true,3,,,,,,false,OBTAINABLE
PLAYABLE_CANDIDATE,1604,1619,23912,Hongyeon,FIRE,SUPPORT,AWAKENED,true,false,false,138,10,10,true,3,,,,,,false,OBTAINABLE
PLAYABLE_CANDIDATE,1605,1620,23913,Yeonhwa,WIND,SUPPORT,AWAKENED,true,false,false,138,10,10,true,3,,,,,,false,OBTAINABLE
PLAYABLE_CANDIDATE,1606,1621,23914,Dongbaek,LIGHT,SUPPORT,AWAKENED,true,false,false,138,10,10,true,3,,,,,,false,OBTAINABLE
PLAYABLE_CANDIDATE,1607,1622,23915,Mirinae,DARK,SUPPORT,AWAKENED,true,false,false,138,10,10,true,3,,,,,,false,OBTAINABLE
PLAYABLE_CANDIDATE,1620,1635,24011,RYU,WATER,ATTACK,AWAKENED,true,false,false,139,10,5,true,3,,,,,,false,OBTAINABLE
PLAYABLE_CANDIDATE,1621,1636,24012,RYU,FIRE,ATTACK,AWAKENED,true,false,false,139,10,5,true,3,,,,,,false,OBTAINABLE
PLAYABLE_CANDIDATE,1622,1637,24013,RYU,WIND,ATTACK,AWAKENED,true,false,false,139,10,5,true,3,,,,,,false,OBTAINABLE
PLAYABLE_CANDIDATE,1623,1638,24014,RYU,LIGHT,ATTACK,AWAKENED,true,false,false,139,10,5,true,3,,,,,,false,OBTAINABLE
PLAYABLE_CANDIDATE,1624,1639,24015,RYU,DARK,ATTACK,AWAKENED,true,false,false,139,10,5,true,3,,,,,,false,OBTAINABLE
PLAYABLE_CANDIDATE,1626,1641,24112,KEN,FIRE,ATTACK,AWAKENED,true,false,false,140,2,1,true,3,,,,,,false,OBTAINABLE
PLAYABLE_CANDIDATE,1632,1647,24211,M. BISON,WATER,HP,AWAKENED,true,false,false,141,10,5,true,3,,,,,,false,OBTAINABLE
PLAYABLE_CANDIDATE,1633,1648,24212,M. BISON,FIRE,HP,AWAKENED,true,false,false,141,10,5,true,3,,,,,,false,OBTAINABLE
PLAYABLE_CANDIDATE,1634,1649,24213,M. BISON,WIND,HP,AWAKENED,true,false,false,141,10,5,true,3,,,,,,false,OBTAINABLE
PLAYABLE_CANDIDATE,1635,1650,24214,M. BISON,LIGHT,HP,AWAKENED,true,false,false,141,10,5,true,3,,,,,,false,OBTAINABLE
PLAYABLE_CANDIDATE,1636,1651,24215,M. BISON,DARK,HP,AWAKENED,true,false,false,141,10,5,true,3,,,,,,false,OBTAINABLE
PLAYABLE_CANDIDATE,1642,1657,24311,DHALSIM,WATER,ATTACK,AWAKENED,true,false,false,142,10,5,true,3,,,,,,false,OBTAINABLE
PLAYABLE_CANDIDATE,1643,1658,24312,DHALSIM,FIRE,SUPPORT,AWAKENED,true,false,false,142,10,5,true,3,,,,,,false,OBTAINABLE
PLAYABLE_CANDIDATE,1644,1659,24313,DHALSIM,WIND,ATTACK,AWAKENED,true,false,false,142,10,5,true,3,,,,,,false,OBTAINABLE
PLAYABLE_CANDIDATE,1645,1660,24314,DHALSIM,LIGHT,SUPPORT,AWAKENED,true,false,false,142,10,5,true,3,,,,,,false,OBTAINABLE
PLAYABLE_CANDIDATE,1646,1661,24315,DHALSIM,DARK,DEFENSE,AWAKENED,true,false,false,142,10,5,true,3,,,,,,false,OBTAINABLE
PLAYABLE_CANDIDATE,1652,1667,24411,CHUN-LI,WATER,ATTACK,AWAKENED,true,false,false,143,10,5,true,3,,,,,,false,OBTAINABLE
PLAYABLE_CANDIDATE,1653,1668,24412,CHUN-LI,FIRE,SUPPORT,AWAKENED,true,false,false,143,10,5,true,3,,,,,,false,OBTAINABLE
PLAYABLE_CANDIDATE,1654,1669,24413,CHUN-LI,WIND,ATTACK,AWAKENED,true,false,false,143,10,5,true,3,,,,,,false,OBTAINABLE
PLAYABLE_CANDIDATE,1655,1670,24414,CHUN-LI,LIGHT,ATTACK,AWAKENED,true,false,false,143,10,5,true,3,,,,,,false,OBTAINABLE
PLAYABLE_CANDIDATE,1656,1671,24415,CHUN-LI,DARK,SUPPORT,AWAKENED,true,false,false,143,10,5,true,3,,,,,,false,OBTAINABLE
PLAYABLE_CANDIDATE,1657,1672,24501,Striker,WATER,ATTACK,BASE,true,false,false,144,10,10,true,3,,,,,,false,OBTAINABLE
PLAYABLE_CANDIDATE,1658,1673,24502,Striker,FIRE,ATTACK,BASE,true,false,false,144,10,10,true,3,,,,,,false,OBTAINABLE
PLAYABLE_CANDIDATE,1659,1674,24503,Striker,WIND,ATTACK,BASE,true,false,false,144,10,10,true,3,,,,,,false,OBTAINABLE
PLAYABLE_CANDIDATE,1660,1675,24504,Striker,LIGHT,ATTACK,BASE,true,false,false,144,10,10,true,3,,,,,,false,OBTAINABLE
PLAYABLE_CANDIDATE,1661,1676,24505,Striker,DARK,ATTACK,BASE,true,false,false,144,10,10,true,3,,,,,,false,OBTAINABLE
PLAYABLE_CANDIDATE,1662,1677,24511,Moore,WATER,ATTACK,AWAKENED,true,false,false,144,10,10,true,3,,,,,,false,OBTAINABLE
PLAYABLE_CANDIDATE,1663,1678,24512,Douglas,FIRE,ATTACK,AWAKENED,true,false,false,144,10,10,true,3,,,,,,false,OBTAINABLE
PLAYABLE_CANDIDATE,1664,1679,24513,Kashmir,WIND,ATTACK,AWAKENED,true,false,false,144,10,10,true,3,,,,,,false,OBTAINABLE
PLAYABLE_CANDIDATE,1665,1680,24514,Talisman,LIGHT,ATTACK,AWAKENED,true,false,false,144,10,10,true,3,,,,,,false,OBTAINABLE
PLAYABLE_CANDIDATE,1666,1681,24515,Vancliffe,DARK,ATTACK,AWAKENED,true,false,false,144,10,10,true,3,,,,,,false,OBTAINABLE
PLAYABLE_CANDIDATE,1667,1682,24602,Shadow Claw,FIRE,ATTACK,BASE,true,false,false,145,2,2,true,3,,,,,,false,OBTAINABLE
PLAYABLE_CANDIDATE,1668,1683,24612,Bernadotte,FIRE,ATTACK,AWAKENED,true,false,false,145,2,2,true,3,,,,,,false,OBTAINABLE
PLAYABLE_CANDIDATE,1669,1684,24701,Slayer,WATER,HP,BASE,true,false,false,146,10,10,true,3,,,,,,false,OBTAINABLE
PLAYABLE_CANDIDATE,1670,1685,24702,Slayer,FIRE,HP,BASE,true,false,false,146,10,10,true,3,,,,,,false,OBTAINABLE
PLAYABLE_CANDIDATE,1671,1686,24703,Slayer,WIND,HP,BASE,true,false,false,146,10,10,true,3,,,,,,false,OBTAINABLE
PLAYABLE_CANDIDATE,1672,1687,24704,Slayer,LIGHT,HP,BASE,true,false,false,146,10,10,true,3,,,,,,false,OBTAINABLE
PLAYABLE_CANDIDATE,1673,1688,24705,Slayer,DARK,HP,BASE,true,false,false,146,10,10,true,3,,,,,,false,OBTAINABLE
PLAYABLE_CANDIDATE,1674,1689,24711,Borgnine,WATER,HP,AWAKENED,true,false,false,146,10,10,true,3,,,,,,false,OBTAINABLE
PLAYABLE_CANDIDATE,1675,1690,24712,Karnal,FIRE,HP,AWAKENED,true,false,false,146,10,10,true,3,,,,,,false,OBTAINABLE
PLAYABLE_CANDIDATE,1676,1691,24713,Sagar,WIND,HP,AWAKENED,true,false,false,146,10,10,true,3,,,,,,false,OBTAINABLE
PLAYABLE_CANDIDATE,1677,1692,24714,Craig,LIGHT,HP,AWAKENED,true,false,false,146,10,10,true,3,,,,,,false,OBTAINABLE
PLAYABLE_CANDIDATE,1678,1693,24715,Gurkha,DARK,HP,AWAKENED,true,false,false,146,10,10,true,3,,,,,,false,OBTAINABLE
PLAYABLE_CANDIDATE,1679,1694,24801,Poison Master,WATER,ATTACK,BASE,true,false,false,147,10,10,true,3,,,,,,false,OBTAINABLE
PLAYABLE_CANDIDATE,1680,1695,24802,Poison Master,FIRE,SUPPORT,BASE,true,false,false,147,10,10,true,3,,,,,,false,OBTAINABLE
PLAYABLE_CANDIDATE,1681,1696,24803,Poison Master,WIND,ATTACK,BASE,true,false,false,147,10,10,true,3,,,,,,false,OBTAINABLE
PLAYABLE_CANDIDATE,1682,1697,24804,Poison Master,LIGHT,SUPPORT,BASE,true,false,false,147,10,10,true,3,,,,,,false,OBTAINABLE
PLAYABLE_CANDIDATE,1683,1698,24805,Poison Master,DARK,DEFENSE,BASE,true,false,false,147,10,10,true,3,,,,,,false,OBTAINABLE
PLAYABLE_CANDIDATE,1684,1699,24811,Kyle,WATER,ATTACK,AWAKENED,true,false,false,147,10,10,true,3,,,,,,false,OBTAINABLE
PLAYABLE_CANDIDATE,1685,1700,24812,Todd,FIRE,SUPPORT,AWAKENED,true,false,false,147,10,10,true,3,,,,,,false,OBTAINABLE
PLAYABLE_CANDIDATE,1686,1701,24813,Jarrett,WIND,ATTACK,AWAKENED,true,false,false,147,10,10,true,3,,,,,,false,OBTAINABLE
PLAYABLE_CANDIDATE,1687,1702,24814,Hekerson,LIGHT,SUPPORT,AWAKENED,true,false,false,147,10,10,true,3,,,,,,false,OBTAINABLE
PLAYABLE_CANDIDATE,1688,1703,24815,Cayde,DARK,DEFENSE,AWAKENED,true,false,false,147,10,10,true,3,,,,,,false,OBTAINABLE
PLAYABLE_CANDIDATE,1689,1704,24901,Blade Dancer,WATER,ATTACK,BASE,true,false,false,148,10,10,true,3,,,,,,false,OBTAINABLE
PLAYABLE_CANDIDATE,1690,1705,24902,Blade Dancer,FIRE,SUPPORT,BASE,true,false,false,148,10,10,true,3,,,,,,false,OBTAINABLE
PLAYABLE_CANDIDATE,1691,1706,24903,Blade Dancer,WIND,ATTACK,BASE,true,false,false,148,10,10,true,3,,,,,,false,OBTAINABLE
PLAYABLE_CANDIDATE,1692,1707,24904,Blade Dancer,LIGHT,ATTACK,BASE,true,false,false,148,10,10,true,3,,,,,,false,OBTAINABLE
PLAYABLE_CANDIDATE,1693,1708,24905,Blade Dancer,DARK,SUPPORT,BASE,true,false,false,148,10,10,true,3,,,,,,false,OBTAINABLE
PLAYABLE_CANDIDATE,1694,1709,24911,Lariel,WATER,ATTACK,AWAKENED,true,false,false,148,10,10,true,3,,,,,,false,OBTAINABLE
PLAYABLE_CANDIDATE,1695,1710,24912,Berenice,FIRE,SUPPORT,AWAKENED,true,false,false,148,10,10,true,3,,,,,,false,OBTAINABLE
PLAYABLE_CANDIDATE,1696,1711,24913,Cordelia,WIND,ATTACK,AWAKENED,true,false,false,148,10,10,true,3,,,,,,false,OBTAINABLE
PLAYABLE_CANDIDATE,1697,1712,24914,Leah,LIGHT,ATTACK,AWAKENED,true,false,false,148,10,10,true,3,,,,,,false,OBTAINABLE
PLAYABLE_CANDIDATE,1698,1713,24915,Vereesa,DARK,SUPPORT,AWAKENED,true,false,false,148,10,10,true,3,,,,,,false,OBTAINABLE
PLAYABLE_CANDIDATE,1741,1756,13231,Lulu and Friends,WATER,SUPPORT,SECOND_AWAKENED,true,false,false,32,15,15,true,3,,,,,,false,OBTAINABLE
PLAYABLE_CANDIDATE,1742,1757,13232,Lala and Friends,FIRE,SUPPORT,SECOND_AWAKENED,true,false,false,32,15,15,true,3,,,,,,false,OBTAINABLE
PLAYABLE_CANDIDATE,1743,1758,13233,Chichi and Friends,WIND,SUPPORT,SECOND_AWAKENED,true,false,false,32,15,15,true,3,,,,,,false,OBTAINABLE
PLAYABLE_CANDIDATE,1744,1759,13234,Shushu and Friends,LIGHT,SUPPORT,SECOND_AWAKENED,true,false,false,32,15,15,true,3,,,,,,false,OBTAINABLE
PLAYABLE_CANDIDATE,1745,1760,13235,Chacha and Friends,DARK,SUPPORT,SECOND_AWAKENED,true,false,false,32,15,15,true,3,,,,,,false,OBTAINABLE
PLAYABLE_CANDIDATE,1746,1761,16031,Hemos,WATER,ATTACK,SECOND_AWAKENED,true,false,false,59,15,15,true,3,,,,,,false,OBTAINABLE
PLAYABLE_CANDIDATE,1747,1762,16032,Sath,FIRE,ATTACK,SECOND_AWAKENED,true,false,false,59,15,15,true,3,,,,,,false,OBTAINABLE
PLAYABLE_CANDIDATE,1748,1763,16033,Hiva,WIND,ATTACK,SECOND_AWAKENED,true,false,false,59,15,15,true,3,,,,,,false,OBTAINABLE
PLAYABLE_CANDIDATE,1749,1764,16034,Prom,LIGHT,ATTACK,SECOND_AWAKENED,true,false,false,59,15,15,true,3,,,,,,false,OBTAINABLE
PLAYABLE_CANDIDATE,1750,1765,16035,Thrain,DARK,ATTACK,SECOND_AWAKENED,true,false,false,59,15,15,true,3,,,,,,false,OBTAINABLE
PLAYABLE_CANDIDATE,1782,1797,25001,Onmyouji,WATER,SUPPORT,BASE,true,false,false,149,10,10,true,3,,,,,,false,OBTAINABLE
PLAYABLE_CANDIDATE,1783,1798,25002,Onmyouji,FIRE,SUPPORT,BASE,true,false,false,149,10,10,true,3,,,,,,false,OBTAINABLE
PLAYABLE_CANDIDATE,1784,1799,25003,Onmyouji,WIND,SUPPORT,BASE,true,false,false,149,10,10,true,3,,,,,,false,OBTAINABLE
PLAYABLE_CANDIDATE,1785,1800,25004,Onmyouji,LIGHT,SUPPORT,BASE,true,false,false,149,10,10,true,3,,,,,,false,OBTAINABLE
PLAYABLE_CANDIDATE,1786,1801,25005,Onmyouji,DARK,SUPPORT,BASE,true,false,false,149,10,10,true,3,,,,,,false,OBTAINABLE
PLAYABLE_CANDIDATE,1787,1802,25011,Shizuka,WATER,SUPPORT,AWAKENED,true,false,false,149,10,10,true,3,,,,,,false,OBTAINABLE
PLAYABLE_CANDIDATE,1788,1803,25012,Tomoe,FIRE,SUPPORT,AWAKENED,true,false,false,149,10,10,true,3,,,,,,false,OBTAINABLE
PLAYABLE_CANDIDATE,1789,1804,25013,Giou,WIND,SUPPORT,AWAKENED,true,false,false,149,10,10,true,3,,,,,,false,OBTAINABLE
PLAYABLE_CANDIDATE,1790,1805,25014,Seimei,LIGHT,SUPPORT,AWAKENED,true,false,false,149,10,10,true,3,,,,,,false,OBTAINABLE
PLAYABLE_CANDIDATE,1791,1806,25015,Douman,DARK,SUPPORT,AWAKENED,true,false,false,149,10,10,true,3,,,,,,false,OBTAINABLE
PLAYABLE_CANDIDATE,1792,1807,25101,Onimusha,WATER,ATTACK,BASE,true,false,false,150,11,10,true,3,,,,,,false,OBTAINABLE
PLAYABLE_CANDIDATE,1793,1808,25102,Onimusha,FIRE,ATTACK,BASE,true,false,false,150,11,10,true,3,,,,,,false,OBTAINABLE
PLAYABLE_CANDIDATE,1794,1809,25103,Onimusha,WIND,HP,BASE,true,false,false,150,11,10,true,3,,,,,,false,OBTAINABLE
PLAYABLE_CANDIDATE,1795,1810,25104,Onimusha,LIGHT,HP,BASE,true,false,false,150,11,10,true,3,,,,,,false,OBTAINABLE
PLAYABLE_CANDIDATE,1796,1811,25105,Onimusha,DARK,ATTACK,BASE,true,false,false,150,11,10,true,3,,,,,,false,OBTAINABLE
PLAYABLE_CANDIDATE,1797,1812,25111,Suiki,WATER,ATTACK,AWAKENED,true,false,false,150,11,10,true,3,,,,,,false,OBTAINABLE
PLAYABLE_CANDIDATE,1798,1813,25112,Kaki,FIRE,ATTACK,AWAKENED,true,false,false,150,11,10,true,3,,,,,,false,OBTAINABLE
PLAYABLE_CANDIDATE,1799,1814,25113,Fuuki,WIND,HP,AWAKENED,true,false,false,150,11,10,true,3,,,,,,false,OBTAINABLE
PLAYABLE_CANDIDATE,1800,1815,25114,Kinki,LIGHT,HP,AWAKENED,true,false,false,150,11,10,true,3,,,,,,false,OBTAINABLE
PLAYABLE_CANDIDATE,1801,1816,25115,Ongyouki,DARK,ATTACK,AWAKENED,true,false,false,150,11,10,true,3,,,,,,false,OBTAINABLE
PLAYABLE_CANDIDATE,1802,1817,12031,Ellena,WATER,ATTACK,SECOND_AWAKENED,true,false,false,20,15,15,true,3,,,,,,false,OBTAINABLE
PLAYABLE_CANDIDATE,1803,1818,12032,Kahli,FIRE,ATTACK,SECOND_AWAKENED,true,false,false,20,15,15,true,3,,,,,,false,OBTAINABLE
PLAYABLE_CANDIDATE,1804,1819,12033,Moria,WIND,ATTACK,SECOND_AWAKENED,true,false,false,20,15,15,true,3,,,,,,false,OBTAINABLE
PLAYABLE_CANDIDATE,1805,1820,12034,Shren,LIGHT,SUPPORT,SECOND_AWAKENED,true,false,false,20,15,15,true,3,,,,,,false,OBTAINABLE
PLAYABLE_CANDIDATE,1806,1821,12035,Jumaline,DARK,ATTACK,SECOND_AWAKENED,true,false,false,20,15,15,true,3,,,,,,false,OBTAINABLE
PLAYABLE_CANDIDATE,1822,1837,25201,Mage,WATER,SUPPORT,BASE,true,false,false,151,10,10,true,3,,,,,,false,OBTAINABLE
PLAYABLE_CANDIDATE,1823,1838,25202,Mage,FIRE,ATTACK,BASE,true,false,false,151,10,10,true,3,,,,,,false,OBTAINABLE
PLAYABLE_CANDIDATE,1824,1839,25203,Mage,WIND,ATTACK,BASE,true,false,false,151,10,10,true,3,,,,,,false,OBTAINABLE
PLAYABLE_CANDIDATE,1825,1840,25204,Mage,LIGHT,ATTACK,BASE,true,false,false,151,10,10,true,3,,,,,,false,OBTAINABLE
PLAYABLE_CANDIDATE,1826,1841,25205,Mage,DARK,SUPPORT,BASE,true,false,false,151,10,10,true,3,,,,,,false,OBTAINABLE
PLAYABLE_CANDIDATE,1827,1842,25211,Nana,WATER,SUPPORT,AWAKENED,true,false,false,151,10,10,true,3,,,,,,false,OBTAINABLE
PLAYABLE_CANDIDATE,1828,1843,25212,Coco,FIRE,ATTACK,AWAKENED,true,false,false,151,10,10,true,3,,,,,,false,OBTAINABLE
PLAYABLE_CANDIDATE,1829,1844,25213,Momo,WIND,ATTACK,AWAKENED,true,false,false,151,10,10,true,3,,,,,,false,OBTAINABLE
PLAYABLE_CANDIDATE,1830,1845,25214,Dorothy,LIGHT,ATTACK,AWAKENED,true,false,false,151,10,10,true,3,,,,,,false,OBTAINABLE
PLAYABLE_CANDIDATE,1831,1846,25215,Kiki,DARK,SUPPORT,AWAKENED,true,false,false,151,10,10,true,3,,,,,,false,OBTAINABLE
PLAYABLE_CANDIDATE,1832,1847,25301,Sky Surfer,WATER,SUPPORT,BASE,true,false,false,152,10,10,true,3,,,,,,false,OBTAINABLE
PLAYABLE_CANDIDATE,1833,1848,25302,Sky Surfer,FIRE,ATTACK,BASE,true,false,false,152,10,10,true,3,,,,,,false,OBTAINABLE
PLAYABLE_CANDIDATE,1834,1849,25303,Sky Surfer,WIND,ATTACK,BASE,true,false,false,152,10,10,true,3,,,,,,false,OBTAINABLE
PLAYABLE_CANDIDATE,1835,1850,25304,Sky Surfer,LIGHT,ATTACK,BASE,true,false,false,152,10,10,true,3,,,,,,false,OBTAINABLE
PLAYABLE_CANDIDATE,1836,1851,25305,Sky Surfer,DARK,SUPPORT,BASE,true,false,false,152,10,10,true,3,,,,,,false,OBTAINABLE
PLAYABLE_CANDIDATE,1837,1852,25311,Miles,WATER,SUPPORT,AWAKENED,true,false,false,152,10,10,true,3,,,,,,false,OBTAINABLE
PLAYABLE_CANDIDATE,1838,1853,25312,John,FIRE,ATTACK,AWAKENED,true,false,false,152,10,10,true,3,,,,,,false,OBTAINABLE
PLAYABLE_CANDIDATE,1839,1854,25313,Oliver,WIND,ATTACK,AWAKENED,true,false,false,152,10,10,true,3,,,,,,false,OBTAINABLE
PLAYABLE_CANDIDATE,1840,1855,25314,Daniel,LIGHT,ATTACK,AWAKENED,true,false,false,152,10,10,true,3,,,,,,false,OBTAINABLE
PLAYABLE_CANDIDATE,1841,1856,25315,Jackson,DARK,SUPPORT,AWAKENED,true,false,false,152,10,10,true,3,,,,,,false,OBTAINABLE
PLAYABLE_CANDIDATE,1842,1857,25401,ROBO,WATER,HP,BASE,true,false,false,153,10,10,true,3,,1852,ROBO(물)_잔해,1852,ROBO(물)_잔해,true,OBTAINABLE|TRANSFORMS_TO|TRANSFORMED_FROM
PLAYABLE_CANDIDATE,1843,1858,25402,ROBO,FIRE,SUPPORT,BASE,true,false,false,153,10,10,true,3,,,,,,false,OBTAINABLE
PLAYABLE_CANDIDATE,1844,1859,25403,ROBO,WIND,ATTACK,BASE,true,false,false,153,10,10,true,3,,,,,,false,OBTAINABLE
PLAYABLE_CANDIDATE,1845,1860,25404,ROBO,LIGHT,HP,BASE,true,false,false,153,10,10,true,3,,,,,,false,OBTAINABLE
PLAYABLE_CANDIDATE,1846,1861,25405,ROBO,DARK,ATTACK,BASE,true,false,false,153,10,10,true,3,,,,,,false,OBTAINABLE
PLAYABLE_CANDIDATE,1847,1862,25411,ROBO-R40,WATER,HP,AWAKENED,true,false,false,153,10,10,true,3,,1853,ROBO(물)_잔해,1853,ROBO(물)_잔해,true,OBTAINABLE|TRANSFORMS_TO|TRANSFORMED_FROM
PLAYABLE_CANDIDATE,1848,1863,25412,ROBO-P27,FIRE,SUPPORT,AWAKENED,true,false,false,153,10,10,true,3,,,,,,false,OBTAINABLE
PLAYABLE_CANDIDATE,1849,1864,25413,ROBO-G92,WIND,ATTACK,AWAKENED,true,false,false,153,10,10,true,3,,,,,,false,OBTAINABLE
PLAYABLE_CANDIDATE,1850,1865,25414,ROBO-E65,LIGHT,HP,AWAKENED,true,false,false,153,10,10,true,3,,,,,,false,OBTAINABLE
PLAYABLE_CANDIDATE,1851,1866,25415,ROBO-F29,DARK,ATTACK,AWAKENED,true,false,false,153,10,10,true,3,,,,,,false,OBTAINABLE
PLAYABLE_CANDIDATE,1856,1871,25601,Totemist,WATER,SUPPORT,BASE,true,false,false,155,10,10,true,4,,,,,,false,OBTAINABLE
PLAYABLE_CANDIDATE,1857,1872,25602,Totemist,FIRE,SUPPORT,BASE,true,false,false,155,10,10,true,4,,,,,,false,OBTAINABLE
PLAYABLE_CANDIDATE,1858,1873,25603,Totemist,WIND,SUPPORT,BASE,true,false,false,155,10,10,true,4,,,,,,false,OBTAINABLE
PLAYABLE_CANDIDATE,1859,1874,25604,Totemist,LIGHT,SUPPORT,BASE,true,false,false,155,10,10,true,4,,,,,,false,OBTAINABLE
PLAYABLE_CANDIDATE,1860,1875,25605,Totemist,DARK,SUPPORT,BASE,true,false,false,155,10,10,true,4,,,,,,false,OBTAINABLE
PLAYABLE_CANDIDATE,1861,1876,25611,Aaliyah,WATER,SUPPORT,AWAKENED,true,false,false,155,10,10,true,4,,,,,,false,OBTAINABLE
PLAYABLE_CANDIDATE,1862,1877,25612,Nora,FIRE,SUPPORT,AWAKENED,true,false,false,155,10,10,true,4,,,,,,false,OBTAINABLE
PLAYABLE_CANDIDATE,1863,1878,25613,Riley,WIND,SUPPORT,AWAKENED,true,false,false,155,10,10,true,4,,,,,,false,OBTAINABLE
PLAYABLE_CANDIDATE,1864,1879,25614,Ella,LIGHT,SUPPORT,AWAKENED,true,false,false,155,10,10,true,4,,,,,,false,OBTAINABLE
PLAYABLE_CANDIDATE,1865,1880,25615,Maya,DARK,SUPPORT,AWAKENED,true,false,false,155,10,10,true,4,,,,,,false,OBTAINABLE
PLAYABLE_CANDIDATE,1866,1881,25701,Weapon Master,WATER,ATTACK,BASE,true,false,false,156,10,10,true,3,,,,,,false,OBTAINABLE
PLAYABLE_CANDIDATE,1867,1882,25702,Weapon Master,FIRE,ATTACK,BASE,true,false,false,156,10,10,true,3,,,,,,false,OBTAINABLE
PLAYABLE_CANDIDATE,1868,1883,25703,Weapon Master,WIND,ATTACK,BASE,true,false,false,156,10,10,true,3,,,,,,false,OBTAINABLE
PLAYABLE_CANDIDATE,1869,1884,25704,Weapon Master,LIGHT,ATTACK,BASE,true,false,false,156,10,10,true,3,,,,,,false,OBTAINABLE
PLAYABLE_CANDIDATE,1870,1885,25705,Weapon Master,DARK,ATTACK,BASE,true,false,false,156,10,10,true,3,,,,,,false,OBTAINABLE
PLAYABLE_CANDIDATE,1871,1886,25711,Liam,WATER,ATTACK,AWAKENED,true,false,false,156,10,10,true,3,,,,,,false,OBTAINABLE
PLAYABLE_CANDIDATE,1872,1887,25712,Carlos,FIRE,ATTACK,AWAKENED,true,false,false,156,10,10,true,3,,,,,,false,OBTAINABLE
PLAYABLE_CANDIDATE,1873,1888,25713,Dominic,WIND,ATTACK,AWAKENED,true,false,false,156,10,10,true,3,,,,,,false,OBTAINABLE
PLAYABLE_CANDIDATE,1874,1889,25714,Benedict,LIGHT,ATTACK,AWAKENED,true,false,false,156,10,10,true,3,,,,,,false,OBTAINABLE
PLAYABLE_CANDIDATE,1875,1890,25715,Maximilian,DARK,ATTACK,AWAKENED,true,false,false,156,10,10,true,3,,,,,,false,OBTAINABLE
PLAYABLE_CANDIDATE,1876,1891,25801,Rune Blacksmith,WATER,SUPPORT,BASE,true,false,false,157,10,10,true,3,,,,,,false,OBTAINABLE
PLAYABLE_CANDIDATE,1877,1892,25802,Rune Blacksmith,FIRE,SUPPORT,BASE,true,false,false,157,10,10,true,3,,,,,,false,OBTAINABLE
PLAYABLE_CANDIDATE,1878,1893,25803,Rune Blacksmith,WIND,SUPPORT,BASE,true,false,false,157,10,10,true,3,,,,,,false,OBTAINABLE
PLAYABLE_CANDIDATE,1879,1894,25804,Rune Blacksmith,LIGHT,SUPPORT,BASE,true,false,false,157,10,10,true,3,,,,,,false,OBTAINABLE
PLAYABLE_CANDIDATE,1880,1895,25805,Rune Blacksmith,DARK,SUPPORT,BASE,true,false,false,157,10,10,true,3,,,,,,false,OBTAINABLE
PLAYABLE_CANDIDATE,1881,1896,25811,Susan,WATER,SUPPORT,AWAKENED,true,false,false,157,10,10,true,3,,,,,,false,OBTAINABLE
PLAYABLE_CANDIDATE,1882,1897,25812,Miriam,FIRE,SUPPORT,AWAKENED,true,false,false,157,10,10,true,3,,,,,,false,OBTAINABLE
PLAYABLE_CANDIDATE,1883,1898,25813,Celine,WIND,SUPPORT,AWAKENED,true,false,false,157,10,10,true,3,,,,,,false,OBTAINABLE
PLAYABLE_CANDIDATE,1884,1899,25814,Madeleine,LIGHT,SUPPORT,AWAKENED,true,false,false,157,10,10,true,3,,,,,,false,OBTAINABLE
PLAYABLE_CANDIDATE,1885,1900,25815,Deborah,DARK,SUPPORT,AWAKENED,true,false,false,157,10,10,true,3,,,,,,false,OBTAINABLE
PLAYABLE_CANDIDATE,1886,1901,15231,Allen,WATER,HP,SECOND_AWAKENED,true,false,false,51,15,15,true,3,,,,,,false,OBTAINABLE
PLAYABLE_CANDIDATE,1887,1902,15232,Kai'en,FIRE,DEFENSE,SECOND_AWAKENED,true,false,false,51,15,15,true,3,,,,,,false,OBTAINABLE
PLAYABLE_CANDIDATE,1888,1903,15233,Roid,WIND,HP,SECOND_AWAKENED,true,false,false,51,15,15,true,3,,,,,,false,OBTAINABLE
PLAYABLE_CANDIDATE,1889,1904,15234,Darion,LIGHT,DEFENSE,SECOND_AWAKENED,true,false,false,51,15,15,true,3,,,,,,false,OBTAINABLE
PLAYABLE_CANDIDATE,1890,1905,15235,Jubelle,DARK,DEFENSE,SECOND_AWAKENED,true,false,false,51,15,15,true,3,,,,,,false,OBTAINABLE
PLAYABLE_CANDIDATE,1891,1906,15931,Megan,WATER,SUPPORT,SECOND_AWAKENED,true,false,false,58,15,15,true,3,,,,,,false,OBTAINABLE
PLAYABLE_CANDIDATE,1892,1907,15932,Rebecca,FIRE,SUPPORT,SECOND_AWAKENED,true,false,false,58,15,15,true,3,,,,,,false,OBTAINABLE
PLAYABLE_CANDIDATE,1893,1908,15933,Silia,WIND,ATTACK,SECOND_AWAKENED,true,false,false,58,15,15,true,3,,,,,,false,OBTAINABLE
PLAYABLE_CANDIDATE,1894,1909,15934,Linda,LIGHT,ATTACK,SECOND_AWAKENED,true,false,false,58,15,15,true,3,,,,,,false,OBTAINABLE
PLAYABLE_CANDIDATE,1895,1910,15935,Gina,DARK,ATTACK,SECOND_AWAKENED,true,false,false,58,15,15,true,3,,,,,,false,OBTAINABLE
PLAYABLE_CANDIDATE,1927,1942,25901,Shadowcaster,WATER,ATTACK,BASE,true,false,false,158,10,10,true,3,,,,,,false,OBTAINABLE
PLAYABLE_CANDIDATE,1928,1943,25902,Shadowcaster,FIRE,ATTACK,BASE,true,false,false,158,10,10,true,3,,,,,,false,OBTAINABLE
PLAYABLE_CANDIDATE,1929,1944,25903,Shadowcaster,WIND,SUPPORT,BASE,true,false,false,158,10,10,true,3,,,,,,false,OBTAINABLE
PLAYABLE_CANDIDATE,1930,1945,25904,Shadowcaster,LIGHT,SUPPORT,BASE,true,false,false,158,10,10,true,3,,,,,,false,OBTAINABLE
PLAYABLE_CANDIDATE,1931,1946,25905,Shadowcaster,DARK,ATTACK,BASE,true,false,false,158,10,10,true,3,,,,,,false,OBTAINABLE
PLAYABLE_CANDIDATE,1932,1947,25911,Minato,WATER,ATTACK,AWAKENED,true,false,false,158,10,10,true,3,,,,,,false,OBTAINABLE
PLAYABLE_CANDIDATE,1933,1948,25912,Ren,FIRE,ATTACK,AWAKENED,true,false,false,158,10,10,true,3,,,,,,false,OBTAINABLE
PLAYABLE_CANDIDATE,1934,1949,25913,Zen,WIND,SUPPORT,AWAKENED,true,false,false,158,10,10,true,3,,,,,,false,OBTAINABLE
PLAYABLE_CANDIDATE,1935,1950,25914,Shun,LIGHT,SUPPORT,AWAKENED,true,false,false,158,10,10,true,3,,,,,,false,OBTAINABLE
PLAYABLE_CANDIDATE,1936,1951,25915,Ritsu,DARK,ATTACK,AWAKENED,true,false,false,158,10,10,true,3,,,,,,false,OBTAINABLE
PLAYABLE_CANDIDATE,1937,1952,26001,Hypnomeow,WATER,HP,BASE,true,false,false,159,10,10,true,3,,,,,,false,OBTAINABLE
PLAYABLE_CANDIDATE,1938,1953,26002,Hypnomeow,FIRE,HP,BASE,true,false,false,159,10,10,true,3,,,,,,false,OBTAINABLE
PLAYABLE_CANDIDATE,1939,1954,26003,Hypnomeow,WIND,HP,BASE,true,false,false,159,10,10,true,3,,,,,,false,OBTAINABLE
PLAYABLE_CANDIDATE,1940,1955,26004,Hypnomeow,LIGHT,HP,BASE,true,false,false,159,10,10,true,3,,,,,,false,OBTAINABLE
PLAYABLE_CANDIDATE,1941,1956,26005,Hypnomeow,DARK,HP,BASE,true,false,false,159,10,10,true,3,,,,,,false,OBTAINABLE
PLAYABLE_CANDIDATE,1942,1957,26011,Birman,WATER,HP,AWAKENED,true,false,false,159,10,10,true,3,,,,,,false,OBTAINABLE
PLAYABLE_CANDIDATE,1943,1958,26012,Manx,FIRE,HP,AWAKENED,true,false,false,159,10,10,true,3,,,,,,false,OBTAINABLE
PLAYABLE_CANDIDATE,1944,1959,26013,Nebelung,WIND,HP,AWAKENED,true,false,false,159,10,10,true,3,,,,,,false,OBTAINABLE
PLAYABLE_CANDIDATE,1945,1960,26014,Siamese,LIGHT,HP,AWAKENED,true,false,false,159,10,10,true,3,,,,,,false,OBTAINABLE
PLAYABLE_CANDIDATE,1946,1961,26015,Bombay,DARK,HP,AWAKENED,true,false,false,159,10,10,true,3,,,,,,false,OBTAINABLE
PLAYABLE_CANDIDATE,1947,1962,26101,Battle Angel,WATER,ATTACK,BASE,true,false,false,160,10,10,true,3,,,,,,false,OBTAINABLE
PLAYABLE_CANDIDATE,1948,1963,26102,Battle Angel,FIRE,ATTACK,BASE,true,false,false,160,10,10,true,3,,,,,,false,OBTAINABLE
PLAYABLE_CANDIDATE,1949,1964,26103,Battle Angel,WIND,ATTACK,BASE,true,false,false,160,10,10,true,3,,,,,,false,OBTAINABLE
PLAYABLE_CANDIDATE,1950,1965,26104,Battle Angel,LIGHT,ATTACK,BASE,true,false,false,160,10,10,true,3,,,,,,false,OBTAINABLE
PLAYABLE_CANDIDATE,1951,1966,26105,Battle Angel,DARK,ATTACK,BASE,true,false,false,160,10,10,true,3,,,,,,false,OBTAINABLE
PLAYABLE_CANDIDATE,1952,1967,26111,Amber,WATER,ATTACK,AWAKENED,true,false,false,160,10,10,true,3,,,,,,false,OBTAINABLE
PLAYABLE_CANDIDATE,1953,1968,26112,Claire,FIRE,ATTACK,AWAKENED,true,false,false,160,10,10,true,3,,,,,,false,OBTAINABLE
PLAYABLE_CANDIDATE,1954,1969,26113,Sonia,WIND,ATTACK,AWAKENED,true,false,false,160,10,10,true,3,,,,,,false,OBTAINABLE
PLAYABLE_CANDIDATE,1955,1970,26114,Veronica,LIGHT,ATTACK,AWAKENED,true,false,false,160,10,10,true,3,,,,,,false,OBTAINABLE
PLAYABLE_CANDIDATE,1956,1971,26115,Destiny,DARK,ATTACK,AWAKENED,true,false,false,160,10,10,true,3,,,,,,false,OBTAINABLE
PLAYABLE_CANDIDATE,1958,1973,26213,GingerBrave,WIND,ATTACK,AWAKENED,true,false,false,161,2,1,true,3,,,,,,false,OBTAINABLE
PLAYABLE_CANDIDATE,1964,1979,26311,Pure Vanilla Cookie,WATER,SUPPORT,AWAKENED,true,false,false,162,10,5,true,3,,,,,,false,OBTAINABLE
PLAYABLE_CANDIDATE,1965,1980,26312,Pure Vanilla Cookie,FIRE,SUPPORT,AWAKENED,true,false,false,162,10,5,true,3,,,,,,false,OBTAINABLE
PLAYABLE_CANDIDATE,1966,1981,26313,Pure Vanilla Cookie,WIND,SUPPORT,AWAKENED,true,false,false,162,10,5,true,3,,,,,,false,OBTAINABLE
PLAYABLE_CANDIDATE,1967,1982,26314,Pure Vanilla Cookie,LIGHT,SUPPORT,AWAKENED,true,false,false,162,10,5,true,3,,,,,,false,OBTAINABLE
PLAYABLE_CANDIDATE,1968,1983,26315,Pure Vanilla Cookie,DARK,SUPPORT,AWAKENED,true,false,false,162,10,5,true,3,,,,,,false,OBTAINABLE
PLAYABLE_CANDIDATE,1974,1989,26411,Hollyberry Cookie,WATER,DEFENSE,AWAKENED,true,false,false,163,10,5,true,3,,,,,,false,OBTAINABLE
PLAYABLE_CANDIDATE,1975,1990,26412,Hollyberry Cookie,FIRE,DEFENSE,AWAKENED,true,false,false,163,10,5,true,3,,,,,,false,OBTAINABLE
PLAYABLE_CANDIDATE,1976,1991,26413,Hollyberry Cookie,WIND,DEFENSE,AWAKENED,true,false,false,163,10,5,true,3,,,,,,false,OBTAINABLE
PLAYABLE_CANDIDATE,1977,1992,26414,Hollyberry Cookie,LIGHT,DEFENSE,AWAKENED,true,false,false,163,10,5,true,3,,,,,,false,OBTAINABLE
PLAYABLE_CANDIDATE,1978,1993,26415,Hollyberry Cookie,DARK,DEFENSE,AWAKENED,true,false,false,163,10,5,true,3,,,,,,false,OBTAINABLE
PLAYABLE_CANDIDATE,1984,1999,26511,Espresso Cookie,WATER,ATTACK,AWAKENED,true,false,false,164,10,5,true,3,,,,,,false,OBTAINABLE
PLAYABLE_CANDIDATE,1985,2000,26512,Espresso Cookie,FIRE,ATTACK,AWAKENED,true,false,false,164,10,5,true,3,,,,,,false,OBTAINABLE
PLAYABLE_CANDIDATE,1986,2001,26513,Espresso Cookie,WIND,ATTACK,AWAKENED,true,false,false,164,10,5,true,3,,,,,,false,OBTAINABLE
PLAYABLE_CANDIDATE,1987,2002,26514,Espresso Cookie,LIGHT,ATTACK,AWAKENED,true,false,false,164,10,5,true,3,,,,,,false,OBTAINABLE
PLAYABLE_CANDIDATE,1988,2003,26515,Espresso Cookie,DARK,ATTACK,AWAKENED,true,false,false,164,10,5,true,3,,,,,,false,OBTAINABLE
PLAYABLE_CANDIDATE,1994,2009,26611,Madeleine Cookie,WATER,ATTACK,AWAKENED,true,false,false,165,10,5,true,3,,,,,,false,OBTAINABLE
PLAYABLE_CANDIDATE,1995,2010,26612,Madeleine Cookie,FIRE,ATTACK,AWAKENED,true,false,false,165,10,5,true,3,,,,,,false,OBTAINABLE
PLAYABLE_CANDIDATE,1996,2011,26613,Madeleine Cookie,WIND,HP,AWAKENED,true,false,false,165,10,5,true,3,,,,,,false,OBTAINABLE
PLAYABLE_CANDIDATE,1997,2012,26614,Madeleine Cookie,LIGHT,ATTACK,AWAKENED,true,false,false,165,10,5,true,3,,,,,,false,OBTAINABLE
PLAYABLE_CANDIDATE,1998,2013,26615,Madeleine Cookie,DARK,HP,AWAKENED,true,false,false,165,10,5,true,3,,,,,,false,OBTAINABLE
PLAYABLE_CANDIDATE,1999,2014,26703,Lollipop Warrior,WIND,ATTACK,BASE,true,false,false,166,2,2,true,3,,,,,,false,OBTAINABLE
PLAYABLE_CANDIDATE,2000,2015,26713,Thomas,WIND,ATTACK,AWAKENED,true,false,false,166,2,2,true,3,,,,,,false,OBTAINABLE
PLAYABLE_CANDIDATE,2001,2016,26801,Pudding Princess,WATER,SUPPORT,BASE,true,false,false,167,10,10,true,3,,,,,,false,OBTAINABLE
PLAYABLE_CANDIDATE,2002,2017,26802,Pudding Princess,FIRE,SUPPORT,BASE,true,false,false,167,10,10,true,3,,,,,,false,OBTAINABLE
PLAYABLE_CANDIDATE,2003,2018,26803,Pudding Princess,WIND,SUPPORT,BASE,true,false,false,167,10,10,true,3,,,,,,false,OBTAINABLE
PLAYABLE_CANDIDATE,2004,2019,26804,Pudding Princess,LIGHT,SUPPORT,BASE,true,false,false,167,10,10,true,3,,,,,,false,OBTAINABLE
PLAYABLE_CANDIDATE,2005,2020,26805,Pudding Princess,DARK,SUPPORT,BASE,true,false,false,167,10,10,true,3,,,,,,false,OBTAINABLE
PLAYABLE_CANDIDATE,2006,2021,26811,Adriana,WATER,SUPPORT,AWAKENED,true,false,false,167,10,10,true,3,,,,,,false,OBTAINABLE
PLAYABLE_CANDIDATE,2007,2022,26812,Lucia,FIRE,SUPPORT,AWAKENED,true,false,false,167,10,10,true,3,,,,,,false,OBTAINABLE
PLAYABLE_CANDIDATE,2008,2023,26813,Angela,WIND,SUPPORT,AWAKENED,true,false,false,167,10,10,true,3,,,,,,false,OBTAINABLE
PLAYABLE_CANDIDATE,2009,2024,26814,Ariana,LIGHT,SUPPORT,AWAKENED,true,false,false,167,10,10,true,3,,,,,,false,OBTAINABLE
PLAYABLE_CANDIDATE,2010,2025,26815,Elena,DARK,SUPPORT,AWAKENED,true,false,false,167,10,10,true,3,,,,,,false,OBTAINABLE
PLAYABLE_CANDIDATE,2011,2026,26901,Macaron Guard,WATER,DEFENSE,BASE,true,false,false,168,10,10,true,3,,,,,,false,OBTAINABLE
PLAYABLE_CANDIDATE,2012,2027,26902,Macaron Guard,FIRE,DEFENSE,BASE,true,false,false,168,10,10,true,3,,,,,,false,OBTAINABLE
PLAYABLE_CANDIDATE,2013,2028,26903,Macaron Guard,WIND,DEFENSE,BASE,true,false,false,168,10,10,true,3,,,,,,false,OBTAINABLE
PLAYABLE_CANDIDATE,2014,2029,26904,Macaron Guard,LIGHT,DEFENSE,BASE,true,false,false,168,10,10,true,3,,,,,,false,OBTAINABLE
PLAYABLE_CANDIDATE,2015,2030,26905,Macaron Guard,DARK,DEFENSE,BASE,true,false,false,168,10,10,true,3,,,,,,false,OBTAINABLE
PLAYABLE_CANDIDATE,2016,2031,26911,Manon,WATER,DEFENSE,AWAKENED,true,false,false,168,10,10,true,3,,,,,,false,OBTAINABLE
PLAYABLE_CANDIDATE,2017,2032,26912,Alice,FIRE,DEFENSE,AWAKENED,true,false,false,168,10,10,true,3,,,,,,false,OBTAINABLE
PLAYABLE_CANDIDATE,2018,2033,26913,Jade,WIND,DEFENSE,AWAKENED,true,false,false,168,10,10,true,3,,,,,,false,OBTAINABLE
PLAYABLE_CANDIDATE,2019,2034,26914,Audrey,LIGHT,DEFENSE,AWAKENED,true,false,false,168,10,10,true,3,,,,,,false,OBTAINABLE
PLAYABLE_CANDIDATE,2020,2035,26915,Giselle,DARK,DEFENSE,AWAKENED,true,false,false,168,10,10,true,3,,,,,,false,OBTAINABLE
PLAYABLE_CANDIDATE,2021,2036,27001,Black Tea Bunny,WATER,ATTACK,BASE,true,false,false,169,10,10,true,3,,,,,,false,OBTAINABLE
PLAYABLE_CANDIDATE,2022,2037,27002,Black Tea Bunny,FIRE,ATTACK,BASE,true,false,false,169,10,10,true,3,,,,,,false,OBTAINABLE
PLAYABLE_CANDIDATE,2023,2038,27003,Black Tea Bunny,WIND,ATTACK,BASE,true,false,false,169,10,10,true,3,,,,,,false,OBTAINABLE
PLAYABLE_CANDIDATE,2024,2039,27004,Black Tea Bunny,LIGHT,ATTACK,BASE,true,false,false,169,10,10,true,3,,,,,,false,OBTAINABLE
PLAYABLE_CANDIDATE,2025,2040,27005,Black Tea Bunny,DARK,ATTACK,BASE,true,false,false,169,10,10,true,3,,,,,,false,OBTAINABLE
PLAYABLE_CANDIDATE,2026,2041,27011,Rosemary,WATER,ATTACK,AWAKENED,true,false,false,169,10,10,true,3,,,,,,false,OBTAINABLE
PLAYABLE_CANDIDATE,2027,2042,27012,Hibiscus,FIRE,ATTACK,AWAKENED,true,false,false,169,10,10,true,3,,,,,,false,OBTAINABLE
PLAYABLE_CANDIDATE,2028,2043,27013,Chamomile,WIND,ATTACK,AWAKENED,true,false,false,169,10,10,true,3,,,,,,false,OBTAINABLE
PLAYABLE_CANDIDATE,2029,2044,27014,Jasmine,LIGHT,ATTACK,AWAKENED,true,false,false,169,10,10,true,3,,,,,,false,OBTAINABLE
PLAYABLE_CANDIDATE,2030,2045,27015,Lavender,DARK,ATTACK,AWAKENED,true,false,false,169,10,10,true,3,,,,,,false,OBTAINABLE
PLAYABLE_CANDIDATE,2031,2046,27101,Choco Knight,WATER,ATTACK,BASE,true,false,false,170,10,10,true,3,,,,,,false,OBTAINABLE
PLAYABLE_CANDIDATE,2032,2047,27102,Choco Knight,FIRE,ATTACK,BASE,true,false,false,170,10,10,true,3,,,,,,false,OBTAINABLE
PLAYABLE_CANDIDATE,2033,2048,27103,Choco Knight,WIND,HP,BASE,true,false,false,170,10,10,true,3,,,,,,false,OBTAINABLE
PLAYABLE_CANDIDATE,2034,2049,27104,Choco Knight,LIGHT,ATTACK,BASE,true,false,false,170,10,10,true,3,,,,,,false,OBTAINABLE
PLAYABLE_CANDIDATE,2035,2050,27105,Choco Knight,DARK,HP,BASE,true,false,false,170,10,10,true,3,,,,,,false,OBTAINABLE
PLAYABLE_CANDIDATE,2036,2051,27111,Ganache,WATER,ATTACK,AWAKENED,true,false,false,170,10,10,true,3,,,,,,false,OBTAINABLE
PLAYABLE_CANDIDATE,2037,2052,27112,Pavé,FIRE,ATTACK,AWAKENED,true,false,false,170,10,10,true,3,,,,,,false,OBTAINABLE
PLAYABLE_CANDIDATE,2038,2053,27113,Praline,WIND,HP,AWAKENED,true,false,false,170,10,10,true,3,,,,,,false,OBTAINABLE
PLAYABLE_CANDIDATE,2039,2054,27114,Fudge,LIGHT,ATTACK,AWAKENED,true,false,false,170,10,10,true,3,,,,,,false,OBTAINABLE
PLAYABLE_CANDIDATE,2040,2055,27115,Truffle,DARK,HP,AWAKENED,true,false,false,170,10,10,true,3,,,,,,false,OBTAINABLE
PLAYABLE_CANDIDATE,2069,2084,27201,Puppeteer,WATER,SUPPORT,BASE,true,false,false,171,10,10,true,3,,,,,,false,OBTAINABLE
PLAYABLE_CANDIDATE,2070,2085,27202,Puppeteer,FIRE,ATTACK,BASE,true,false,false,171,10,10,true,3,,,,,,false,OBTAINABLE
PLAYABLE_CANDIDATE,2071,2086,27203,Puppeteer,WIND,ATTACK,BASE,true,false,false,171,10,10,true,3,,,,,,false,OBTAINABLE
PLAYABLE_CANDIDATE,2072,2087,27204,Puppeteer,LIGHT,SUPPORT,BASE,true,false,false,171,10,10,true,3,,,,,,false,OBTAINABLE
PLAYABLE_CANDIDATE,2073,2088,27205,Puppeteer,DARK,SUPPORT,BASE,true,false,false,171,10,10,true,3,,,,,,false,OBTAINABLE
PLAYABLE_CANDIDATE,2074,2089,27211,Zibala,WATER,SUPPORT,AWAKENED,true,false,false,171,10,10,true,3,,,,,,false,OBTAINABLE
PLAYABLE_CANDIDATE,2075,2090,27212,Zima,FIRE,ATTACK,AWAKENED,true,false,false,171,10,10,true,3,,,,,,false,OBTAINABLE
PLAYABLE_CANDIDATE,2076,2091,27213,Smicer,WIND,ATTACK,AWAKENED,true,false,false,171,10,10,true,3,,,,,,false,OBTAINABLE
PLAYABLE_CANDIDATE,2077,2092,27214,Kovarci,LIGHT,SUPPORT,AWAKENED,true,false,false,171,10,10,true,3,,,,,,false,OBTAINABLE
PLAYABLE_CANDIDATE,2078,2093,27215,Zenisek,DARK,SUPPORT,AWAKENED,true,false,false,171,10,10,true,3,,,,,,false,OBTAINABLE
PLAYABLE_CANDIDATE,2080,2095,27314,Altaïr,LIGHT,ATTACK,AWAKENED,true,false,false,172,2,1,true,3,,,,,,false,OBTAINABLE
PLAYABLE_CANDIDATE,2086,2101,27411,Ezio,WATER,ATTACK,AWAKENED,true,false,false,173,10,5,true,3,,,,,,false,OBTAINABLE
PLAYABLE_CANDIDATE,2087,2102,27412,Ezio,FIRE,ATTACK,AWAKENED,true,false,false,173,10,5,true,3,,,,,,false,OBTAINABLE
PLAYABLE_CANDIDATE,2088,2103,27413,Ezio,WIND,ATTACK,AWAKENED,true,false,false,173,10,5,true,3,,,,,,false,OBTAINABLE
PLAYABLE_CANDIDATE,2089,2104,27414,Ezio,LIGHT,ATTACK,AWAKENED,true,false,false,173,10,5,true,3,,,,,,false,OBTAINABLE
PLAYABLE_CANDIDATE,2090,2105,27415,Ezio,DARK,ATTACK,AWAKENED,true,false,false,173,10,5,true,3,,,,,,false,OBTAINABLE
PLAYABLE_CANDIDATE,2096,2111,27511,Bayek,WATER,SUPPORT,AWAKENED,true,false,false,174,10,5,true,3,,,,,,false,OBTAINABLE
PLAYABLE_CANDIDATE,2097,2112,27512,Bayek,FIRE,HP,AWAKENED,true,false,false,174,10,5,true,3,,,,,,false,OBTAINABLE
PLAYABLE_CANDIDATE,2098,2113,27513,Bayek,WIND,HP,AWAKENED,true,false,false,174,10,5,true,3,,,,,,false,OBTAINABLE
PLAYABLE_CANDIDATE,2099,2114,27514,Bayek,LIGHT,HP,AWAKENED,true,false,false,174,10,5,true,3,,,,,,false,OBTAINABLE
PLAYABLE_CANDIDATE,2100,2115,27515,Bayek,DARK,SUPPORT,AWAKENED,true,false,false,174,10,5,true,3,,,,,,false,OBTAINABLE
PLAYABLE_CANDIDATE,2106,2121,27611,Kassandra,WATER,SUPPORT,AWAKENED,true,false,false,175,10,5,true,3,,,,,,false,OBTAINABLE
PLAYABLE_CANDIDATE,2107,2122,27612,Kassandra,FIRE,ATTACK,AWAKENED,true,false,false,175,10,5,true,3,,,,,,false,OBTAINABLE
PLAYABLE_CANDIDATE,2108,2123,27613,Kassandra,WIND,ATTACK,AWAKENED,true,false,false,175,10,5,true,3,,,,,,false,OBTAINABLE
PLAYABLE_CANDIDATE,2109,2124,27614,Kassandra,LIGHT,SUPPORT,AWAKENED,true,false,false,175,10,5,true,3,,,,,,false,OBTAINABLE
PLAYABLE_CANDIDATE,2110,2125,27615,Kassandra,DARK,ATTACK,AWAKENED,true,false,false,175,10,5,true,3,,,,,,false,OBTAINABLE
PLAYABLE_CANDIDATE,2116,2131,27711,Eivor,WATER,SUPPORT,AWAKENED,true,false,false,176,10,5,true,3,,,,,,false,OBTAINABLE
PLAYABLE_CANDIDATE,2117,2132,27712,Eivor,FIRE,HP,AWAKENED,true,false,false,176,10,5,true,3,,,,,,false,OBTAINABLE
PLAYABLE_CANDIDATE,2118,2133,27713,Eivor,WIND,SUPPORT,AWAKENED,true,false,false,176,10,5,true,3,,,,,,false,OBTAINABLE
PLAYABLE_CANDIDATE,2119,2134,27714,Eivor,LIGHT,ATTACK,AWAKENED,true,false,false,176,10,5,true,3,,,,,,false,OBTAINABLE
PLAYABLE_CANDIDATE,2120,2135,27715,Eivor,DARK,HP,AWAKENED,true,false,false,176,10,5,true,3,,,,,,false,OBTAINABLE
PLAYABLE_CANDIDATE,2140,2155,27804,Dual Blade,LIGHT,ATTACK,BASE,true,false,false,177,2,2,true,3,,,,,,false,OBTAINABLE
PLAYABLE_CANDIDATE,2141,2156,27814,Frederic,LIGHT,ATTACK,AWAKENED,true,false,false,177,2,2,true,3,,,,,,false,OBTAINABLE
PLAYABLE_CANDIDATE,2142,2157,27901,Steel Commander,WATER,ATTACK,BASE,true,false,false,178,10,10,true,3,,,,,,false,OBTAINABLE
PLAYABLE_CANDIDATE,2143,2158,27902,Steel Commander,FIRE,ATTACK,BASE,true,false,false,178,10,10,true,3,,,,,,false,OBTAINABLE
PLAYABLE_CANDIDATE,2144,2159,27903,Steel Commander,WIND,ATTACK,BASE,true,false,false,178,10,10,true,3,,,,,,false,OBTAINABLE
PLAYABLE_CANDIDATE,2145,2160,27904,Steel Commander,LIGHT,ATTACK,BASE,true,false,false,178,10,10,true,3,,,,,,false,OBTAINABLE
PLAYABLE_CANDIDATE,2146,2161,27905,Steel Commander,DARK,ATTACK,BASE,true,false,false,178,10,10,true,3,,,,,,false,OBTAINABLE
PLAYABLE_CANDIDATE,2147,2162,27911,Lionel,WATER,ATTACK,AWAKENED,true,false,false,178,10,10,true,3,,,,,,false,OBTAINABLE
PLAYABLE_CANDIDATE,2148,2163,27912,Patrick,FIRE,ATTACK,AWAKENED,true,false,false,178,10,10,true,3,,,,,,false,OBTAINABLE
PLAYABLE_CANDIDATE,2149,2164,27913,Hector,WIND,ATTACK,AWAKENED,true,false,false,178,10,10,true,3,,,,,,false,OBTAINABLE
PLAYABLE_CANDIDATE,2150,2165,27914,Ian,LIGHT,ATTACK,AWAKENED,true,false,false,178,10,10,true,3,,,,,,false,OBTAINABLE
PLAYABLE_CANDIDATE,2151,2166,27915,Evan,DARK,ATTACK,AWAKENED,true,false,false,178,10,10,true,3,,,,,,false,OBTAINABLE
PLAYABLE_CANDIDATE,2152,2167,28001,Desert Warrior,WATER,SUPPORT,BASE,true,false,false,179,10,10,true,3,,,,,,false,OBTAINABLE
PLAYABLE_CANDIDATE,2153,2168,28002,Desert Warrior,FIRE,HP,BASE,true,false,false,179,10,10,true,3,,,,,,false,OBTAINABLE
PLAYABLE_CANDIDATE,2154,2169,28003,Desert Warrior,WIND,HP,BASE,true,false,false,179,10,10,true,3,,,,,,false,OBTAINABLE
PLAYABLE_CANDIDATE,2155,2170,28004,Desert Warrior,LIGHT,HP,BASE,true,false,false,179,10,10,true,3,,,,,,false,OBTAINABLE
PLAYABLE_CANDIDATE,2156,2171,28005,Desert Warrior,DARK,SUPPORT,BASE,true,false,false,179,10,10,true,3,,,,,,false,OBTAINABLE
PLAYABLE_CANDIDATE,2157,2172,28011,Omar,WATER,SUPPORT,AWAKENED,true,false,false,179,10,10,true,3,,,,,,false,OBTAINABLE
PLAYABLE_CANDIDATE,2158,2173,28012,Ashour,FIRE,HP,AWAKENED,true,false,false,179,10,10,true,3,,,,,,false,OBTAINABLE
PLAYABLE_CANDIDATE,2159,2174,28013,Shahat,WIND,HP,AWAKENED,true,false,false,179,10,10,true,3,,,,,,false,OBTAINABLE
PLAYABLE_CANDIDATE,2160,2175,28014,Ahmed,LIGHT,HP,AWAKENED,true,false,false,179,10,10,true,3,,,,,,false,OBTAINABLE
PLAYABLE_CANDIDATE,2161,2176,28015,Salah,DARK,SUPPORT,AWAKENED,true,false,false,179,10,10,true,3,,,,,,false,OBTAINABLE
PLAYABLE_CANDIDATE,2162,2177,28101,Gladiatrix,WATER,SUPPORT,BASE,true,false,false,180,10,10,true,3,,,,,,false,OBTAINABLE
PLAYABLE_CANDIDATE,2163,2178,28102,Gladiatrix,FIRE,ATTACK,BASE,true,false,false,180,10,10,true,3,,,,,,false,OBTAINABLE
PLAYABLE_CANDIDATE,2164,2179,28103,Gladiatrix,WIND,ATTACK,BASE,true,false,false,180,10,10,true,3,,,,,,false,OBTAINABLE
PLAYABLE_CANDIDATE,2165,2180,28104,Gladiatrix,LIGHT,SUPPORT,BASE,true,false,false,180,10,10,true,3,,,,,,false,OBTAINABLE
PLAYABLE_CANDIDATE,2166,2181,28105,Gladiatrix,DARK,ATTACK,BASE,true,false,false,180,10,10,true,3,,,,,,false,OBTAINABLE
PLAYABLE_CANDIDATE,2167,2182,28111,Kalantatze,WATER,SUPPORT,AWAKENED,true,false,false,180,10,10,true,3,,,,,,false,OBTAINABLE
PLAYABLE_CANDIDATE,2168,2183,28112,Federica,FIRE,ATTACK,AWAKENED,true,false,false,180,10,10,true,3,,,,,,false,OBTAINABLE
PLAYABLE_CANDIDATE,2169,2184,28113,Eleni,WIND,ATTACK,AWAKENED,true,false,false,180,10,10,true,3,,,,,,false,OBTAINABLE
PLAYABLE_CANDIDATE,2170,2185,28114,Aurelia,LIGHT,SUPPORT,AWAKENED,true,false,false,180,10,10,true,3,,,,,,false,OBTAINABLE
PLAYABLE_CANDIDATE,2171,2186,28115,Kiara,DARK,ATTACK,AWAKENED,true,false,false,180,10,10,true,3,,,,,,false,OBTAINABLE
PLAYABLE_CANDIDATE,2172,2187,28201,Mercenary Queen,WATER,SUPPORT,BASE,true,false,false,181,10,10,true,3,,,,,,false,OBTAINABLE
PLAYABLE_CANDIDATE,2173,2188,28202,Mercenary Queen,FIRE,HP,BASE,true,false,false,181,10,10,true,3,,,,,,false,OBTAINABLE
PLAYABLE_CANDIDATE,2174,2189,28203,Mercenary Queen,WIND,SUPPORT,BASE,true,false,false,181,10,10,true,3,,,,,,false,OBTAINABLE
PLAYABLE_CANDIDATE,2175,2190,28204,Mercenary Queen,LIGHT,ATTACK,BASE,true,false,false,181,10,10,true,3,,,,,,false,OBTAINABLE
PLAYABLE_CANDIDATE,2176,2191,28205,Mercenary Queen,DARK,HP,BASE,true,false,false,181,10,10,true,3,,,,,,false,OBTAINABLE
PLAYABLE_CANDIDATE,2177,2192,28211,Brita,WATER,SUPPORT,AWAKENED,true,false,false,181,10,10,true,3,,,,,,false,OBTAINABLE
PLAYABLE_CANDIDATE,2178,2193,28212,Solveig,FIRE,HP,AWAKENED,true,false,false,181,10,10,true,3,,,,,,false,OBTAINABLE
PLAYABLE_CANDIDATE,2179,2194,28213,Astrid,WIND,SUPPORT,AWAKENED,true,false,false,181,10,10,true,3,,,,,,false,OBTAINABLE
PLAYABLE_CANDIDATE,2180,2195,28214,Berghild,LIGHT,ATTACK,AWAKENED,true,false,false,181,10,10,true,3,,,,,,false,OBTAINABLE
PLAYABLE_CANDIDATE,2181,2196,28215,Sigrid,DARK,HP,AWAKENED,true,false,false,181,10,10,true,3,,,,,,false,OBTAINABLE
PLAYABLE_CANDIDATE,2182,2197,28301,Indra,WATER,DEFENSE,BASE,true,false,false,182,10,10,true,3,,,,,,false,OBTAINABLE
PLAYABLE_CANDIDATE,2183,2198,28302,Indra,FIRE,ATTACK,BASE,true,false,false,182,10,10,true,3,,,,,,false,OBTAINABLE
PLAYABLE_CANDIDATE,2184,2199,28303,Indra,WIND,ATTACK,BASE,true,false,false,182,10,10,true,3,,,,,,false,OBTAINABLE
PLAYABLE_CANDIDATE,2185,2200,28304,Indra,LIGHT,ATTACK,BASE,true,false,false,182,10,10,true,3,,,,,,false,OBTAINABLE
PLAYABLE_CANDIDATE,2186,2201,28305,Indra,DARK,HP,BASE,true,false,false,182,10,10,true,3,,,,,,false,OBTAINABLE
PLAYABLE_CANDIDATE,2187,2202,28311,Parjanya,WATER,DEFENSE,AWAKENED,true,false,false,182,10,10,true,4,,2192,Parjanya,2192,Parjanya,true,OBTAINABLE|TRANSFORMS_TO|TRANSFORMED_FROM
PLAYABLE_CANDIDATE,2188,2203,28312,Vendhan,FIRE,ATTACK,AWAKENED,true,false,false,182,10,10,true,4,,2193,Vendhan,2193,Vendhan,true,OBTAINABLE|TRANSFORMS_TO|TRANSFORMED_FROM
PLAYABLE_CANDIDATE,2189,2204,28313,Chakra,WIND,ATTACK,AWAKENED,true,false,false,182,10,10,true,4,,2194,Chakra,2194,Chakra,true,OBTAINABLE|TRANSFORMS_TO|TRANSFORMED_FROM
PLAYABLE_CANDIDATE,2190,2205,28314,Dyeus,LIGHT,ATTACK,AWAKENED,true,false,false,182,10,10,true,4,,2195,Dyeus,2195,Dyeus,true,OBTAINABLE|TRANSFORMS_TO|TRANSFORMED_FROM
PLAYABLE_CANDIDATE,2191,2206,28315,Devaraja,DARK,HP,AWAKENED,true,false,false,182,10,10,true,4,,2196,Devaraja,2196,Devaraja,true,OBTAINABLE|TRANSFORMS_TO|TRANSFORMED_FROM
PLAYABLE_CANDIDATE,2197,2212,28501,Asura,WATER,ATTACK,BASE,true,false,false,184,10,10,true,3,,,,,,false,OBTAINABLE
PLAYABLE_CANDIDATE,2198,2213,28502,Asura,FIRE,ATTACK,BASE,true,false,false,184,10,10,true,3,,,,,,false,OBTAINABLE
PLAYABLE_CANDIDATE,2199,2214,28503,Asura,WIND,ATTACK,BASE,true,false,false,184,10,10,true,3,,,,,,false,OBTAINABLE
PLAYABLE_CANDIDATE,2200,2215,28504,Asura,LIGHT,ATTACK,BASE,true,false,false,184,10,10,true,3,,,,,,false,OBTAINABLE
PLAYABLE_CANDIDATE,2201,2216,28505,Asura,DARK,HP,BASE,true,false,false,184,10,10,true,3,,,,,,false,OBTAINABLE
PLAYABLE_CANDIDATE,2202,2217,28511,Mayasura,WATER,ATTACK,AWAKENED,true,false,false,184,10,10,true,3,,,,,,false,OBTAINABLE
PLAYABLE_CANDIDATE,2203,2218,28512,Varuna,FIRE,ATTACK,AWAKENED,true,false,false,184,10,10,true,3,,,,,,false,OBTAINABLE
PLAYABLE_CANDIDATE,2204,2219,28513,Usha,WIND,ATTACK,AWAKENED,true,false,false,184,10,10,true,3,,,,,,false,OBTAINABLE
PLAYABLE_CANDIDATE,2205,2220,28514,Danu,LIGHT,ATTACK,AWAKENED,true,false,false,184,10,10,true,3,,,,,,false,OBTAINABLE
PLAYABLE_CANDIDATE,2206,2221,28515,Vritra,DARK,HP,AWAKENED,true,false,false,184,10,10,true,3,,,,,,false,OBTAINABLE
PLAYABLE_CANDIDATE,2230,2245,16531,Nickel,WATER,DEFENSE,SECOND_AWAKENED,true,false,false,64,15,15,true,3,,,,,,false,OBTAINABLE
PLAYABLE_CANDIDATE,2231,2246,16532,Iron,FIRE,DEFENSE,SECOND_AWAKENED,true,false,false,64,15,15,true,3,,,,,,false,OBTAINABLE
PLAYABLE_CANDIDATE,2232,2247,16533,Copper,WIND,DEFENSE,SECOND_AWAKENED,true,false,false,64,15,15,true,3,,,,,,false,OBTAINABLE
PLAYABLE_CANDIDATE,2233,2248,16534,Silver,LIGHT,DEFENSE,SECOND_AWAKENED,true,false,false,64,15,15,true,3,,,,,,false,OBTAINABLE
PLAYABLE_CANDIDATE,2234,2249,16535,Zinc,DARK,DEFENSE,SECOND_AWAKENED,true,false,false,64,15,15,true,3,,,,,,false,OBTAINABLE
PLAYABLE_CANDIDATE,2235,2250,20831,Tractor,WATER,DEFENSE,SECOND_AWAKENED,true,false,false,107,15,15,true,3,,,,,,false,OBTAINABLE
PLAYABLE_CANDIDATE,2236,2251,20832,Bulldozer,FIRE,HP,SECOND_AWAKENED,true,false,false,107,15,15,true,3,,,,,,false,OBTAINABLE
PLAYABLE_CANDIDATE,2237,2252,20833,Crane,WIND,DEFENSE,SECOND_AWAKENED,true,false,false,107,15,15,true,3,,,,,,false,OBTAINABLE
PLAYABLE_CANDIDATE,2238,2253,20834,Driller,LIGHT,HP,SECOND_AWAKENED,true,false,false,107,15,15,true,3,,,,,,false,OBTAINABLE
PLAYABLE_CANDIDATE,2239,2254,20835,Crawler,DARK,DEFENSE,SECOND_AWAKENED,true,false,false,107,15,15,true,3,,,,,,false,OBTAINABLE
PLAYABLE_CANDIDATE,2240,2255,28601,Devil Maiden,WATER,SUPPORT,BASE,true,false,false,185,10,10,true,3,,,,,,false,OBTAINABLE
PLAYABLE_CANDIDATE,2241,2256,28602,Devil Maiden,FIRE,ATTACK,BASE,true,false,false,185,10,10,true,3,,,,,,false,OBTAINABLE
PLAYABLE_CANDIDATE,2242,2257,28603,Devil Maiden,WIND,SUPPORT,BASE,true,false,false,185,10,10,true,3,,,,,,false,OBTAINABLE
PLAYABLE_CANDIDATE,2243,2258,28604,Devil Maiden,LIGHT,DEFENSE,BASE,true,false,false,185,10,10,true,3,,,,,,false,OBTAINABLE
PLAYABLE_CANDIDATE,2244,2259,28605,Devil Maiden,DARK,ATTACK,BASE,true,false,false,185,10,10,true,3,,2250,Lord of Hell,2250,Lord of Hell,true,OBTAINABLE|TRANSFORMS_TO|TRANSFORMED_FROM
PLAYABLE_CANDIDATE,2245,2260,28611,Irène,WATER,SUPPORT,AWAKENED,true,false,false,185,10,10,true,3,,,,,,false,OBTAINABLE
PLAYABLE_CANDIDATE,2246,2261,28612,Bloodya,FIRE,ATTACK,AWAKENED,true,false,false,185,10,10,true,3,,,,,,false,OBTAINABLE
PLAYABLE_CANDIDATE,2247,2262,28613,Layla,WIND,SUPPORT,AWAKENED,true,false,false,185,10,10,true,3,,,,,,false,OBTAINABLE
PLAYABLE_CANDIDATE,2248,2263,28614,Jessica,LIGHT,DEFENSE,AWAKENED,true,false,false,185,10,10,true,3,,,,,,false,OBTAINABLE
PLAYABLE_CANDIDATE,2249,2264,28615,Liliana,DARK,ATTACK,AWAKENED,true,false,false,185,10,10,true,3,,2251,Lord of Hell,2251,Lord of Hell,true,OBTAINABLE|TRANSFORMS_TO|TRANSFORMED_FROM
PLAYABLE_CANDIDATE,2300,2315,28901,Dokkaebi Lord,WATER,HP,BASE,true,false,false,188,10,10,true,3,,,,,,false,OBTAINABLE
PLAYABLE_CANDIDATE,2301,2316,28902,Dokkaebi Lord,FIRE,HP,BASE,true,false,false,188,10,10,true,3,,,,,,false,OBTAINABLE
PLAYABLE_CANDIDATE,2302,2317,28903,Dokkaebi Lord,WIND,HP,BASE,true,false,false,188,10,10,true,3,,,,,,false,OBTAINABLE
PLAYABLE_CANDIDATE,2303,2318,28904,Dokkaebi Lord,LIGHT,HP,BASE,true,false,false,188,10,10,true,3,,,,,,false,OBTAINABLE
PLAYABLE_CANDIDATE,2304,2319,28905,Dokkaebi Lord,DARK,HP,BASE,true,false,false,188,10,10,true,3,,,,,,false,OBTAINABLE
PLAYABLE_CANDIDATE,2305,2320,28911,Jeongnam,WATER,HP,AWAKENED,true,false,false,188,10,10,true,3,,,,,,false,OBTAINABLE
PLAYABLE_CANDIDATE,2306,2321,28912,Moogwang,FIRE,HP,AWAKENED,true,false,false,188,10,10,true,3,,,,,,false,OBTAINABLE
PLAYABLE_CANDIDATE,2307,2322,28913,Byungchul,WIND,HP,AWAKENED,true,false,false,188,10,10,true,3,,,,,,false,OBTAINABLE
PLAYABLE_CANDIDATE,2308,2323,28914,Euldong,LIGHT,HP,AWAKENED,true,false,false,188,10,10,true,3,,,,,,false,OBTAINABLE
PLAYABLE_CANDIDATE,2309,2324,28915,Gapsoo,DARK,HP,AWAKENED,true,false,false,188,10,10,true,3,,,,,,false,OBTAINABLE
PLAYABLE_CANDIDATE,2310,2325,29001,Dokkaebi Princess and Sapsaree,WATER,SUPPORT,BASE,true,false,false,189,11,10,true,3,,,,,,false,OBTAINABLE
PLAYABLE_CANDIDATE,2311,2326,29002,Dokkaebi Princess and Sapsaree,FIRE,SUPPORT,BASE,true,false,true,189,11,10,true,3,,,,,,false,OBTAINABLE|FUSION_FOOD
PLAYABLE_CANDIDATE,2312,2327,29003,Dokkaebi Princess and Sapsaree,WIND,SUPPORT,BASE,true,false,false,189,11,10,true,3,,,,,,false,OBTAINABLE
PLAYABLE_CANDIDATE,2313,2328,29004,Dokkaebi Princess and Sapsaree,LIGHT,SUPPORT,BASE,true,false,false,189,11,10,true,3,,,,,,false,OBTAINABLE
PLAYABLE_CANDIDATE,2314,2329,29005,Dokkaebi Princess and Sapsaree,DARK,SUPPORT,BASE,true,false,false,189,11,10,true,3,,,,,,false,OBTAINABLE
PLAYABLE_CANDIDATE,2315,2330,29011,Minji and Sapsaree,WATER,SUPPORT,AWAKENED,true,false,false,189,11,10,true,3,,,,,,false,OBTAINABLE
PLAYABLE_CANDIDATE,2316,2331,29012,Yeji and Sapsaree,FIRE,SUPPORT,AWAKENED,true,false,false,189,11,10,true,3,,,,,,false,OBTAINABLE
PLAYABLE_CANDIDATE,2317,2332,29013,Yuna and Sapsaree,WIND,SUPPORT,AWAKENED,true,false,false,189,11,10,true,3,,,,,,false,OBTAINABLE
PLAYABLE_CANDIDATE,2318,2333,29014,Eunbee and Sapsaree,LIGHT,SUPPORT,AWAKENED,true,false,false,189,11,10,true,3,,,,,,false,OBTAINABLE
PLAYABLE_CANDIDATE,2319,2334,29015,Damee and Sapsaree,DARK,SUPPORT,AWAKENED,true,false,false,189,11,10,true,3,,,,,,false,OBTAINABLE
PLAYABLE_CANDIDATE,2324,2339,29105,Twin Angels,DARK,SUPPORT,BASE,true,false,false,190,10,10,true,3,,,,,,false,OBTAINABLE
PLAYABLE_CANDIDATE,2325,2340,29111,Ramael and Judiah,WATER,SUPPORT,AWAKENED,true,false,false,190,10,10,true,3,,,,,,false,OBTAINABLE
PLAYABLE_CANDIDATE,2326,2341,29112,Karuel and Lanoah,FIRE,SUPPORT,AWAKENED,true,false,false,190,10,10,true,3,,,,,,false,OBTAINABLE
PLAYABLE_CANDIDATE,2327,2342,29113,Sadiel and Zeryah,WIND,SUPPORT,AWAKENED,true,false,false,190,10,10,true,3,,,,,,false,OBTAINABLE
PLAYABLE_CANDIDATE,2328,2343,29114,Miruel and Graciah,LIGHT,SUPPORT,AWAKENED,true,false,false,190,10,10,true,3,,,,,,false,OBTAINABLE
PLAYABLE_CANDIDATE,2329,2344,29115,Jaduel and Aepiah,DARK,SUPPORT,AWAKENED,true,false,false,190,10,10,true,3,,,,,,false,OBTAINABLE
PLAYABLE_CANDIDATE,2330,2345,29101,Twin Angels,WATER,SUPPORT,BASE,true,false,false,190,10,10,true,3,,,,,,false,OBTAINABLE
PLAYABLE_CANDIDATE,2331,2346,29102,Twin Angels,FIRE,SUPPORT,BASE,true,false,false,190,10,10,true,3,,,,,,false,OBTAINABLE
PLAYABLE_CANDIDATE,2332,2347,29103,Twin Angels,WIND,SUPPORT,BASE,true,false,false,190,10,10,true,3,,,,,,false,OBTAINABLE
PLAYABLE_CANDIDATE,2333,2348,29104,Twin Angels,LIGHT,SUPPORT,BASE,true,false,false,190,10,10,true,3,,,,,,false,OBTAINABLE
PLAYABLE_CANDIDATE,2339,2354,29211,Geralt,WATER,ATTACK,AWAKENED,true,false,false,191,10,5,true,3,,,,,,false,OBTAINABLE
PLAYABLE_CANDIDATE,2340,2355,29212,Geralt,FIRE,ATTACK,AWAKENED,true,false,false,191,10,5,true,3,,,,,,false,OBTAINABLE
PLAYABLE_CANDIDATE,2341,2356,29213,Geralt,WIND,HP,AWAKENED,true,false,false,191,10,5,true,3,,,,,,false,OBTAINABLE
PLAYABLE_CANDIDATE,2342,2357,29214,Geralt,LIGHT,ATTACK,AWAKENED,true,false,false,191,10,5,true,3,,,,,,false,OBTAINABLE
PLAYABLE_CANDIDATE,2343,2358,29215,Geralt,DARK,HP,AWAKENED,true,false,false,191,10,5,true,3,,,,,,false,OBTAINABLE
PLAYABLE_CANDIDATE,2349,2364,29311,Ciri,WATER,ATTACK,AWAKENED,true,false,false,192,10,5,true,3,,,,,,false,OBTAINABLE
PLAYABLE_CANDIDATE,2350,2365,29312,Ciri,FIRE,ATTACK,AWAKENED,true,false,false,192,10,5,true,3,,,,,,false,OBTAINABLE
PLAYABLE_CANDIDATE,2351,2366,29313,Ciri,WIND,ATTACK,AWAKENED,true,false,false,192,10,5,true,3,,,,,,false,OBTAINABLE
PLAYABLE_CANDIDATE,2352,2367,29314,Ciri,LIGHT,ATTACK,AWAKENED,true,false,false,192,10,5,true,3,,,,,,false,OBTAINABLE
PLAYABLE_CANDIDATE,2353,2368,29315,Ciri,DARK,ATTACK,AWAKENED,true,false,false,192,10,5,true,3,,,,,,false,OBTAINABLE
PLAYABLE_CANDIDATE,2359,2374,29411,Yennefer,WATER,ATTACK,AWAKENED,true,false,false,193,10,5,true,3,,,,,,false,OBTAINABLE
PLAYABLE_CANDIDATE,2360,2375,29412,Yennefer,FIRE,SUPPORT,AWAKENED,true,false,false,193,10,5,true,3,,,,,,false,OBTAINABLE
PLAYABLE_CANDIDATE,2361,2376,29413,Yennefer,WIND,ATTACK,AWAKENED,true,false,false,193,10,5,true,3,,,,,,false,OBTAINABLE
PLAYABLE_CANDIDATE,2362,2377,29414,Yennefer,LIGHT,SUPPORT,AWAKENED,true,false,false,193,10,5,true,3,,,,,,false,OBTAINABLE
PLAYABLE_CANDIDATE,2363,2378,29415,Yennefer,DARK,ATTACK,AWAKENED,true,false,false,193,10,5,true,3,,,,,,false,OBTAINABLE
PLAYABLE_CANDIDATE,2369,2384,29511,Triss,WATER,SUPPORT,AWAKENED,true,false,false,194,10,5,true,3,,,,,,false,OBTAINABLE
PLAYABLE_CANDIDATE,2370,2385,29512,Triss,FIRE,ATTACK,AWAKENED,true,false,false,194,10,5,true,3,,,,,,false,OBTAINABLE
PLAYABLE_CANDIDATE,2371,2386,29513,Triss,WIND,SUPPORT,AWAKENED,true,false,false,194,10,5,true,3,,,,,,false,OBTAINABLE
PLAYABLE_CANDIDATE,2372,2387,29514,Triss,LIGHT,SUPPORT,AWAKENED,true,false,false,194,10,5,true,3,,,,,,false,OBTAINABLE
PLAYABLE_CANDIDATE,2373,2388,29515,Triss,DARK,ATTACK,AWAKENED,true,false,false,194,10,5,true,3,,,,,,false,OBTAINABLE
PLAYABLE_CANDIDATE,2378,2393,30001,Hacker,WATER,SUPPORT,BASE,true,false,false,199,10,10,true,3,,,,,,false,OBTAINABLE
PLAYABLE_CANDIDATE,2379,2394,30002,Hacker,FIRE,SUPPORT,BASE,true,false,false,199,10,10,true,3,,,,,,false,OBTAINABLE
PLAYABLE_CANDIDATE,2380,2395,30003,Hacker,WIND,ATTACK,BASE,true,false,false,199,10,10,true,3,,,,,,false,OBTAINABLE
PLAYABLE_CANDIDATE,2381,2396,30004,Hacker,LIGHT,SUPPORT,BASE,true,false,false,199,10,10,true,3,,,,,,false,OBTAINABLE
PLAYABLE_CANDIDATE,2382,2397,30005,Hacker,DARK,SUPPORT,BASE,true,false,false,199,10,10,true,3,,,,,,false,OBTAINABLE
PLAYABLE_CANDIDATE,2383,2398,30011,K1D,WATER,SUPPORT,AWAKENED,true,false,false,199,10,10,true,3,,,,,,false,OBTAINABLE
PLAYABLE_CANDIDATE,2384,2399,30012,7R1X,FIRE,SUPPORT,AWAKENED,true,false,false,199,10,10,true,3,,,,,,false,OBTAINABLE
PLAYABLE_CANDIDATE,2385,2400,30013,570RM,WIND,ATTACK,AWAKENED,true,false,false,199,10,10,true,3,,,,,,false,OBTAINABLE
PLAYABLE_CANDIDATE,2386,2401,30014,51LV3R,LIGHT,SUPPORT,AWAKENED,true,false,false,199,10,10,true,3,,,,,,false,OBTAINABLE
PLAYABLE_CANDIDATE,2387,2402,30015,N1X,DARK,SUPPORT,AWAKENED,true,false,false,199,10,10,true,3,,,,,,false,OBTAINABLE
PLAYABLE_CANDIDATE,2388,2403,30101,Cyborg,WATER,ATTACK,BASE,true,false,false,200,10,10,true,3,,,,,,false,OBTAINABLE
PLAYABLE_CANDIDATE,2389,2404,30102,Cyborg,FIRE,ATTACK,BASE,true,false,false,200,10,10,true,3,,,,,,false,OBTAINABLE
PLAYABLE_CANDIDATE,2390,2405,30103,Cyborg,WIND,ATTACK,BASE,true,false,false,200,10,10,true,3,,,,,,false,OBTAINABLE
PLAYABLE_CANDIDATE,2391,2406,30104,Cyborg,LIGHT,ATTACK,BASE,true,false,false,200,10,10,true,3,,,,,,false,OBTAINABLE
PLAYABLE_CANDIDATE,2392,2407,30105,Cyborg,DARK,ATTACK,BASE,true,false,false,200,10,10,true,3,,,,,,false,OBTAINABLE
PLAYABLE_CANDIDATE,2393,2408,30111,Lorenza,WATER,ATTACK,AWAKENED,true,false,false,200,10,10,true,3,,,,,,false,OBTAINABLE
PLAYABLE_CANDIDATE,2394,2409,30112,Carmella,FIRE,ATTACK,AWAKENED,true,false,false,200,10,10,true,3,,,,,,false,OBTAINABLE
PLAYABLE_CANDIDATE,2395,2410,30113,Eliza,WIND,ATTACK,AWAKENED,true,false,false,200,10,10,true,3,,,,,,false,OBTAINABLE
PLAYABLE_CANDIDATE,2396,2411,30114,Alesia,LIGHT,ATTACK,AWAKENED,true,false,false,200,10,10,true,3,,,,,,false,OBTAINABLE
PLAYABLE_CANDIDATE,2397,2412,30115,Roberta,DARK,ATTACK,AWAKENED,true,false,false,200,10,10,true,3,,,,,,false,OBTAINABLE
PLAYABLE_CANDIDATE,2398,2413,29601,Magic Order Guardian,WATER,ATTACK,BASE,true,false,false,195,10,10,true,3,,,,,,false,OBTAINABLE
PLAYABLE_CANDIDATE,2399,2414,29602,Magic Order Guardian,FIRE,ATTACK,BASE,true,false,false,195,10,10,true,3,,,,,,false,OBTAINABLE
PLAYABLE_CANDIDATE,2400,2415,29603,Magic Order Guardian,WIND,HP,BASE,true,false,false,195,10,10,true,3,,,,,,false,OBTAINABLE
PLAYABLE_CANDIDATE,2401,2416,29604,Magic Order Guardian,LIGHT,ATTACK,BASE,true,false,false,195,10,10,true,3,,,,,,false,OBTAINABLE
PLAYABLE_CANDIDATE,2402,2417,29605,Magic Order Guardian,DARK,HP,BASE,true,false,false,195,10,10,true,3,,,,,,false,OBTAINABLE
PLAYABLE_CANDIDATE,2403,2418,29611,Anders,WATER,ATTACK,AWAKENED,true,false,false,195,10,10,true,3,,,,,,false,OBTAINABLE
PLAYABLE_CANDIDATE,2404,2419,29612,Magnus,FIRE,ATTACK,AWAKENED,true,false,false,195,10,10,true,3,,,,,,false,OBTAINABLE
PLAYABLE_CANDIDATE,2405,2420,29613,Henrik,WIND,HP,AWAKENED,true,false,false,195,10,10,true,3,,,,,,false,OBTAINABLE
PLAYABLE_CANDIDATE,2406,2421,29614,Lars,LIGHT,ATTACK,AWAKENED,true,false,false,195,10,10,true,3,,,,,,false,OBTAINABLE
PLAYABLE_CANDIDATE,2407,2422,29615,Valdemar,DARK,HP,AWAKENED,true,false,false,195,10,10,true,3,,,,,,false,OBTAINABLE
PLAYABLE_CANDIDATE,2408,2423,29701,Magic Order Swordsinger,WATER,ATTACK,BASE,true,false,false,196,10,10,true,3,,,,,,false,OBTAINABLE
PLAYABLE_CANDIDATE,2409,2424,29702,Magic Order Swordsinger,FIRE,ATTACK,BASE,true,false,false,196,10,10,true,3,,,,,,false,OBTAINABLE
PLAYABLE_CANDIDATE,2410,2425,29703,Magic Order Swordsinger,WIND,ATTACK,BASE,true,false,false,196,10,10,true,3,,,,,,false,OBTAINABLE
PLAYABLE_CANDIDATE,2411,2426,29704,Magic Order Swordsinger,LIGHT,ATTACK,BASE,true,false,false,196,10,10,true,3,,,,,,false,OBTAINABLE
PLAYABLE_CANDIDATE,2412,2427,29705,Magic Order Swordsinger,DARK,ATTACK,BASE,true,false,false,196,10,10,true,3,,,,,,false,OBTAINABLE
PLAYABLE_CANDIDATE,2413,2428,29711,Rigna,WATER,ATTACK,AWAKENED,true,false,false,196,10,10,true,3,,,,,,false,OBTAINABLE
PLAYABLE_CANDIDATE,2414,2429,29712,Reyka,FIRE,ATTACK,AWAKENED,true,false,false,196,10,10,true,3,,,,,,false,OBTAINABLE
PLAYABLE_CANDIDATE,2415,2430,29713,Tirsa,WIND,ATTACK,AWAKENED,true,false,false,196,10,10,true,3,,,,,,false,OBTAINABLE
PLAYABLE_CANDIDATE,2416,2431,29714,Birgitta,LIGHT,ATTACK,AWAKENED,true,false,false,196,10,10,true,3,,,,,,false,OBTAINABLE
PLAYABLE_CANDIDATE,2417,2432,29715,Fiona,DARK,ATTACK,AWAKENED,true,false,false,196,10,10,true,3,,,,,,false,OBTAINABLE
PLAYABLE_CANDIDATE,2418,2433,29801,Magic Order Enchantress,WATER,ATTACK,BASE,true,false,false,197,10,10,true,3,,,,,,false,OBTAINABLE
PLAYABLE_CANDIDATE,2419,2434,29802,Magic Order Enchantress,FIRE,SUPPORT,BASE,true,false,false,197,10,10,true,3,,,,,,false,OBTAINABLE
PLAYABLE_CANDIDATE,2420,2435,29803,Magic Order Enchantress,WIND,ATTACK,BASE,true,false,false,197,10,10,true,3,,,,,,false,OBTAINABLE
PLAYABLE_CANDIDATE,2421,2436,29804,Magic Order Enchantress,LIGHT,SUPPORT,BASE,true,false,false,197,10,10,true,3,,,,,,false,OBTAINABLE
PLAYABLE_CANDIDATE,2422,2437,29805,Magic Order Enchantress,DARK,ATTACK,BASE,true,false,false,197,10,10,true,3,,,,,,false,OBTAINABLE
PLAYABLE_CANDIDATE,2423,2438,29811,Johanna,WATER,ATTACK,AWAKENED,true,false,false,197,10,10,true,3,,,,,,false,OBTAINABLE
PLAYABLE_CANDIDATE,2424,2439,29812,Tarnisha,FIRE,SUPPORT,AWAKENED,true,false,false,197,10,10,true,3,,,,,,false,OBTAINABLE
PLAYABLE_CANDIDATE,2425,2440,29813,Hexarina,WIND,ATTACK,AWAKENED,true,false,false,197,10,10,true,3,,,,,,false,OBTAINABLE
PLAYABLE_CANDIDATE,2426,2441,29814,Arcana,LIGHT,SUPPORT,AWAKENED,true,false,false,197,10,10,true,3,,,,,,false,OBTAINABLE
PLAYABLE_CANDIDATE,2427,2442,29815,Hilda,DARK,ATTACK,AWAKENED,true,false,false,197,10,10,true,3,,,,,,false,OBTAINABLE
PLAYABLE_CANDIDATE,2428,2443,29901,Magic Order Elementalist,WATER,SUPPORT,BASE,true,false,false,198,10,10,true,3,,,,,,false,OBTAINABLE
PLAYABLE_CANDIDATE,2429,2444,29902,Magic Order Elementalist,FIRE,ATTACK,BASE,true,false,false,198,10,10,true,3,,,,,,false,OBTAINABLE
PLAYABLE_CANDIDATE,2430,2445,29903,Magic Order Elementalist,WIND,SUPPORT,BASE,true,false,false,198,10,10,true,3,,,,,,false,OBTAINABLE
PLAYABLE_CANDIDATE,2431,2446,29904,Magic Order Elementalist,LIGHT,SUPPORT,BASE,true,false,false,198,10,10,true,3,,,,,,false,OBTAINABLE
PLAYABLE_CANDIDATE,2432,2447,29905,Magic Order Elementalist,DARK,ATTACK,BASE,true,false,false,198,10,10,true,3,,,,,,false,OBTAINABLE
PLAYABLE_CANDIDATE,2433,2448,29911,Lumina,WATER,SUPPORT,AWAKENED,true,false,false,198,10,10,true,3,,,,,,false,OBTAINABLE
PLAYABLE_CANDIDATE,2434,2449,29912,Enshia,FIRE,ATTACK,AWAKENED,true,false,false,198,10,10,true,3,,,,,,false,OBTAINABLE
PLAYABLE_CANDIDATE,2435,2450,29913,Nobella,WIND,SUPPORT,AWAKENED,true,false,false,198,10,10,true,3,,,,,,false,OBTAINABLE
PLAYABLE_CANDIDATE,2436,2451,29914,Groa,LIGHT,SUPPORT,AWAKENED,true,false,false,198,10,10,true,3,,,,,,false,OBTAINABLE
PLAYABLE_CANDIDATE,2437,2452,29915,Celestara,DARK,ATTACK,AWAKENED,true,false,false,198,10,10,true,3,,,,,,false,OBTAINABLE
PLAYABLE_CANDIDATE,2476,2491,30215,Ryomen Sukuna,DARK,ATTACK,AWAKENED,true,false,false,201,2,1,true,3,,,,,,false,OBTAINABLE
PLAYABLE_CANDIDATE,2482,2497,30311,Satoru Gojo,WATER,DEFENSE,AWAKENED,true,false,false,202,10,5,true,3,,,,,,false,OBTAINABLE
PLAYABLE_CANDIDATE,2483,2498,30312,Satoru Gojo,FIRE,ATTACK,AWAKENED,true,false,false,202,10,5,true,3,,,,,,false,OBTAINABLE
PLAYABLE_CANDIDATE,2484,2499,30313,Satoru Gojo,WIND,DEFENSE,AWAKENED,true,false,false,202,10,5,true,3,,,,,,false,OBTAINABLE
PLAYABLE_CANDIDATE,2485,2500,30314,Satoru Gojo,LIGHT,DEFENSE,AWAKENED,true,false,false,202,10,5,true,3,,,,,,false,OBTAINABLE
PLAYABLE_CANDIDATE,2486,2501,30315,Satoru Gojo,DARK,ATTACK,AWAKENED,true,false,false,202,10,5,true,3,,,,,,false,OBTAINABLE
PLAYABLE_CANDIDATE,2492,2507,30411,Yuji Itadori,WATER,ATTACK,AWAKENED,true,false,false,203,10,5,true,3,,,,,,false,OBTAINABLE
PLAYABLE_CANDIDATE,2493,2508,30412,Yuji Itadori,FIRE,ATTACK,AWAKENED,true,false,false,203,10,5,true,3,,,,,,false,OBTAINABLE
PLAYABLE_CANDIDATE,2494,2509,30413,Yuji Itadori,WIND,ATTACK,AWAKENED,true,false,false,203,10,5,true,3,,,,,,false,OBTAINABLE
PLAYABLE_CANDIDATE,2495,2510,30414,Yuji Itadori,LIGHT,ATTACK,AWAKENED,true,false,false,203,10,5,true,3,,,,,,false,OBTAINABLE
PLAYABLE_CANDIDATE,2496,2511,30415,Yuji Itadori,DARK,ATTACK,AWAKENED,true,false,false,203,10,5,true,3,,,,,,false,OBTAINABLE
PLAYABLE_CANDIDATE,2502,2517,30511,Megumi Fushiguro,WATER,SUPPORT,AWAKENED,true,false,false,204,10,5,true,3,,,,,,false,OBTAINABLE
PLAYABLE_CANDIDATE,2503,2518,30512,Megumi Fushiguro,FIRE,SUPPORT,AWAKENED,true,false,false,204,10,5,true,3,,,,,,false,OBTAINABLE
PLAYABLE_CANDIDATE,2504,2519,30513,Megumi Fushiguro,WIND,SUPPORT,AWAKENED,true,false,false,204,10,5,true,3,,,,,,false,OBTAINABLE
PLAYABLE_CANDIDATE,2505,2520,30514,Megumi Fushiguro,LIGHT,SUPPORT,AWAKENED,true,false,false,204,10,5,true,3,,,,,,false,OBTAINABLE
PLAYABLE_CANDIDATE,2506,2521,30515,Megumi Fushiguro,DARK,SUPPORT,AWAKENED,true,false,false,204,10,5,true,3,,,,,,false,OBTAINABLE
PLAYABLE_CANDIDATE,2512,2527,30611,Nobara Kugisaki,WATER,ATTACK,AWAKENED,true,false,false,205,10,5,true,3,,,,,,false,OBTAINABLE
PLAYABLE_CANDIDATE,2513,2528,30612,Nobara Kugisaki,FIRE,HP,AWAKENED,true,false,false,205,10,5,true,3,,,,,,false,OBTAINABLE
PLAYABLE_CANDIDATE,2514,2529,30613,Nobara Kugisaki,WIND,HP,AWAKENED,true,false,false,205,10,5,true,3,,,,,,false,OBTAINABLE
PLAYABLE_CANDIDATE,2515,2530,30614,Nobara Kugisaki,LIGHT,HP,AWAKENED,true,false,false,205,10,5,true,3,,,,,,false,OBTAINABLE
PLAYABLE_CANDIDATE,2516,2531,30615,Nobara Kugisaki,DARK,ATTACK,AWAKENED,true,false,false,205,10,5,true,3,,,,,,false,OBTAINABLE
PLAYABLE_CANDIDATE,2524,2539,12131,Sisroo,WATER,SUPPORT,SECOND_AWAKENED,true,false,false,21,15,15,true,3,,,,,,false,OBTAINABLE
PLAYABLE_CANDIDATE,2525,2540,12132,Colleen,FIRE,SUPPORT,SECOND_AWAKENED,true,false,false,21,15,15,true,3,,,,,,false,OBTAINABLE
PLAYABLE_CANDIDATE,2526,2541,12133,Seal,WIND,SUPPORT,SECOND_AWAKENED,true,false,false,21,15,15,true,3,,,,,,false,OBTAINABLE
PLAYABLE_CANDIDATE,2527,2542,12134,Sia,LIGHT,ATTACK,SECOND_AWAKENED,true,false,false,21,15,15,true,3,,,,,,false,OBTAINABLE
PLAYABLE_CANDIDATE,2528,2543,12135,Seren,DARK,ATTACK,SECOND_AWAKENED,true,false,false,21,15,15,true,3,,,,,,false,OBTAINABLE
PLAYABLE_CANDIDATE,2529,2544,30701,Drakan Warrior,WATER,DEFENSE,BASE,true,false,false,206,10,10,true,3,,,,,,false,OBTAINABLE
PLAYABLE_CANDIDATE,2530,2545,30702,Drakan Warrior,FIRE,ATTACK,BASE,true,false,false,206,10,10,true,3,,,,,,false,OBTAINABLE
PLAYABLE_CANDIDATE,2531,2546,30703,Drakan Warrior,WIND,DEFENSE,BASE,true,false,false,206,10,10,true,3,,,,,,false,OBTAINABLE
PLAYABLE_CANDIDATE,2532,2547,30704,Drakan Warrior,LIGHT,DEFENSE,BASE,true,false,false,206,10,10,true,3,,,,,,false,OBTAINABLE
PLAYABLE_CANDIDATE,2533,2548,30705,Drakan Warrior,DARK,ATTACK,BASE,true,false,false,206,10,10,true,3,,,,,,false,OBTAINABLE
PLAYABLE_CANDIDATE,2534,2549,30711,Solvark,WATER,DEFENSE,AWAKENED,true,false,false,206,10,10,true,3,,,,,,false,OBTAINABLE
PLAYABLE_CANDIDATE,2535,2550,30712,Deragron,FIRE,ATTACK,AWAKENED,true,false,false,206,10,10,true,3,,,,,,false,OBTAINABLE
PLAYABLE_CANDIDATE,2536,2551,30713,Ereshion,WIND,DEFENSE,AWAKENED,true,false,false,206,10,10,true,3,,,,,,false,OBTAINABLE
PLAYABLE_CANDIDATE,2537,2552,30714,Fridrion,LIGHT,DEFENSE,AWAKENED,true,false,false,206,10,10,true,3,,,,,,false,OBTAINABLE
PLAYABLE_CANDIDATE,2538,2553,30715,Drakar,DARK,ATTACK,AWAKENED,true,false,false,206,10,10,true,3,,,,,,false,OBTAINABLE
PLAYABLE_CANDIDATE,2555,2570,30815,Hayato,DARK,ATTACK,AWAKENED,true,false,false,207,2,1,true,3,,,,,,false,OBTAINABLE
PLAYABLE_CANDIDATE,2561,2576,30911,Werner,WATER,DEFENSE,AWAKENED,true,false,false,208,10,5,true,3,,,,,,false,OBTAINABLE
PLAYABLE_CANDIDATE,2562,2577,30912,Werner,FIRE,ATTACK,AWAKENED,true,false,false,208,10,5,true,3,,,,,,false,OBTAINABLE
PLAYABLE_CANDIDATE,2563,2578,30913,Werner,WIND,DEFENSE,AWAKENED,true,false,false,208,10,5,true,3,,,,,,false,OBTAINABLE
PLAYABLE_CANDIDATE,2564,2579,30914,Werner,LIGHT,DEFENSE,AWAKENED,true,false,false,208,10,5,true,3,,,,,,false,OBTAINABLE
PLAYABLE_CANDIDATE,2565,2580,30915,Werner,DARK,ATTACK,AWAKENED,true,false,false,208,10,5,true,3,,,,,,false,OBTAINABLE
PLAYABLE_CANDIDATE,2571,2586,31011,Rick,WATER,ATTACK,AWAKENED,true,false,false,209,10,5,true,3,,,,,,false,OBTAINABLE
PLAYABLE_CANDIDATE,2572,2587,31012,Rick,FIRE,ATTACK,AWAKENED,true,false,false,209,10,5,true,3,,,,,,false,OBTAINABLE
PLAYABLE_CANDIDATE,2573,2588,31013,Rick,WIND,ATTACK,AWAKENED,true,false,false,209,10,5,true,3,,,,,,false,OBTAINABLE
PLAYABLE_CANDIDATE,2574,2589,31014,Rick,LIGHT,ATTACK,AWAKENED,true,false,false,209,10,5,true,3,,,,,,false,OBTAINABLE
PLAYABLE_CANDIDATE,2575,2590,31015,Rick,DARK,ATTACK,AWAKENED,true,false,false,209,10,5,true,3,,,,,,false,OBTAINABLE
PLAYABLE_CANDIDATE,2581,2596,31111,Tetsuya,WATER,SUPPORT,AWAKENED,true,false,false,210,10,5,true,3,,,,,,false,OBTAINABLE
PLAYABLE_CANDIDATE,2582,2597,31112,Tetsuya,FIRE,SUPPORT,AWAKENED,true,false,false,210,10,5,true,3,,,,,,false,OBTAINABLE
PLAYABLE_CANDIDATE,2583,2598,31113,Tetsuya,WIND,SUPPORT,AWAKENED,true,false,false,210,10,5,true,3,,,,,,false,OBTAINABLE
PLAYABLE_CANDIDATE,2584,2599,31114,Tetsuya,LIGHT,SUPPORT,AWAKENED,true,false,false,210,10,5,true,3,,,,,,false,OBTAINABLE
PLAYABLE_CANDIDATE,2585,2600,31115,Tetsuya,DARK,SUPPORT,AWAKENED,true,false,false,210,10,5,true,3,,,,,,false,OBTAINABLE
PLAYABLE_CANDIDATE,2591,2606,31211,Aya,WATER,ATTACK,AWAKENED,true,false,false,211,10,5,true,3,,,,,,false,OBTAINABLE
PLAYABLE_CANDIDATE,2592,2607,31212,Aya,FIRE,HP,AWAKENED,true,false,false,211,10,5,true,3,,,,,,false,OBTAINABLE
PLAYABLE_CANDIDATE,2593,2608,31213,Aya,WIND,HP,AWAKENED,true,false,false,211,10,5,true,3,,,,,,false,OBTAINABLE
PLAYABLE_CANDIDATE,2594,2609,31214,Aya,LIGHT,HP,AWAKENED,true,false,false,211,10,5,true,3,,,,,,false,OBTAINABLE
PLAYABLE_CANDIDATE,2595,2610,31215,Aya,DARK,ATTACK,AWAKENED,true,false,false,211,10,5,true,3,,,,,,false,OBTAINABLE
PLAYABLE_CANDIDATE,2596,2611,31301,Specter Princess,WATER,SUPPORT,BASE,true,false,false,212,10,10,true,3,,,,,,false,OBTAINABLE
PLAYABLE_CANDIDATE,2597,2612,31302,Specter Princess,FIRE,SUPPORT,BASE,true,false,false,212,10,10,true,3,,,,,,false,OBTAINABLE
PLAYABLE_CANDIDATE,2598,2613,31303,Specter Princess,WIND,SUPPORT,BASE,true,false,false,212,10,10,true,3,,,,,,false,OBTAINABLE
PLAYABLE_CANDIDATE,2599,2614,31304,Specter Princess,LIGHT,SUPPORT,BASE,true,false,false,212,10,10,true,3,,,,,,false,OBTAINABLE
PLAYABLE_CANDIDATE,2600,2615,31305,Specter Princess,DARK,SUPPORT,BASE,true,false,false,212,10,10,true,3,,,,,,false,OBTAINABLE
PLAYABLE_CANDIDATE,2601,2616,31311,Lamiella,WATER,SUPPORT,AWAKENED,true,false,false,212,10,10,true,3,,,,,,false,OBTAINABLE
PLAYABLE_CANDIDATE,2602,2617,31312,Theodora,FIRE,SUPPORT,AWAKENED,true,false,false,212,10,10,true,3,,,,,,false,OBTAINABLE
PLAYABLE_CANDIDATE,2603,2618,31313,Orphina,WIND,SUPPORT,AWAKENED,true,false,false,212,10,10,true,3,,,,,,false,OBTAINABLE
PLAYABLE_CANDIDATE,2604,2619,31314,Mortera,LIGHT,SUPPORT,AWAKENED,true,false,false,212,10,10,true,3,,,,,,false,OBTAINABLE
PLAYABLE_CANDIDATE,2605,2620,31315,Velaska,DARK,SUPPORT,AWAKENED,true,false,false,212,10,10,true,3,,,,,,false,OBTAINABLE
PLAYABLE_CANDIDATE,2606,2621,31401,Tomb Warden,WATER,HP,BASE,true,false,false,213,10,10,true,3,,,,,,false,OBTAINABLE
PLAYABLE_CANDIDATE,2607,2622,31402,Tomb Warden,FIRE,HP,BASE,true,false,false,213,10,10,true,3,,,,,,false,OBTAINABLE
PLAYABLE_CANDIDATE,2608,2623,31403,Tomb Warden,WIND,HP,BASE,true,false,false,213,10,10,true,3,,,,,,false,OBTAINABLE
PLAYABLE_CANDIDATE,2609,2624,31404,Tomb Warden,LIGHT,HP,BASE,true,false,false,213,10,10,true,3,,,,,,false,OBTAINABLE
PLAYABLE_CANDIDATE,2610,2625,31405,Tomb Warden,DARK,HP,BASE,true,false,false,213,10,10,true,3,,,,,,false,OBTAINABLE
PLAYABLE_CANDIDATE,2611,2626,31411,Mork,WATER,HP,AWAKENED,true,false,false,213,10,10,true,3,,,,,,false,OBTAINABLE
PLAYABLE_CANDIDATE,2612,2627,31412,Rex,FIRE,HP,AWAKENED,true,false,false,213,10,10,true,3,,,,,,false,OBTAINABLE
PLAYABLE_CANDIDATE,2613,2628,31413,Gronn,WIND,HP,AWAKENED,true,false,false,213,10,10,true,3,,,,,,false,OBTAINABLE
PLAYABLE_CANDIDATE,2614,2629,31414,Ramon,LIGHT,HP,AWAKENED,true,false,false,213,10,10,true,3,,,,,,false,OBTAINABLE
PLAYABLE_CANDIDATE,2615,2630,31415,Volg,DARK,HP,AWAKENED,true,false,false,213,10,10,true,3,,,,,,false,OBTAINABLE
PLAYABLE_CANDIDATE,2619,2634,31713,Gyomei Himejima,WIND,DEFENSE,AWAKENED,true,false,false,216,2,1,true,3,,,,,,false,OBTAINABLE
PLAYABLE_CANDIDATE,2625,2640,31811,Tanjiro Kamado,WATER,ATTACK,AWAKENED,true,false,false,217,10,5,true,3,,,,,,false,OBTAINABLE
PLAYABLE_CANDIDATE,2626,2641,31812,Tanjiro Kamado,FIRE,ATTACK,AWAKENED,true,false,false,217,10,5,true,3,,,,,,false,OBTAINABLE
PLAYABLE_CANDIDATE,2627,2642,31813,Tanjiro Kamado,WIND,ATTACK,AWAKENED,true,false,false,217,10,5,true,3,,,,,,false,OBTAINABLE
PLAYABLE_CANDIDATE,2628,2643,31814,Tanjiro Kamado,LIGHT,ATTACK,AWAKENED,true,false,false,217,10,5,true,3,,,,,,false,OBTAINABLE
PLAYABLE_CANDIDATE,2629,2644,31815,Tanjiro Kamado,DARK,ATTACK,AWAKENED,true,false,false,217,10,5,true,3,,,,,,false,OBTAINABLE
PLAYABLE_CANDIDATE,2635,2650,31911,Nezuko Kamado,WATER,HP,AWAKENED,true,false,false,218,10,5,true,3,,2640,Nezuko Kamado,2640,Nezuko Kamado,true,OBTAINABLE|TRANSFORMS_TO|TRANSFORMED_FROM
PLAYABLE_CANDIDATE,2636,2651,31912,Nezuko Kamado,FIRE,SUPPORT,AWAKENED,true,false,false,218,10,5,true,3,,2641,Nezuko Kamado,2641,Nezuko Kamado,true,OBTAINABLE|TRANSFORMS_TO|TRANSFORMED_FROM
PLAYABLE_CANDIDATE,2637,2652,31913,Nezuko Kamado,WIND,SUPPORT,AWAKENED,true,false,false,218,10,5,true,3,,2642,Nezuko Kamado,2642,Nezuko Kamado,true,OBTAINABLE|TRANSFORMS_TO|TRANSFORMED_FROM
PLAYABLE_CANDIDATE,2638,2653,31914,Nezuko Kamado,LIGHT,ATTACK,AWAKENED,true,false,false,218,10,5,true,3,,2643,Nezuko Kamado,2643,Nezuko Kamado,true,OBTAINABLE|TRANSFORMS_TO|TRANSFORMED_FROM
PLAYABLE_CANDIDATE,2639,2654,31915,Nezuko Kamado,DARK,SUPPORT,AWAKENED,true,false,false,218,10,5,true,3,,2644,Nezuko Kamado,2644,Nezuko Kamado,true,OBTAINABLE|TRANSFORMS_TO|TRANSFORMED_FROM
PLAYABLE_CANDIDATE,2650,2665,32111,Inosuke Hashibira,WATER,SUPPORT,AWAKENED,true,false,false,220,10,5,true,3,,,,,,false,OBTAINABLE
PLAYABLE_CANDIDATE,2651,2666,32112,Inosuke Hashibira,FIRE,ATTACK,AWAKENED,true,false,false,220,10,5,true,3,,,,,,false,OBTAINABLE
PLAYABLE_CANDIDATE,2652,2667,32113,Inosuke Hashibira,WIND,ATTACK,AWAKENED,true,false,false,220,10,5,true,3,,,,,,false,OBTAINABLE
PLAYABLE_CANDIDATE,2653,2668,32114,Inosuke Hashibira,LIGHT,ATTACK,AWAKENED,true,false,false,220,10,5,true,3,,,,,,false,OBTAINABLE
PLAYABLE_CANDIDATE,2654,2669,32115,Inosuke Hashibira,DARK,ATTACK,AWAKENED,true,false,false,220,10,5,true,3,,,,,,false,OBTAINABLE
PLAYABLE_CANDIDATE,2660,2675,32211,Zenitsu Agatsuma,WATER,ATTACK,AWAKENED,true,false,false,221,10,5,true,4,,,,,,false,OBTAINABLE
PLAYABLE_CANDIDATE,2661,2676,32212,Zenitsu Agatsuma,FIRE,ATTACK,AWAKENED,true,false,false,221,10,5,true,4,,,,,,false,OBTAINABLE
PLAYABLE_CANDIDATE,2662,2677,32213,Zenitsu Agatsuma,WIND,ATTACK,AWAKENED,true,false,false,221,10,5,true,4,,,,,,false,OBTAINABLE
PLAYABLE_CANDIDATE,2663,2678,32214,Zenitsu Agatsuma,LIGHT,ATTACK,AWAKENED,true,false,false,221,10,5,true,4,,,,,,false,OBTAINABLE
PLAYABLE_CANDIDATE,2664,2679,32215,Zenitsu Agatsuma,DARK,ATTACK,AWAKENED,true,false,false,221,10,5,true,4,,,,,,false,OBTAINABLE
PLAYABLE_CANDIDATE,2666,2681,32413,Black Tortoise Champion,WIND,DEFENSE,AWAKENED,true,false,false,223,2,1,true,3,,,,,,false,OBTAINABLE
PLAYABLE_CANDIDATE,2672,2687,32511,Azure Dragon Swordsman,WATER,ATTACK,AWAKENED,true,false,false,224,10,5,true,3,,,,,,false,OBTAINABLE
PLAYABLE_CANDIDATE,2673,2688,32512,Azure Dragon Swordsman,FIRE,ATTACK,AWAKENED,true,false,false,224,10,5,true,3,,,,,,false,OBTAINABLE
PLAYABLE_CANDIDATE,2674,2689,32513,Azure Dragon Swordsman,WIND,ATTACK,AWAKENED,true,false,false,224,10,5,true,3,,,,,,false,OBTAINABLE
PLAYABLE_CANDIDATE,2675,2690,32514,Azure Dragon Swordsman,LIGHT,ATTACK,AWAKENED,true,false,false,224,10,5,true,3,,,,,,false,OBTAINABLE
PLAYABLE_CANDIDATE,2676,2691,32515,Azure Dragon Swordsman,DARK,ATTACK,AWAKENED,true,false,false,224,10,5,true,3,,,,,,false,OBTAINABLE
PLAYABLE_CANDIDATE,2682,2697,32611,Vermilion Bird Dancer,WATER,HP,AWAKENED,true,false,false,225,10,5,true,3,,,,,,false,OBTAINABLE
PLAYABLE_CANDIDATE,2683,2698,32612,Vermilion Bird Dancer,FIRE,SUPPORT,AWAKENED,true,false,false,225,10,5,true,3,,,,,,false,OBTAINABLE
PLAYABLE_CANDIDATE,2684,2699,32613,Vermilion Bird Dancer,WIND,SUPPORT,AWAKENED,true,false,false,225,10,5,true,3,,,,,,false,OBTAINABLE
PLAYABLE_CANDIDATE,2685,2700,32614,Vermilion Bird Dancer,LIGHT,ATTACK,AWAKENED,true,false,false,225,10,5,true,3,,,,,,false,OBTAINABLE
PLAYABLE_CANDIDATE,2686,2701,32615,Vermilion Bird Dancer,DARK,SUPPORT,AWAKENED,true,false,false,225,10,5,true,3,,,,,,false,OBTAINABLE
PLAYABLE_CANDIDATE,2692,2707,32811,White Tiger Blade Master,WATER,SUPPORT,AWAKENED,true,false,false,226,10,5,true,3,,,,,,false,OBTAINABLE
PLAYABLE_CANDIDATE,2693,2708,32812,White Tiger Blade Master,FIRE,ATTACK,AWAKENED,true,false,false,226,10,5,true,3,,,,,,false,OBTAINABLE
PLAYABLE_CANDIDATE,2694,2709,32813,White Tiger Blade Master,WIND,ATTACK,AWAKENED,true,false,false,226,10,5,true,3,,,,,,false,OBTAINABLE
PLAYABLE_CANDIDATE,2695,2710,32814,White Tiger Blade Master,LIGHT,ATTACK,AWAKENED,true,false,false,226,10,5,true,3,,,,,,false,OBTAINABLE
PLAYABLE_CANDIDATE,2696,2711,32815,White Tiger Blade Master,DARK,ATTACK,AWAKENED,true,false,false,226,10,5,true,3,,,,,,false,OBTAINABLE
PLAYABLE_CANDIDATE,2702,2717,32911,Qilin Slasher,WATER,ATTACK,AWAKENED,true,false,false,227,10,5,true,4,,,,,,false,OBTAINABLE
PLAYABLE_CANDIDATE,2703,2718,32912,Qilin Slasher,FIRE,ATTACK,AWAKENED,true,false,false,227,10,5,true,4,,,,,,false,OBTAINABLE
PLAYABLE_CANDIDATE,2704,2719,32913,Qilin Slasher,WIND,ATTACK,AWAKENED,true,false,false,227,10,5,true,4,,,,,,false,OBTAINABLE
PLAYABLE_CANDIDATE,2705,2720,32914,Qilin Slasher,LIGHT,ATTACK,AWAKENED,true,false,false,227,10,5,true,4,,,,,,false,OBTAINABLE
PLAYABLE_CANDIDATE,2706,2721,32915,Qilin Slasher,DARK,ATTACK,AWAKENED,true,false,false,227,10,5,true,4,,,,,,false,OBTAINABLE
PLAYABLE_CANDIDATE,2707,2722,32301,Beetle Guardian,WATER,DEFENSE,BASE,true,false,false,222,10,10,true,3,,,,,,false,OBTAINABLE
PLAYABLE_CANDIDATE,2708,2723,32302,Beetle Guardian,FIRE,DEFENSE,BASE,true,false,false,222,10,10,true,3,,,,,,false,OBTAINABLE
PLAYABLE_CANDIDATE,2709,2724,32303,Beetle Guardian,WIND,DEFENSE,BASE,true,false,false,222,10,10,true,3,,,,,,false,OBTAINABLE
PLAYABLE_CANDIDATE,2710,2725,32304,Beetle Guardian,LIGHT,DEFENSE,BASE,true,false,false,222,10,10,true,3,,,,,,false,OBTAINABLE
PLAYABLE_CANDIDATE,2711,2726,32305,Beetle Guardian,DARK,DEFENSE,BASE,true,false,false,222,10,10,true,3,,,,,,false,OBTAINABLE
PLAYABLE_CANDIDATE,2712,2727,32311,Gideon,WATER,DEFENSE,AWAKENED,true,false,false,222,10,10,true,3,,,,,,false,OBTAINABLE
PLAYABLE_CANDIDATE,2713,2728,32312,Tityus,FIRE,DEFENSE,AWAKENED,true,false,false,222,10,10,true,3,,,,,,false,OBTAINABLE
PLAYABLE_CANDIDATE,2714,2729,32313,Elephas,WIND,DEFENSE,AWAKENED,true,false,false,222,10,10,true,3,,,,,,false,OBTAINABLE
PLAYABLE_CANDIDATE,2715,2730,32314,Hyllus,LIGHT,DEFENSE,AWAKENED,true,false,false,222,10,10,true,3,,,,,,false,OBTAINABLE
PLAYABLE_CANDIDATE,2716,2731,32315,Actaeon,DARK,DEFENSE,AWAKENED,true,false,false,222,10,10,true,3,,,,,,false,OBTAINABLE
PLAYABLE_CANDIDATE,2718,2733,33012,Heihachi Mishima,FIRE,HP,AWAKENED,true,false,false,228,2,1,true,3,,,,,,false,OBTAINABLE
PLAYABLE_CANDIDATE,2724,2739,33111,Jin Kazama,WATER,ATTACK,AWAKENED,true,false,false,229,10,5,true,3,,,,,,false,OBTAINABLE
PLAYABLE_CANDIDATE,2725,2740,33112,Jin Kazama,FIRE,HP,AWAKENED,true,false,false,229,10,5,true,3,,,,,,false,OBTAINABLE
PLAYABLE_CANDIDATE,2726,2741,33113,Jin Kazama,WIND,ATTACK,AWAKENED,true,false,false,229,10,5,true,3,,,,,,false,OBTAINABLE
PLAYABLE_CANDIDATE,2727,2742,33114,Jin Kazama,LIGHT,SUPPORT,AWAKENED,true,false,false,229,10,5,true,3,,,,,,false,OBTAINABLE
PLAYABLE_CANDIDATE,2728,2743,33115,Jin Kazama,DARK,ATTACK,AWAKENED,true,false,false,229,10,5,true,3,,,,,,false,OBTAINABLE
PLAYABLE_CANDIDATE,2734,2749,33211,Hwoarang,WATER,ATTACK,AWAKENED,true,false,false,230,10,5,true,3,,,,,,false,OBTAINABLE
PLAYABLE_CANDIDATE,2735,2750,33212,Hwoarang,FIRE,ATTACK,AWAKENED,true,false,false,230,10,5,true,3,,,,,,false,OBTAINABLE
PLAYABLE_CANDIDATE,2736,2751,33213,Hwoarang,WIND,ATTACK,AWAKENED,true,false,false,230,10,5,true,3,,,,,,false,OBTAINABLE
PLAYABLE_CANDIDATE,2737,2752,33214,Hwoarang,LIGHT,ATTACK,AWAKENED,true,false,false,230,10,5,true,3,,,,,,false,OBTAINABLE
PLAYABLE_CANDIDATE,2738,2753,33215,Hwoarang,DARK,ATTACK,AWAKENED,true,false,false,230,10,5,true,3,,,,,,false,OBTAINABLE
PLAYABLE_CANDIDATE,2744,2759,33311,Paul Phoenix,WATER,HP,AWAKENED,true,false,false,231,10,5,true,3,,,,,,false,OBTAINABLE
PLAYABLE_CANDIDATE,2745,2760,33312,Paul Phoenix,FIRE,HP,AWAKENED,true,false,false,231,10,5,true,3,,,,,,false,OBTAINABLE
PLAYABLE_CANDIDATE,2746,2761,33313,Paul Phoenix,WIND,HP,AWAKENED,true,false,false,231,10,5,true,3,,,,,,false,OBTAINABLE
PLAYABLE_CANDIDATE,2747,2762,33314,Paul Phoenix,LIGHT,HP,AWAKENED,true,false,false,231,10,5,true,3,,,,,,false,OBTAINABLE
PLAYABLE_CANDIDATE,2748,2763,33315,Paul Phoenix,DARK,HP,AWAKENED,true,false,false,231,10,5,true,3,,,,,,false,OBTAINABLE
PLAYABLE_CANDIDATE,2754,2769,33411,Nina Williams,WATER,SUPPORT,AWAKENED,true,false,false,232,10,5,true,3,,,,,,false,OBTAINABLE
PLAYABLE_CANDIDATE,2755,2770,33412,Nina Williams,FIRE,ATTACK,AWAKENED,true,false,false,232,10,5,true,3,,,,,,false,OBTAINABLE
PLAYABLE_CANDIDATE,2756,2771,33413,Nina Williams,WIND,ATTACK,AWAKENED,true,false,false,232,10,5,true,3,,,,,,false,OBTAINABLE
PLAYABLE_CANDIDATE,2757,2772,33414,Nina Williams,LIGHT,SUPPORT,AWAKENED,true,false,false,232,10,5,true,3,,,,,,false,OBTAINABLE
PLAYABLE_CANDIDATE,2758,2773,33415,Nina Williams,DARK,SUPPORT,AWAKENED,true,false,false,232,10,5,true,3,,,,,,false,OBTAINABLE
PLAYABLE_CANDIDATE,2783,2798,34001,Arcane Weapon,WATER,ATTACK,BASE,true,false,false,238,10,10,true,3,,,,,,false,OBTAINABLE
PLAYABLE_CANDIDATE,2784,2799,34002,Arcane Weapon,FIRE,SUPPORT,BASE,true,false,false,238,10,10,true,3,,,,,,false,OBTAINABLE
PLAYABLE_CANDIDATE,2785,2800,34003,Arcane Weapon,WIND,ATTACK,BASE,true,false,false,238,10,10,true,3,,,,,,false,OBTAINABLE
PLAYABLE_CANDIDATE,2786,2801,34004,Arcane Weapon,LIGHT,HP,BASE,true,false,false,238,10,10,true,3,,,,,,false,OBTAINABLE
PLAYABLE_CANDIDATE,2787,2802,34005,Arcane Weapon,DARK,ATTACK,BASE,true,false,false,238,10,10,true,3,,,,,,false,OBTAINABLE
PLAYABLE_CANDIDATE,2788,2803,34011,Cecilia,WATER,ATTACK,AWAKENED,true,false,false,238,10,10,true,3,,,,,,false,OBTAINABLE
PLAYABLE_CANDIDATE,2789,2804,34012,Cynthia,FIRE,SUPPORT,AWAKENED,true,false,false,238,10,10,true,3,,,,,,false,OBTAINABLE
PLAYABLE_CANDIDATE,2790,2805,34013,Daisy,WIND,ATTACK,AWAKENED,true,false,false,238,10,10,true,3,,,,,,false,OBTAINABLE
PLAYABLE_CANDIDATE,2791,2806,34014,Christine,LIGHT,HP,AWAKENED,true,false,false,238,10,10,true,3,,,,,,false,OBTAINABLE
PLAYABLE_CANDIDATE,2792,2807,34015,Elise,DARK,ATTACK,AWAKENED,true,false,false,238,10,10,true,3,,,,,,false,OBTAINABLE
PLAYABLE_CANDIDATE,2793,2808,34101,Centaur Knight,WATER,ATTACK,BASE,true,false,false,239,11,10,true,3,,,,,,false,OBTAINABLE
PLAYABLE_CANDIDATE,2794,2809,34102,Centaur Knight,FIRE,ATTACK,BASE,true,false,false,239,11,10,true,3,,,,,,false,OBTAINABLE
PLAYABLE_CANDIDATE,2795,2810,34103,Centaur Knight,WIND,ATTACK,BASE,true,false,false,239,11,10,true,3,,,,,,false,OBTAINABLE
PLAYABLE_CANDIDATE,2796,2811,34104,Centaur Knight,LIGHT,ATTACK,BASE,true,false,false,239,11,10,true,3,,,,,,false,OBTAINABLE
PLAYABLE_CANDIDATE,2797,2812,34105,Centaur Knight,DARK,ATTACK,BASE,true,false,false,239,11,10,true,3,,,,,,false,OBTAINABLE
PLAYABLE_CANDIDATE,2798,2813,34111,Rhoetus,WATER,ATTACK,AWAKENED,true,false,false,239,11,10,true,3,,,,,,false,OBTAINABLE
PLAYABLE_CANDIDATE,2799,2814,34112,Agrius,FIRE,ATTACK,AWAKENED,true,false,false,239,11,10,true,3,,,,,,false,OBTAINABLE
PLAYABLE_CANDIDATE,2800,2815,34113,Pholus,WIND,ATTACK,AWAKENED,true,false,false,239,11,10,true,3,,,,,,false,OBTAINABLE
PLAYABLE_CANDIDATE,2801,2816,34114,Chiron,LIGHT,ATTACK,AWAKENED,true,false,false,239,11,10,true,3,,,,,,false,OBTAINABLE
PLAYABLE_CANDIDATE,2802,2817,34115,Asbolus,DARK,ATTACK,AWAKENED,true,false,false,239,11,10,true,3,,,,,,false,OBTAINABLE
PLAYABLE_CANDIDATE,2808,2823,33512,Daimon,FIRE,HP,AWAKENED,true,false,false,233,2,1,true,3,,,,,,false,OBTAINABLE
PLAYABLE_CANDIDATE,2814,2829,33611,Kai,WATER,ATTACK,AWAKENED,true,false,false,234,10,5,true,3,,,,,,false,OBTAINABLE
PLAYABLE_CANDIDATE,2815,2830,33612,Kai,FIRE,HP,AWAKENED,true,false,false,234,10,5,true,3,,,,,,false,OBTAINABLE
PLAYABLE_CANDIDATE,2816,2831,33613,Kai,WIND,ATTACK,AWAKENED,true,false,false,234,10,5,true,3,,,,,,false,OBTAINABLE
PLAYABLE_CANDIDATE,2817,2832,33614,Kai,LIGHT,SUPPORT,AWAKENED,true,false,false,234,10,5,true,3,,,,,,false,OBTAINABLE
PLAYABLE_CANDIDATE,2818,2833,33615,Kai,DARK,ATTACK,AWAKENED,true,false,false,234,10,5,true,3,,,,,,false,OBTAINABLE
PLAYABLE_CANDIDATE,2824,2839,33711,Taebaek,WATER,ATTACK,AWAKENED,true,false,false,235,10,5,true,3,,,,,,false,OBTAINABLE
PLAYABLE_CANDIDATE,2825,2840,33712,Taebaek,FIRE,ATTACK,AWAKENED,true,false,false,235,10,5,true,3,,,,,,false,OBTAINABLE
PLAYABLE_CANDIDATE,2826,2841,33713,Taebaek,WIND,ATTACK,AWAKENED,true,false,false,235,10,5,true,3,,,,,,false,OBTAINABLE
PLAYABLE_CANDIDATE,2827,2842,33714,Taebaek,LIGHT,ATTACK,AWAKENED,true,false,false,235,10,5,true,3,,,,,,false,OBTAINABLE
PLAYABLE_CANDIDATE,2828,2843,33715,Taebaek,DARK,ATTACK,AWAKENED,true,false,false,235,10,5,true,3,,,,,,false,OBTAINABLE
PLAYABLE_CANDIDATE,2834,2849,33811,Duke,WATER,HP,AWAKENED,true,false,false,236,10,5,true,3,,,,,,false,OBTAINABLE
PLAYABLE_CANDIDATE,2835,2850,33812,Duke,FIRE,HP,AWAKENED,true,false,false,236,10,5,true,3,,,,,,false,OBTAINABLE
PLAYABLE_CANDIDATE,2836,2851,33813,Duke,WIND,HP,AWAKENED,true,false,false,236,10,5,true,3,,,,,,false,OBTAINABLE
PLAYABLE_CANDIDATE,2837,2852,33814,Duke,LIGHT,HP,AWAKENED,true,false,false,236,10,5,true,3,,,,,,false,OBTAINABLE
PLAYABLE_CANDIDATE,2838,2853,33815,Duke,DARK,HP,AWAKENED,true,false,false,236,10,5,true,3,,,,,,false,OBTAINABLE
PLAYABLE_CANDIDATE,2844,2859,33911,Shasha,WATER,SUPPORT,AWAKENED,true,false,false,237,10,5,true,3,,,,,,false,OBTAINABLE
PLAYABLE_CANDIDATE,2845,2860,33912,Shasha,FIRE,ATTACK,AWAKENED,true,false,false,237,10,5,true,3,,,,,,false,OBTAINABLE
PLAYABLE_CANDIDATE,2846,2861,33913,Shasha,WIND,ATTACK,AWAKENED,true,false,false,237,10,5,true,3,,,,,,false,OBTAINABLE
PLAYABLE_CANDIDATE,2847,2862,33914,Shasha,LIGHT,SUPPORT,AWAKENED,true,false,false,237,10,5,true,3,,,,,,false,OBTAINABLE
PLAYABLE_CANDIDATE,2848,2863,33915,Shasha,DARK,SUPPORT,AWAKENED,true,false,false,237,10,5,true,3,,,,,,false,OBTAINABLE
PLAYABLE_CANDIDATE,2852,2867,34201,Justice,WATER,SUPPORT,BASE,true,false,false,240,10,10,true,3,,,,,,false,OBTAINABLE
PLAYABLE_CANDIDATE,2853,2868,34202,Justice,FIRE,SUPPORT,BASE,true,false,false,240,10,10,true,3,,,,,,false,OBTAINABLE
PLAYABLE_CANDIDATE,2854,2869,34203,Justice,WIND,ATTACK,BASE,true,false,false,240,10,10,true,3,,,,,,false,OBTAINABLE
PLAYABLE_CANDIDATE,2855,2870,34204,Justice,LIGHT,SUPPORT,BASE,true,false,false,240,10,10,true,3,,,,,,false,OBTAINABLE
PLAYABLE_CANDIDATE,2856,2871,34205,Justice,DARK,ATTACK,BASE,true,false,false,240,10,10,true,3,,,,,,false,OBTAINABLE
PLAYABLE_CANDIDATE,2857,2872,34211,Neriope,WATER,SUPPORT,AWAKENED,true,false,false,240,10,10,true,3,,,,,,false,OBTAINABLE
PLAYABLE_CANDIDATE,2858,2873,34212,Agrenia,FIRE,SUPPORT,AWAKENED,true,false,false,240,10,10,true,3,,,,,,false,OBTAINABLE
PLAYABLE_CANDIDATE,2859,2874,34213,Driana,WIND,ATTACK,AWAKENED,true,false,false,240,10,10,true,3,,,,,,false,OBTAINABLE
PLAYABLE_CANDIDATE,2860,2875,34214,Arella,LIGHT,SUPPORT,AWAKENED,true,false,false,240,10,10,true,3,,,,,,false,OBTAINABLE
PLAYABLE_CANDIDATE,2861,2876,34215,Theonia,DARK,ATTACK,AWAKENED,true,false,false,240,10,10,true,3,,,,,,false,OBTAINABLE
PLAYABLE_CANDIDATE,2866,2881,34311,Frodo,WATER,SUPPORT,AWAKENED,true,false,false,241,2,1,true,3,,,,,,false,OBTAINABLE
PLAYABLE_CANDIDATE,2872,2887,34411,Gandalf,WATER,SUPPORT,AWAKENED,true,false,false,242,10,5,true,3,,,,,,false,OBTAINABLE
PLAYABLE_CANDIDATE,2873,2888,34412,Gandalf,FIRE,SUPPORT,AWAKENED,true,false,false,242,10,5,true,3,,,,,,false,OBTAINABLE
PLAYABLE_CANDIDATE,2874,2889,34413,Gandalf,WIND,SUPPORT,AWAKENED,true,false,false,242,10,5,true,3,,,,,,false,OBTAINABLE
PLAYABLE_CANDIDATE,2875,2890,34414,Gandalf,LIGHT,SUPPORT,AWAKENED,true,false,false,242,10,5,true,3,,2877,간달프(빛)(강화),2877,간달프(빛)(강화),true,OBTAINABLE|TRANSFORMS_TO|TRANSFORMED_FROM
PLAYABLE_CANDIDATE,2876,2891,34415,Gandalf,DARK,ATTACK,AWAKENED,true,false,false,242,10,5,true,3,,,,,,false,OBTAINABLE
PLAYABLE_CANDIDATE,2883,2898,34611,Aragorn,WATER,HP,AWAKENED,true,false,false,244,10,5,true,3,,,,,,false,OBTAINABLE
PLAYABLE_CANDIDATE,2884,2899,34612,Aragorn,FIRE,HP,AWAKENED,true,false,false,244,10,5,true,3,,,,,,false,OBTAINABLE
PLAYABLE_CANDIDATE,2885,2900,34613,Aragorn,WIND,HP,AWAKENED,true,false,false,244,10,5,true,3,,,,,,false,OBTAINABLE
PLAYABLE_CANDIDATE,2886,2901,34614,Aragorn,LIGHT,HP,AWAKENED,true,false,false,244,10,5,true,3,,,,,,false,OBTAINABLE
PLAYABLE_CANDIDATE,2887,2902,34615,Aragorn,DARK,HP,AWAKENED,true,false,false,244,10,5,true,3,,,,,,false,OBTAINABLE
PLAYABLE_CANDIDATE,2893,2908,34711,Legolas,WATER,ATTACK,AWAKENED,true,false,false,245,10,5,true,3,,,,,,false,OBTAINABLE
PLAYABLE_CANDIDATE,2894,2909,34712,Legolas,FIRE,ATTACK,AWAKENED,true,false,false,245,10,5,true,3,,,,,,false,OBTAINABLE
PLAYABLE_CANDIDATE,2895,2910,34713,Legolas,WIND,ATTACK,AWAKENED,true,false,false,245,10,5,true,3,,,,,,false,OBTAINABLE
PLAYABLE_CANDIDATE,2896,2911,34714,Legolas,LIGHT,ATTACK,AWAKENED,true,false,false,245,10,5,true,3,,,,,,false,OBTAINABLE
PLAYABLE_CANDIDATE,2897,2912,34715,Legolas,DARK,ATTACK,AWAKENED,true,false,false,245,10,5,true,3,,,,,,false,OBTAINABLE
PLAYABLE_CANDIDATE,2903,2918,34811,Gollum,WATER,ATTACK,AWAKENED,true,false,false,246,10,5,true,3,,,,,,false,OBTAINABLE
PLAYABLE_CANDIDATE,2904,2919,34812,Gollum,FIRE,ATTACK,AWAKENED,true,false,false,246,10,5,true,3,,,,,,false,OBTAINABLE
PLAYABLE_CANDIDATE,2905,2920,34813,Gollum,WIND,ATTACK,AWAKENED,true,false,false,246,10,5,true,3,,,,,,false,OBTAINABLE
PLAYABLE_CANDIDATE,2906,2921,34814,Gollum,LIGHT,ATTACK,AWAKENED,true,false,false,246,10,5,true,3,,,,,,false,OBTAINABLE
PLAYABLE_CANDIDATE,2907,2922,34815,Gollum,DARK,ATTACK,AWAKENED,true,false,false,246,10,5,true,3,,,,,,false,OBTAINABLE
PLAYABLE_CANDIDATE,2917,2932,10631,Tarq,WATER,ATTACK,SECOND_AWAKENED,true,false,false,6,15,15,true,3,,,,,,false,OBTAINABLE
PLAYABLE_CANDIDATE,2918,2933,10632,Sieq,FIRE,ATTACK,SECOND_AWAKENED,true,false,false,6,15,15,true,3,,,,,,false,OBTAINABLE
PLAYABLE_CANDIDATE,2919,2934,10633,Gamir,WIND,ATTACK,SECOND_AWAKENED,true,false,false,6,15,15,true,3,,,,,,false,OBTAINABLE
PLAYABLE_CANDIDATE,2920,2935,10634,Shamar,LIGHT,ATTACK,SECOND_AWAKENED,true,false,false,6,15,15,true,3,,,,,,false,OBTAINABLE
PLAYABLE_CANDIDATE,2921,2936,10635,Shumar,DARK,ATTACK,SECOND_AWAKENED,true,false,false,6,15,15,true,3,,,,,,false,OBTAINABLE
PLAYABLE_CANDIDATE,2922,2937,11731,Purian,WATER,ATTACK,SECOND_AWAKENED,true,false,false,17,15,15,true,3,,,,,,false,OBTAINABLE
PLAYABLE_CANDIDATE,2923,2938,11732,Tagaros,FIRE,ATTACK,SECOND_AWAKENED,true,false,false,17,15,15,true,3,,,,,,false,OBTAINABLE
PLAYABLE_CANDIDATE,2924,2939,11733,Anduril,WIND,ATTACK,SECOND_AWAKENED,true,false,false,17,15,15,true,3,,,,,,false,OBTAINABLE
PLAYABLE_CANDIDATE,2925,2940,11734,Eludain,LIGHT,ATTACK,SECOND_AWAKENED,true,false,false,17,15,15,true,3,,,,,,false,OBTAINABLE
PLAYABLE_CANDIDATE,2926,2941,11735,Drogan,DARK,ATTACK,SECOND_AWAKENED,true,false,false,17,15,15,true,3,,,,,,false,OBTAINABLE
PLAYABLE_CANDIDATE,2958,2973,35501,Dr. Plasma,WATER,ATTACK,BASE,true,false,false,253,10,10,true,3,,,,,,false,OBTAINABLE
PLAYABLE_CANDIDATE,2959,2974,35502,Dr. Plasma,FIRE,SUPPORT,BASE,true,false,false,253,10,10,true,3,,,,,,false,OBTAINABLE
PLAYABLE_CANDIDATE,2960,2975,35503,Dr. Plasma,WIND,SUPPORT,BASE,true,false,false,253,10,10,true,3,,,,,,false,OBTAINABLE
PLAYABLE_CANDIDATE,2961,2976,35504,Dr. Plasma,LIGHT,ATTACK,BASE,true,false,false,253,10,10,true,3,,,,,,false,OBTAINABLE
PLAYABLE_CANDIDATE,2962,2977,35505,Dr. Plasma,DARK,SUPPORT,BASE,true,false,false,253,10,10,true,3,,,,,,false,OBTAINABLE
PLAYABLE_CANDIDATE,2963,2978,35511,Dr. Felix,WATER,ATTACK,AWAKENED,true,false,false,253,10,10,true,3,,,,,,false,OBTAINABLE
PLAYABLE_CANDIDATE,2964,2979,35512,Dr. Matteo,FIRE,SUPPORT,AWAKENED,true,false,false,253,10,10,true,3,,,,,,false,OBTAINABLE
PLAYABLE_CANDIDATE,2965,2980,35513,Dr. Christoph,WIND,SUPPORT,AWAKENED,true,false,false,253,10,10,true,3,,,,,,false,OBTAINABLE
PLAYABLE_CANDIDATE,2966,2981,35514,Dr. Albert,LIGHT,ATTACK,AWAKENED,true,false,false,253,10,10,true,3,,,,,,false,OBTAINABLE
PLAYABLE_CANDIDATE,2967,2982,35515,Dr. Richard,DARK,SUPPORT,AWAKENED,true,false,false,253,10,10,true,3,,,,,,false,OBTAINABLE
PLAYABLE_CANDIDATE,2969,2984,34911,Silver Tail,WATER,SUPPORT,AWAKENED,true,false,false,247,2,1,true,3,,,,,,false,OBTAINABLE
PLAYABLE_CANDIDATE,2975,2990,35011,Old Wood,WATER,SUPPORT,AWAKENED,true,false,false,248,10,5,true,3,,,,,,false,OBTAINABLE
PLAYABLE_CANDIDATE,2976,2991,35012,Old Wood,FIRE,SUPPORT,AWAKENED,true,false,false,248,10,5,true,3,,,,,,false,OBTAINABLE
PLAYABLE_CANDIDATE,2977,2992,35013,Old Wood,WIND,SUPPORT,AWAKENED,true,false,false,248,10,5,true,3,,,,,,false,OBTAINABLE
PLAYABLE_CANDIDATE,2978,2993,35014,Old Wood,LIGHT,SUPPORT,AWAKENED,true,false,false,248,10,5,true,3,,2980,Old Wood,2980,Old Wood,true,OBTAINABLE|TRANSFORMS_TO|TRANSFORMED_FROM
PLAYABLE_CANDIDATE,2979,2994,35015,Old Wood,DARK,ATTACK,AWAKENED,true,false,false,248,10,5,true,3,,,,,,false,OBTAINABLE
PLAYABLE_CANDIDATE,2986,3001,35211,Night Fang,WATER,HP,AWAKENED,true,false,false,250,10,5,true,3,,,,,,false,OBTAINABLE
PLAYABLE_CANDIDATE,2987,3002,35212,Night Fang,FIRE,HP,AWAKENED,true,false,false,250,10,5,true,3,,,,,,false,OBTAINABLE
PLAYABLE_CANDIDATE,2988,3003,35213,Night Fang,WIND,HP,AWAKENED,true,false,false,250,10,5,true,3,,,,,,false,OBTAINABLE
PLAYABLE_CANDIDATE,2989,3004,35214,Night Fang,LIGHT,HP,AWAKENED,true,false,false,250,10,5,true,3,,,,,,false,OBTAINABLE
PLAYABLE_CANDIDATE,2990,3005,35215,Night Fang,DARK,HP,AWAKENED,true,false,false,250,10,5,true,3,,,,,,false,OBTAINABLE
PLAYABLE_CANDIDATE,2996,3011,35311,Elder Horn,WATER,ATTACK,AWAKENED,true,false,false,251,10,5,true,3,,,,,,false,OBTAINABLE
PLAYABLE_CANDIDATE,2997,3012,35312,Elder Horn,FIRE,ATTACK,AWAKENED,true,false,false,251,10,5,true,3,,,,,,false,OBTAINABLE
PLAYABLE_CANDIDATE,2998,3013,35313,Elder Horn,WIND,ATTACK,AWAKENED,true,false,false,251,10,5,true,3,,,,,,false,OBTAINABLE
PLAYABLE_CANDIDATE,2999,3014,35314,Elder Horn,LIGHT,ATTACK,AWAKENED,true,false,false,251,10,5,true,3,,,,,,false,OBTAINABLE
PLAYABLE_CANDIDATE,3000,3015,35315,Elder Horn,DARK,ATTACK,AWAKENED,true,false,false,251,10,5,true,3,,,,,,false,OBTAINABLE
PLAYABLE_CANDIDATE,3006,3021,35411,Lob Ear,WATER,ATTACK,AWAKENED,true,false,false,252,10,5,true,3,,,,,,false,OBTAINABLE
PLAYABLE_CANDIDATE,3007,3022,35412,Lob Ear,FIRE,ATTACK,AWAKENED,true,false,false,252,10,5,true,3,,,,,,false,OBTAINABLE
PLAYABLE_CANDIDATE,3008,3023,35413,Lob Ear,WIND,ATTACK,AWAKENED,true,false,false,252,10,5,true,3,,,,,,false,OBTAINABLE
PLAYABLE_CANDIDATE,3009,3024,35414,Lob Ear,LIGHT,ATTACK,AWAKENED,true,false,false,252,10,5,true,3,,,,,,false,OBTAINABLE
PLAYABLE_CANDIDATE,3010,3025,35415,Lob Ear,DARK,ATTACK,AWAKENED,true,false,false,252,10,5,true,3,,,,,,false,OBTAINABLE
PLAYABLE_CANDIDATE,3012,3027,35611,Himmel,WATER,ATTACK,AWAKENED,true,false,false,254,2,1,true,3,,,,,,false,OBTAINABLE
PLAYABLE_CANDIDATE,3018,3033,35711,Frieren,WATER,ATTACK,AWAKENED,true,false,false,255,10,5,true,3,,,,,,false,OBTAINABLE
PLAYABLE_CANDIDATE,3019,3034,35712,Frieren,FIRE,ATTACK,AWAKENED,true,false,false,255,10,5,true,3,,,,,,false,OBTAINABLE
PLAYABLE_CANDIDATE,3020,3035,35713,Frieren,WIND,ATTACK,AWAKENED,true,false,false,255,10,5,true,3,,,,,,false,OBTAINABLE
PLAYABLE_CANDIDATE,3021,3036,35714,Frieren,LIGHT,ATTACK,AWAKENED,true,false,false,255,10,5,true,3,,,,,,false,OBTAINABLE
PLAYABLE_CANDIDATE,3022,3037,35715,Frieren,DARK,ATTACK,AWAKENED,true,false,false,255,10,5,true,3,,,,,,false,OBTAINABLE
PLAYABLE_CANDIDATE,3028,3043,35811,Fern,WATER,ATTACK,AWAKENED,true,false,false,256,10,5,true,3,,3071,Fern,3071,Fern,true,OBTAINABLE|TRANSFORMS_TO|TRANSFORMED_FROM
PLAYABLE_CANDIDATE,3029,3044,35812,Fern,FIRE,ATTACK,AWAKENED,true,false,false,256,10,5,true,3,,3072,Fern,3072,Fern,true,OBTAINABLE|TRANSFORMS_TO|TRANSFORMED_FROM
PLAYABLE_CANDIDATE,3030,3045,35813,Fern,WIND,ATTACK,AWAKENED,true,false,false,256,10,5,true,3,,3073,Fern,3073,Fern,true,OBTAINABLE|TRANSFORMS_TO|TRANSFORMED_FROM
PLAYABLE_CANDIDATE,3031,3046,35814,Fern,LIGHT,ATTACK,AWAKENED,true,false,false,256,10,5,true,3,,3074,Fern,3074,Fern,true,OBTAINABLE|TRANSFORMS_TO|TRANSFORMED_FROM
PLAYABLE_CANDIDATE,3032,3047,35815,Fern,DARK,ATTACK,AWAKENED,true,false,false,256,10,5,true,3,,3075,Fern,3075,Fern,true,OBTAINABLE|TRANSFORMS_TO|TRANSFORMED_FROM
PLAYABLE_CANDIDATE,3038,3053,35911,Stark,WATER,HP,AWAKENED,true,false,false,257,10,5,true,3,,,,,,false,OBTAINABLE
PLAYABLE_CANDIDATE,3039,3054,35912,Stark,FIRE,HP,AWAKENED,true,false,false,257,10,5,true,3,,,,,,false,OBTAINABLE
PLAYABLE_CANDIDATE,3040,3055,35913,Stark,WIND,HP,AWAKENED,true,false,false,257,10,5,true,3,,,,,,false,OBTAINABLE
PLAYABLE_CANDIDATE,3041,3056,35914,Stark,LIGHT,HP,AWAKENED,true,false,false,257,10,5,true,3,,,,,,false,OBTAINABLE
PLAYABLE_CANDIDATE,3042,3057,35915,Stark,DARK,HP,AWAKENED,true,false,false,257,10,5,true,3,,,,,,false,OBTAINABLE
PLAYABLE_CANDIDATE,3048,3063,36011,Übel,WATER,ATTACK,AWAKENED,true,false,false,258,10,5,true,3,,,,,,false,OBTAINABLE
PLAYABLE_CANDIDATE,3049,3064,36012,Übel,FIRE,ATTACK,AWAKENED,true,false,false,258,10,5,true,3,,,,,,false,OBTAINABLE
PLAYABLE_CANDIDATE,3050,3065,36013,Übel,WIND,ATTACK,AWAKENED,true,false,false,258,10,5,true,3,,,,,,false,OBTAINABLE
PLAYABLE_CANDIDATE,3051,3066,36014,Übel,LIGHT,ATTACK,AWAKENED,true,false,false,258,10,5,true,3,,,,,,false,OBTAINABLE
PLAYABLE_CANDIDATE,3052,3067,36015,Übel,DARK,ATTACK,AWAKENED,true,false,false,258,10,5,true,3,,,,,,false,OBTAINABLE
BATTLE_FORM_CANDIDATE,1028,1043,21612,Helena,FIRE,HP,BASE,false,false,false,115,5,0,false,4,,1024,Helena,1024,Helena,true,TRANSFORMS_TO|TRANSFORMED_FROM|TRANSFORM_LINKED
BATTLE_FORM_CANDIDATE,1029,1044,21611,Amelia,WATER,HP,BASE,false,false,false,115,5,0,false,4,,1026,Amelia,1026,Amelia,true,TRANSFORMS_TO|TRANSFORMED_FROM|TRANSFORM_LINKED
BATTLE_FORM_CANDIDATE,1030,1045,21613,Diana,WIND,HP,BASE,false,false,false,115,5,0,false,4,,1027,Diana,1027,Diana,true,TRANSFORMS_TO|TRANSFORMED_FROM|TRANSFORM_LINKED
BATTLE_FORM_CANDIDATE,1031,1046,21614,Eleanor,LIGHT,HP,BASE,false,false,false,115,5,0,false,4,,1025,Eleanor,1025,Eleanor,true,TRANSFORMS_TO|TRANSFORMED_FROM|TRANSFORM_LINKED
BATTLE_FORM_CANDIDATE,1032,1047,21615,Alexandra,DARK,HP,BASE,false,false,false,115,5,0,false,4,,1023,Alexandra,1023,Alexandra,true,TRANSFORMS_TO|TRANSFORMED_FROM|TRANSFORM_LINKED
BATTLE_FORM_CANDIDATE,1194,1209,22311,Abellio,WATER,DEFENSE,BASE,false,false,false,122,5,0,false,4,,1189,Abellio,1189,Abellio,true,TRANSFORMS_TO|TRANSFORMED_FROM|TRANSFORM_LINKED
BATTLE_FORM_CANDIDATE,1195,1210,22312,Bellenus,FIRE,DEFENSE,BASE,false,false,false,122,5,0,false,4,,1190,Bellenus,1190,Bellenus,true,TRANSFORMS_TO|TRANSFORMED_FROM|TRANSFORM_LINKED
BATTLE_FORM_CANDIDATE,1196,1211,22313,Taranys,WIND,DEFENSE,BASE,false,false,false,122,5,0,false,4,,1191,Taranys,1191,Taranys,true,TRANSFORMS_TO|TRANSFORMED_FROM|TRANSFORM_LINKED
BATTLE_FORM_CANDIDATE,1197,1212,22314,Valantis,LIGHT,HP,BASE,false,false,false,122,5,0,false,4,,1192,Valantis,1192,Valantis,true,TRANSFORMS_TO|TRANSFORMED_FROM|TRANSFORM_LINKED
BATTLE_FORM_CANDIDATE,1198,1213,22315,Pater,DARK,HP,BASE,false,false,false,122,5,0,false,4,,1193,Pater,1193,Pater,true,TRANSFORMS_TO|TRANSFORMED_FROM|TRANSFORM_LINKED
BATTLE_FORM_CANDIDATE,1224,1239,22503,Giant Warrior,WIND,HP,BASE,false,false,false,124,4,0,false,3,,1216,Giant Warrior,1216,Giant Warrior,true,TRANSFORMS_TO|TRANSFORMED_FROM|TRANSFORM_LINKED
BATTLE_FORM_CANDIDATE,1225,1240,22505,Giant Warrior,DARK,HP,BASE,false,false,false,124,4,0,false,3,,1218,Giant Warrior,1218,Giant Warrior,true,TRANSFORMS_TO|TRANSFORMED_FROM|TRANSFORM_LINKED
BATTLE_FORM_CANDIDATE,1226,1241,22513,Skogul,WIND,HP,BASE,false,false,false,124,4,0,false,3,,1221,Skogul,1221,Skogul,true,TRANSFORMS_TO|TRANSFORMED_FROM|TRANSFORM_LINKED
BATTLE_FORM_CANDIDATE,1227,1242,22515,Trasar,DARK,HP,BASE,false,false,false,124,4,0,false,3,,1223,Trasar,1223,Trasar,true,TRANSFORMS_TO|TRANSFORMED_FROM|TRANSFORM_LINKED
BATTLE_FORM_CANDIDATE,1248,1263,22802,Sniper Mk.I,FIRE,ATTACK,BASE,false,false,false,127,6,0,false,3,,1239,Sniper Mk.I,1239,Sniper Mk.I,true,TRANSFORMS_TO|TRANSFORMED_FROM|TRANSFORM_LINKED
BATTLE_FORM_CANDIDATE,1249,1264,22803,Sniper Mk.I,WIND,ATTACK,BASE,false,false,false,127,6,0,false,3,,1240,Sniper Mk.I,1240,Sniper Mk.I,true,TRANSFORMS_TO|TRANSFORMED_FROM|TRANSFORM_LINKED
BATTLE_FORM_CANDIDATE,1250,1265,22805,Sniper Mk.I,DARK,ATTACK,BASE,false,false,false,127,6,0,false,3,,1242,Sniper Mk.I,1242,Sniper Mk.I,true,TRANSFORMS_TO|TRANSFORMED_FROM|TRANSFORM_LINKED
BATTLE_FORM_CANDIDATE,1251,1266,22812,Carcano,FIRE,ATTACK,BASE,false,false,false,127,6,0,false,3,,1244,Carcano,1244,Carcano,true,TRANSFORMS_TO|TRANSFORMED_FROM|TRANSFORM_LINKED
BATTLE_FORM_CANDIDATE,1252,1267,22813,Carbine,WIND,ATTACK,BASE,false,false,false,127,6,0,false,3,,1245,Carbine,1245,Carbine,true,TRANSFORMS_TO|TRANSFORMED_FROM|TRANSFORM_LINKED
BATTLE_FORM_CANDIDATE,1253,1268,22815,Dragunov,DARK,ATTACK,BASE,false,false,false,127,6,0,false,3,,1247,Dragunov,1247,Dragunov,true,TRANSFORMS_TO|TRANSFORMED_FROM|TRANSFORM_LINKED
BATTLE_FORM_CANDIDATE,1329,1344,23601,Beast Rider,WATER,ATTACK,BASE,false,false,false,135,10,0,false,3,,1319,Beast Rider,1319,Beast Rider,true,TRANSFORMS_TO|TRANSFORMED_FROM|TRANSFORM_LINKED
BATTLE_FORM_CANDIDATE,1330,1345,23602,Beast Rider,FIRE,ATTACK,BASE,false,false,false,135,10,0,false,3,,1320,Beast Rider,1320,Beast Rider,true,TRANSFORMS_TO|TRANSFORMED_FROM|TRANSFORM_LINKED
BATTLE_FORM_CANDIDATE,1331,1346,23603,Beast Rider,WIND,ATTACK,BASE,false,false,false,135,10,0,false,3,,1321,Beast Rider,1321,Beast Rider,true,TRANSFORMS_TO|TRANSFORMED_FROM|TRANSFORM_LINKED
BATTLE_FORM_CANDIDATE,1332,1347,23604,Beast Rider,LIGHT,ATTACK,BASE,false,false,false,135,10,0,false,3,,1322,Beast Rider,1322,Beast Rider,true,TRANSFORMS_TO|TRANSFORMED_FROM|TRANSFORM_LINKED
BATTLE_FORM_CANDIDATE,1333,1348,23605,Beast Rider,DARK,ATTACK,BASE,false,false,false,135,10,0,false,3,,1323,Beast Rider,1323,Beast Rider,true,TRANSFORMS_TO|TRANSFORMED_FROM|TRANSFORM_LINKED
BATTLE_FORM_CANDIDATE,1334,1349,23611,Barbara,WATER,ATTACK,AWAKENED,false,false,false,135,10,0,false,3,,1324,Barbara,1324,Barbara,true,TRANSFORMS_TO|TRANSFORMED_FROM|TRANSFORM_LINKED
BATTLE_FORM_CANDIDATE,1335,1350,23612,Masha,FIRE,ATTACK,AWAKENED,false,false,false,135,10,0,false,3,,1325,Masha,1325,Masha,true,TRANSFORMS_TO|TRANSFORMED_FROM|TRANSFORM_LINKED
BATTLE_FORM_CANDIDATE,1336,1351,23613,Savannah,WIND,ATTACK,AWAKENED,false,false,false,135,10,0,false,3,,1326,Savannah,1326,Savannah,true,TRANSFORMS_TO|TRANSFORMED_FROM|TRANSFORM_LINKED
BATTLE_FORM_CANDIDATE,1337,1352,23614,Narsha,LIGHT,ATTACK,AWAKENED,false,false,false,135,10,0,false,3,,1327,Narsha,1327,Narsha,true,TRANSFORMS_TO|TRANSFORMED_FROM|TRANSFORM_LINKED
BATTLE_FORM_CANDIDATE,1338,1353,23615,Xiana,DARK,ATTACK,AWAKENED,false,false,false,135,10,0,false,3,,1328,Xiana,1328,Xiana,true,TRANSFORMS_TO|TRANSFORMED_FROM|TRANSFORM_LINKED
BATTLE_FORM_CANDIDATE,1339,1354,23201,데몬(물),WATER,ATTACK,BASE,false,false,false,131,4,0,false,3,,1288,Demon,1288,Demon,true,TRANSFORMS_TO|TRANSFORMED_FROM|TRANSFORM_LINKED
BATTLE_FORM_CANDIDATE,1341,1356,23211,데몬(물),WATER,ATTACK,AWAKENED,false,false,false,131,4,0,false,3,,,,1293,Belial,true,TRANSFORMED_FROM|TRANSFORM_LINKED
BATTLE_FORM_CANDIDATE,1342,1357,23215,데몬(어둠),DARK,ATTACK,AWAKENED,false,false,false,131,4,0,false,3,,1292,Demon,,,true,TRANSFORMS_TO|TRANSFORM_LINKED
BATTLE_FORM_CANDIDATE,1343,1358,23401,가고일(물),WATER,DEFENSE,BASE,false,false,false,133,10,0,false,3,,1298,Gargoyle,1298,Gargoyle,true,TRANSFORMS_TO|TRANSFORMED_FROM|TRANSFORM_LINKED
BATTLE_FORM_CANDIDATE,1344,1359,23402,가고일(불),FIRE,DEFENSE,BASE,false,false,false,133,10,0,false,3,,1299,Gargoyle,1299,Gargoyle,true,TRANSFORMS_TO|TRANSFORMED_FROM|TRANSFORM_LINKED
BATTLE_FORM_CANDIDATE,1345,1360,23403,가고일(바람),WIND,DEFENSE,BASE,false,false,false,133,10,0,false,3,,1300,Gargoyle,1300,Gargoyle,true,TRANSFORMS_TO|TRANSFORMED_FROM|TRANSFORM_LINKED
BATTLE_FORM_CANDIDATE,1346,1361,23404,가고일(빛),LIGHT,DEFENSE,BASE,false,false,false,133,10,0,false,3,,1301,Gargoyle,1301,Gargoyle,true,TRANSFORMS_TO|TRANSFORMED_FROM|TRANSFORM_LINKED
BATTLE_FORM_CANDIDATE,1347,1362,23405,가고일(어둠),DARK,DEFENSE,BASE,false,false,false,133,10,0,false,3,,1302,Gargoyle,1302,Gargoyle,true,TRANSFORMS_TO|TRANSFORMED_FROM|TRANSFORM_LINKED
BATTLE_FORM_CANDIDATE,1348,1363,23411,가고일(물),WATER,DEFENSE,AWAKENED,false,false,false,133,10,0,false,3,,1303,Tanzaite,1303,Tanzaite,true,TRANSFORMS_TO|TRANSFORMED_FROM|TRANSFORM_LINKED
BATTLE_FORM_CANDIDATE,1349,1364,23412,가고일(불),FIRE,DEFENSE,AWAKENED,false,false,false,133,10,0,false,3,,1304,Kunite,1304,Kunite,true,TRANSFORMS_TO|TRANSFORMED_FROM|TRANSFORM_LINKED
BATTLE_FORM_CANDIDATE,1350,1365,23413,가고일(바람),WIND,DEFENSE,AWAKENED,false,false,false,133,10,0,false,3,,1305,Malite,1305,Malite,true,TRANSFORMS_TO|TRANSFORMED_FROM|TRANSFORM_LINKED
BATTLE_FORM_CANDIDATE,1351,1366,23414,가고일(빛),LIGHT,DEFENSE,AWAKENED,false,false,false,133,10,0,false,3,,1306,Phenaka,1306,Phenaka,true,TRANSFORMS_TO|TRANSFORMED_FROM|TRANSFORM_LINKED
BATTLE_FORM_CANDIDATE,1352,1367,23415,가고일(어둠),DARK,DEFENSE,AWAKENED,false,false,false,133,10,0,false,3,,1307,Onyx,1307,Onyx,true,TRANSFORMS_TO|TRANSFORMED_FROM|TRANSFORM_LINKED
BATTLE_FORM_CANDIDATE,1852,1867,25501,ROBO(물)_잔해,WATER,HP,BASE,false,false,false,154,2,0,false,3,,1842,ROBO,1842,ROBO,true,TRANSFORMS_TO|TRANSFORMED_FROM|TRANSFORM_LINKED
BATTLE_FORM_CANDIDATE,1853,1868,25511,ROBO(물)_잔해,WATER,HP,AWAKENED,false,false,false,154,2,0,false,3,,1847,ROBO-R40,1847,ROBO-R40,true,TRANSFORMS_TO|TRANSFORMED_FROM|TRANSFORM_LINKED
BATTLE_FORM_CANDIDATE,2192,2207,28411,Parjanya,WATER,DEFENSE,BASE,false,false,false,183,5,0,false,4,,2187,Parjanya,2187,Parjanya,true,TRANSFORMS_TO|TRANSFORMED_FROM|TRANSFORM_LINKED
BATTLE_FORM_CANDIDATE,2193,2208,28412,Vendhan,FIRE,ATTACK,BASE,false,false,false,183,5,0,false,4,,2188,Vendhan,2188,Vendhan,true,TRANSFORMS_TO|TRANSFORMED_FROM|TRANSFORM_LINKED
BATTLE_FORM_CANDIDATE,2194,2209,28413,Chakra,WIND,ATTACK,BASE,false,false,false,183,5,0,false,4,,2189,Chakra,2189,Chakra,true,TRANSFORMS_TO|TRANSFORMED_FROM|TRANSFORM_LINKED
BATTLE_FORM_CANDIDATE,2195,2210,28414,Dyeus,LIGHT,ATTACK,BASE,false,false,false,183,5,0,false,4,,2190,Dyeus,2190,Dyeus,true,TRANSFORMS_TO|TRANSFORMED_FROM|TRANSFORM_LINKED
BATTLE_FORM_CANDIDATE,2196,2211,28415,Devaraja,DARK,HP,BASE,false,false,false,183,5,0,false,4,,2191,Devaraja,2191,Devaraja,true,TRANSFORMS_TO|TRANSFORMED_FROM|TRANSFORM_LINKED
BATTLE_FORM_CANDIDATE,2250,2265,28705,Lord of Hell,DARK,ATTACK,BASE,false,false,false,186,2,0,false,2,,2244,Devil Maiden,2244,Devil Maiden,true,TRANSFORMS_TO|TRANSFORMED_FROM|TRANSFORM_LINKED
BATTLE_FORM_CANDIDATE,2251,2266,28715,Lord of Hell,DARK,ATTACK,BASE,false,false,false,186,2,0,false,2,,2249,Liliana,2249,Liliana,true,TRANSFORMS_TO|TRANSFORMED_FROM|TRANSFORM_LINKED
BATTLE_FORM_CANDIDATE,2640,2655,32011,Nezuko Kamado,WATER,HP,BASE,false,false,false,219,5,0,false,3,,2635,Nezuko Kamado,2635,Nezuko Kamado,true,TRANSFORMS_TO|TRANSFORMED_FROM|TRANSFORM_LINKED
BATTLE_FORM_CANDIDATE,2641,2656,32012,Nezuko Kamado,FIRE,SUPPORT,BASE,false,false,false,219,5,0,false,3,,2636,Nezuko Kamado,2636,Nezuko Kamado,true,TRANSFORMS_TO|TRANSFORMED_FROM|TRANSFORM_LINKED
BATTLE_FORM_CANDIDATE,2642,2657,32013,Nezuko Kamado,WIND,SUPPORT,BASE,false,false,false,219,5,0,false,3,,2637,Nezuko Kamado,2637,Nezuko Kamado,true,TRANSFORMS_TO|TRANSFORMED_FROM|TRANSFORM_LINKED
BATTLE_FORM_CANDIDATE,2643,2658,32014,Nezuko Kamado,LIGHT,ATTACK,BASE,false,false,false,219,5,0,false,3,,2638,Nezuko Kamado,2638,Nezuko Kamado,true,TRANSFORMS_TO|TRANSFORMED_FROM|TRANSFORM_LINKED
BATTLE_FORM_CANDIDATE,2644,2659,32015,Nezuko Kamado,DARK,SUPPORT,BASE,false,false,false,219,5,0,false,3,,2639,Nezuko Kamado,2639,Nezuko Kamado,true,TRANSFORMS_TO|TRANSFORMED_FROM|TRANSFORM_LINKED
BATTLE_FORM_CANDIDATE,2877,2892,34514,간달프(빛)(강화),LIGHT,SUPPORT,AWAKENED,false,false,false,243,1,0,false,3,,2875,Gandalf,2875,Gandalf,true,TRANSFORMS_TO|TRANSFORMED_FROM|TRANSFORM_LINKED
BATTLE_FORM_CANDIDATE,2980,2995,35114,Old Wood,LIGHT,SUPPORT,AWAKENED,false,false,false,249,1,0,false,3,,2978,Old Wood,2978,Old Wood,true,TRANSFORMS_TO|TRANSFORMED_FROM|TRANSFORM_LINKED
BATTLE_FORM_CANDIDATE,3071,3086,36111,Fern,WATER,ATTACK,BASE,false,false,false,259,5,0,false,3,,3028,Fern,3028,Fern,true,TRANSFORMS_TO|TRANSFORMED_FROM|TRANSFORM_LINKED
BATTLE_FORM_CANDIDATE,3072,3087,36112,Fern,FIRE,ATTACK,BASE,false,false,false,259,5,0,false,3,,3029,Fern,3029,Fern,true,TRANSFORMS_TO|TRANSFORMED_FROM|TRANSFORM_LINKED
BATTLE_FORM_CANDIDATE,3073,3088,36113,Fern,WIND,ATTACK,BASE,false,false,false,259,5,0,false,3,,3030,Fern,3030,Fern,true,TRANSFORMS_TO|TRANSFORMED_FROM|TRANSFORM_LINKED
BATTLE_FORM_CANDIDATE,3074,3089,36114,Fern,LIGHT,ATTACK,BASE,false,false,false,259,5,0,false,3,,3031,Fern,3031,Fern,true,TRANSFORMS_TO|TRANSFORMED_FROM|TRANSFORM_LINKED
BATTLE_FORM_CANDIDATE,3075,3090,36115,Fern,DARK,ATTACK,BASE,false,false,false,259,5,0,false,3,,3032,Fern,3032,Fern,true,TRANSFORMS_TO|TRANSFORMED_FROM|TRANSFORM_LINKED
RELATED_FORM_REVIEW,1037,1052,11223,Imperfect Nine-tailed Fox,WIND,ATTACK,BASE,false,false,false,12,11,10,true,3,,,,,,false,FAMILY_HAS_PLAYABLE_SIGNAL
RELATED_FORM_REVIEW,1038,1053,11621,Imperfect Undine,WATER,SUPPORT,BASE,false,false,false,16,11,10,true,3,,,,,,false,FAMILY_HAS_PLAYABLE_SIGNAL
RELATED_FORM_REVIEW,1039,1054,11822,Imperfect Sylph,FIRE,ATTACK,BASE,false,false,false,18,11,10,true,3,,,,,,false,FAMILY_HAS_PLAYABLE_SIGNAL
RELATED_FORM_REVIEW,1040,1055,13322,Imperfect Succubus,FIRE,ATTACK,BASE,false,false,false,33,11,10,true,3,,,,,,false,FAMILY_HAS_PLAYABLE_SIGNAL
RELATED_FORM_REVIEW,1041,1056,13422,Imperfect Joker,FIRE,DEFENSE,BASE,false,false,false,34,11,10,true,2,,,,,,false,FAMILY_HAS_PLAYABLE_SIGNAL
RELATED_FORM_REVIEW,1042,1057,13521,Imperfect Ninja,WATER,ATTACK,BASE,false,false,false,35,11,10,true,3,,,,,,false,FAMILY_HAS_PLAYABLE_SIGNAL
RELATED_FORM_REVIEW,1043,1058,14723,Imperfect Vampire,WIND,ATTACK,BASE,false,false,false,47,12,10,true,2,,,,,,false,FAMILY_HAS_PLAYABLE_SIGNAL
RELATED_FORM_REVIEW,1054,1069,17323,Imperfect Kung Fu Girl,WIND,ATTACK,BASE,false,false,false,72,11,10,true,2,,,,,,false,FAMILY_HAS_PLAYABLE_SIGNAL
RELATED_FORM_REVIEW,1055,1070,20621,Imperfect Horus,WATER,SUPPORT,BASE,false,false,false,105,11,10,true,3,,,,,,false,FAMILY_HAS_PLAYABLE_SIGNAL
RELATED_FORM_REVIEW,1142,1157,16921,Imperfect Samurai,WATER,ATTACK,BASE,false,false,false,68,11,10,true,4,,,,,,false,FAMILY_HAS_PLAYABLE_SIGNAL
RELATED_FORM_REVIEW,1143,1158,21422,Imperfect Harp Magician,FIRE,SUPPORT,BASE,false,false,false,113,11,10,true,3,,,,,,false,FAMILY_HAS_PLAYABLE_SIGNAL
RELATED_FORM_REVIEW,1153,1168,12804,Low Elemental,LIGHT,SUPPORT,BASE,false,false,false,28,10,9,true,2,,,,,,false,FAMILY_HAS_PLAYABLE_SIGNAL
RELATED_FORM_REVIEW,1212,1227,14722,Imperfect Vampire,FIRE,ATTACK,BASE,false,false,false,47,12,10,true,2,,,,,,false,FAMILY_HAS_PLAYABLE_SIGNAL
RELATED_FORM_REVIEW,1213,1228,19823,Imperfect Magic Knight,WIND,HP,BASE,false,false,false,97,11,10,true,3,,,,,,false,FAMILY_HAS_PLAYABLE_SIGNAL
RELATED_FORM_REVIEW,1615,1630,24001,류(물),WATER,ATTACK,BASE,false,false,false,139,10,5,true,3,,,,,,false,FAMILY_HAS_PLAYABLE_SIGNAL
RELATED_FORM_REVIEW,1616,1631,24002,류(불),FIRE,ATTACK,BASE,false,false,false,139,10,5,true,3,,,,,,false,FAMILY_HAS_PLAYABLE_SIGNAL
RELATED_FORM_REVIEW,1617,1632,24003,류(바람),WIND,ATTACK,BASE,false,false,false,139,10,5,true,3,,,,,,false,FAMILY_HAS_PLAYABLE_SIGNAL
RELATED_FORM_REVIEW,1618,1633,24004,류(빛),LIGHT,ATTACK,BASE,false,false,false,139,10,5,true,3,,,,,,false,FAMILY_HAS_PLAYABLE_SIGNAL
RELATED_FORM_REVIEW,1619,1634,24005,류(어둠),DARK,ATTACK,BASE,false,false,false,139,10,5,true,3,,,,,,false,FAMILY_HAS_PLAYABLE_SIGNAL
RELATED_FORM_REVIEW,1625,1640,24102,켄(불),FIRE,ATTACK,BASE,false,false,false,140,2,1,true,3,,,,,,false,FAMILY_HAS_PLAYABLE_SIGNAL
RELATED_FORM_REVIEW,1627,1642,24201,바이슨(물),WATER,HP,BASE,false,false,false,141,10,5,true,3,,,,,,false,FAMILY_HAS_PLAYABLE_SIGNAL
RELATED_FORM_REVIEW,1628,1643,24202,바이슨(불),FIRE,HP,BASE,false,false,false,141,10,5,true,3,,,,,,false,FAMILY_HAS_PLAYABLE_SIGNAL
RELATED_FORM_REVIEW,1629,1644,24203,바이슨(바람),WIND,HP,BASE,false,false,false,141,10,5,true,3,,,,,,false,FAMILY_HAS_PLAYABLE_SIGNAL
RELATED_FORM_REVIEW,1630,1645,24204,바이슨(빛),LIGHT,HP,BASE,false,false,false,141,10,5,true,3,,,,,,false,FAMILY_HAS_PLAYABLE_SIGNAL
RELATED_FORM_REVIEW,1631,1646,24205,바이슨(어둠),DARK,HP,BASE,false,false,false,141,10,5,true,3,,,,,,false,FAMILY_HAS_PLAYABLE_SIGNAL
RELATED_FORM_REVIEW,1637,1652,24301,달심(물),WATER,ATTACK,BASE,false,false,false,142,10,5,true,3,,,,,,false,FAMILY_HAS_PLAYABLE_SIGNAL
RELATED_FORM_REVIEW,1638,1653,24302,달심(불),FIRE,SUPPORT,BASE,false,false,false,142,10,5,true,3,,,,,,false,FAMILY_HAS_PLAYABLE_SIGNAL
RELATED_FORM_REVIEW,1639,1654,24303,달심(바람),WIND,ATTACK,BASE,false,false,false,142,10,5,true,3,,,,,,false,FAMILY_HAS_PLAYABLE_SIGNAL
RELATED_FORM_REVIEW,1640,1655,24304,달심(빛),LIGHT,SUPPORT,BASE,false,false,false,142,10,5,true,3,,,,,,false,FAMILY_HAS_PLAYABLE_SIGNAL
RELATED_FORM_REVIEW,1641,1656,24305,달심(어둠),DARK,DEFENSE,BASE,false,false,false,142,10,5,true,3,,,,,,false,FAMILY_HAS_PLAYABLE_SIGNAL
RELATED_FORM_REVIEW,1647,1662,24401,춘리(물),WATER,ATTACK,BASE,false,false,false,143,10,5,true,3,,,,,,false,FAMILY_HAS_PLAYABLE_SIGNAL
RELATED_FORM_REVIEW,1648,1663,24402,춘리(불),FIRE,SUPPORT,BASE,false,false,false,143,10,5,true,3,,,,,,false,FAMILY_HAS_PLAYABLE_SIGNAL
RELATED_FORM_REVIEW,1649,1664,24403,춘리(바람),WIND,ATTACK,BASE,false,false,false,143,10,5,true,3,,,,,,false,FAMILY_HAS_PLAYABLE_SIGNAL
RELATED_FORM_REVIEW,1650,1665,24404,춘리(빛),LIGHT,ATTACK,BASE,false,false,false,143,10,5,true,3,,,,,,false,FAMILY_HAS_PLAYABLE_SIGNAL
RELATED_FORM_REVIEW,1651,1666,24405,춘리(어둠),DARK,SUPPORT,BASE,false,false,false,143,10,5,true,3,,,,,,false,FAMILY_HAS_PLAYABLE_SIGNAL
RELATED_FORM_REVIEW,1854,1869,20121,Imperfect Neostone Agent,WATER,SUPPORT,BASE,false,false,false,100,11,10,true,3,,,,,,false,FAMILY_HAS_PLAYABLE_SIGNAL
RELATED_FORM_REVIEW,1855,1870,22123,Imperfect Dryad,WIND,SUPPORT,BASE,false,false,false,120,11,10,true,3,,,,,,false,FAMILY_HAS_PLAYABLE_SIGNAL
RELATED_FORM_REVIEW,1957,1972,26203,용감한 쿠키,WIND,ATTACK,BASE,false,false,false,161,2,1,true,3,,,,,,false,FAMILY_HAS_PLAYABLE_SIGNAL
RELATED_FORM_REVIEW,1959,1974,26301,퓨어바닐라 쿠키(물),WATER,SUPPORT,BASE,false,false,false,162,10,5,true,3,,,,,,false,FAMILY_HAS_PLAYABLE_SIGNAL
RELATED_FORM_REVIEW,1960,1975,26302,퓨어바닐라 쿠키(불),FIRE,SUPPORT,BASE,false,false,false,162,10,5,true,3,,,,,,false,FAMILY_HAS_PLAYABLE_SIGNAL
RELATED_FORM_REVIEW,1961,1976,26303,퓨어바닐라 쿠키(바람),WIND,SUPPORT,BASE,false,false,false,162,10,5,true,3,,,,,,false,FAMILY_HAS_PLAYABLE_SIGNAL
RELATED_FORM_REVIEW,1962,1977,26304,퓨어바닐라 쿠키(빛),LIGHT,SUPPORT,BASE,false,false,false,162,10,5,true,3,,,,,,false,FAMILY_HAS_PLAYABLE_SIGNAL
RELATED_FORM_REVIEW,1963,1978,26305,퓨어바닐라 쿠키(어둠),DARK,SUPPORT,BASE,false,false,false,162,10,5,true,3,,,,,,false,FAMILY_HAS_PLAYABLE_SIGNAL
RELATED_FORM_REVIEW,1969,1984,26401,홀리베리 쿠키(물),WATER,DEFENSE,BASE,false,false,false,163,10,5,true,3,,,,,,false,FAMILY_HAS_PLAYABLE_SIGNAL
RELATED_FORM_REVIEW,1970,1985,26402,홀리베리 쿠키(불),FIRE,DEFENSE,BASE,false,false,false,163,10,5,true,3,,,,,,false,FAMILY_HAS_PLAYABLE_SIGNAL
RELATED_FORM_REVIEW,1971,1986,26403,홀리베리 쿠키(바람),WIND,DEFENSE,BASE,false,false,false,163,10,5,true,3,,,,,,false,FAMILY_HAS_PLAYABLE_SIGNAL
RELATED_FORM_REVIEW,1972,1987,26404,홀리베리 쿠키(빛),LIGHT,DEFENSE,BASE,false,false,false,163,10,5,true,3,,,,,,false,FAMILY_HAS_PLAYABLE_SIGNAL
RELATED_FORM_REVIEW,1973,1988,26405,홀리베리 쿠키(어둠),DARK,DEFENSE,BASE,false,false,false,163,10,5,true,3,,,,,,false,FAMILY_HAS_PLAYABLE_SIGNAL
RELATED_FORM_REVIEW,1979,1994,26501,에스프레소맛 쿠키(물),WATER,ATTACK,BASE,false,false,false,164,10,5,true,3,,,,,,false,FAMILY_HAS_PLAYABLE_SIGNAL
RELATED_FORM_REVIEW,1980,1995,26502,에스프레소맛 쿠키(불),FIRE,ATTACK,BASE,false,false,false,164,10,5,true,3,,,,,,false,FAMILY_HAS_PLAYABLE_SIGNAL
RELATED_FORM_REVIEW,1981,1996,26503,에스프레소맛 쿠키(바람),WIND,ATTACK,BASE,false,false,false,164,10,5,true,3,,,,,,false,FAMILY_HAS_PLAYABLE_SIGNAL
RELATED_FORM_REVIEW,1982,1997,26504,에스프레소맛 쿠키(빛),LIGHT,ATTACK,BASE,false,false,false,164,10,5,true,3,,,,,,false,FAMILY_HAS_PLAYABLE_SIGNAL
RELATED_FORM_REVIEW,1983,1998,26505,에스프레소맛 쿠키(어둠),DARK,ATTACK,BASE,false,false,false,164,10,5,true,3,,,,,,false,FAMILY_HAS_PLAYABLE_SIGNAL
RELATED_FORM_REVIEW,1989,2004,26601,마들렌맛 쿠키(물),WATER,ATTACK,BASE,false,false,false,165,10,5,true,3,,,,,,false,FAMILY_HAS_PLAYABLE_SIGNAL
RELATED_FORM_REVIEW,1990,2005,26602,마들렌맛 쿠키(불),FIRE,ATTACK,BASE,false,false,false,165,10,5,true,3,,,,,,false,FAMILY_HAS_PLAYABLE_SIGNAL
RELATED_FORM_REVIEW,1991,2006,26603,마들렌맛 쿠키(바람),WIND,HP,BASE,false,false,false,165,10,5,true,3,,,,,,false,FAMILY_HAS_PLAYABLE_SIGNAL
RELATED_FORM_REVIEW,1992,2007,26604,마들렌맛 쿠키(빛),LIGHT,ATTACK,BASE,false,false,false,165,10,5,true,3,,,,,,false,FAMILY_HAS_PLAYABLE_SIGNAL
RELATED_FORM_REVIEW,1993,2008,26605,마들렌맛 쿠키(어둠),DARK,HP,BASE,false,false,false,165,10,5,true,3,,,,,,false,FAMILY_HAS_PLAYABLE_SIGNAL
RELATED_FORM_REVIEW,2079,2094,27304,알타이어(빛),LIGHT,ATTACK,BASE,false,false,false,172,2,1,true,3,,,,,,false,FAMILY_HAS_PLAYABLE_SIGNAL
RELATED_FORM_REVIEW,2081,2096,27401,에지오(물),WATER,ATTACK,BASE,false,false,false,173,10,5,true,3,,,,,,false,FAMILY_HAS_PLAYABLE_SIGNAL
RELATED_FORM_REVIEW,2082,2097,27402,에지오(불),FIRE,ATTACK,BASE,false,false,false,173,10,5,true,3,,,,,,false,FAMILY_HAS_PLAYABLE_SIGNAL
RELATED_FORM_REVIEW,2083,2098,27403,에지오(바람),WIND,ATTACK,BASE,false,false,false,173,10,5,true,3,,,,,,false,FAMILY_HAS_PLAYABLE_SIGNAL
RELATED_FORM_REVIEW,2084,2099,27404,에지오(빛),LIGHT,ATTACK,BASE,false,false,false,173,10,5,true,3,,,,,,false,FAMILY_HAS_PLAYABLE_SIGNAL
RELATED_FORM_REVIEW,2085,2100,27405,에지오(어둠),DARK,ATTACK,BASE,false,false,false,173,10,5,true,3,,,,,,false,FAMILY_HAS_PLAYABLE_SIGNAL
RELATED_FORM_REVIEW,2091,2106,27501,바예크(물),WATER,SUPPORT,BASE,false,false,false,174,10,5,true,3,,,,,,false,FAMILY_HAS_PLAYABLE_SIGNAL
RELATED_FORM_REVIEW,2092,2107,27502,바예크(불),FIRE,HP,BASE,false,false,false,174,10,5,true,3,,,,,,false,FAMILY_HAS_PLAYABLE_SIGNAL
RELATED_FORM_REVIEW,2093,2108,27503,바예크(바람),WIND,HP,BASE,false,false,false,174,10,5,true,3,,,,,,false,FAMILY_HAS_PLAYABLE_SIGNAL
RELATED_FORM_REVIEW,2094,2109,27504,바예크(빛),LIGHT,HP,BASE,false,false,false,174,10,5,true,3,,,,,,false,FAMILY_HAS_PLAYABLE_SIGNAL
RELATED_FORM_REVIEW,2095,2110,27505,바예크(어둠),DARK,SUPPORT,BASE,false,false,false,174,10,5,true,3,,,,,,false,FAMILY_HAS_PLAYABLE_SIGNAL
RELATED_FORM_REVIEW,2101,2116,27601,카산드라(물),WATER,SUPPORT,BASE,false,false,false,175,10,5,true,3,,,,,,false,FAMILY_HAS_PLAYABLE_SIGNAL
RELATED_FORM_REVIEW,2102,2117,27602,카산드라(불),FIRE,ATTACK,BASE,false,false,false,175,10,5,true,3,,,,,,false,FAMILY_HAS_PLAYABLE_SIGNAL
RELATED_FORM_REVIEW,2103,2118,27603,카산드라(바람),WIND,ATTACK,BASE,false,false,false,175,10,5,true,3,,,,,,false,FAMILY_HAS_PLAYABLE_SIGNAL
RELATED_FORM_REVIEW,2104,2119,27604,카산드라(빛),LIGHT,SUPPORT,BASE,false,false,false,175,10,5,true,3,,,,,,false,FAMILY_HAS_PLAYABLE_SIGNAL
RELATED_FORM_REVIEW,2105,2120,27605,카산드라(어둠),DARK,ATTACK,BASE,false,false,false,175,10,5,true,3,,,,,,false,FAMILY_HAS_PLAYABLE_SIGNAL
RELATED_FORM_REVIEW,2111,2126,27701,에이보르(물),WATER,SUPPORT,BASE,false,false,false,176,10,5,true,3,,,,,,false,FAMILY_HAS_PLAYABLE_SIGNAL
RELATED_FORM_REVIEW,2112,2127,27702,에이보르(불),FIRE,HP,BASE,false,false,false,176,10,5,true,3,,,,,,false,FAMILY_HAS_PLAYABLE_SIGNAL
RELATED_FORM_REVIEW,2113,2128,27703,에이보르(바람),WIND,SUPPORT,BASE,false,false,false,176,10,5,true,3,,,,,,false,FAMILY_HAS_PLAYABLE_SIGNAL
RELATED_FORM_REVIEW,2114,2129,27704,에이보르(빛),LIGHT,ATTACK,BASE,false,false,false,176,10,5,true,3,,,,,,false,FAMILY_HAS_PLAYABLE_SIGNAL
RELATED_FORM_REVIEW,2115,2130,27705,에이보르(어둠),DARK,HP,BASE,false,false,false,176,10,5,true,3,,,,,,false,FAMILY_HAS_PLAYABLE_SIGNAL
RELATED_FORM_REVIEW,2299,2314,25121,Imperfect Onimusha,WATER,ATTACK,BASE,false,false,false,150,11,10,true,3,,,,,,false,FAMILY_HAS_PLAYABLE_SIGNAL
RELATED_FORM_REVIEW,2320,2335,29022,Imperfect Dokkaebi Princess and Sapsaree,FIRE,SUPPORT,BASE,false,false,false,189,11,10,true,3,,,,,,false,FAMILY_HAS_PLAYABLE_SIGNAL
RELATED_FORM_REVIEW,2334,2349,29201,게롤트(물),WATER,ATTACK,BASE,false,false,false,191,10,5,true,3,,,,,,false,FAMILY_HAS_PLAYABLE_SIGNAL
RELATED_FORM_REVIEW,2335,2350,29202,게롤트(불),FIRE,ATTACK,BASE,false,false,false,191,10,5,true,3,,,,,,false,FAMILY_HAS_PLAYABLE_SIGNAL
RELATED_FORM_REVIEW,2336,2351,29203,게롤트(바람),WIND,HP,BASE,false,false,false,191,10,5,true,3,,,,,,false,FAMILY_HAS_PLAYABLE_SIGNAL
RELATED_FORM_REVIEW,2337,2352,29204,게롤트(빛),LIGHT,ATTACK,BASE,false,false,false,191,10,5,true,3,,,,,,false,FAMILY_HAS_PLAYABLE_SIGNAL
RELATED_FORM_REVIEW,2338,2353,29205,게롤트(어둠),DARK,HP,BASE,false,false,false,191,10,5,true,3,,,,,,false,FAMILY_HAS_PLAYABLE_SIGNAL
RELATED_FORM_REVIEW,2344,2359,29301,시리(물),WATER,ATTACK,BASE,false,false,false,192,10,5,true,3,,,,,,false,FAMILY_HAS_PLAYABLE_SIGNAL
RELATED_FORM_REVIEW,2345,2360,29302,시리(불),FIRE,ATTACK,BASE,false,false,false,192,10,5,true,3,,,,,,false,FAMILY_HAS_PLAYABLE_SIGNAL
RELATED_FORM_REVIEW,2346,2361,29303,시리(바람),WIND,ATTACK,BASE,false,false,false,192,10,5,true,3,,,,,,false,FAMILY_HAS_PLAYABLE_SIGNAL
RELATED_FORM_REVIEW,2347,2362,29304,시리(빛),LIGHT,ATTACK,BASE,false,false,false,192,10,5,true,3,,,,,,false,FAMILY_HAS_PLAYABLE_SIGNAL
RELATED_FORM_REVIEW,2348,2363,29305,시리(어둠),DARK,ATTACK,BASE,false,false,false,192,10,5,true,3,,,,,,false,FAMILY_HAS_PLAYABLE_SIGNAL
RELATED_FORM_REVIEW,2354,2369,29401,예니퍼(물),WATER,ATTACK,BASE,false,false,false,193,10,5,true,3,,,,,,false,FAMILY_HAS_PLAYABLE_SIGNAL
RELATED_FORM_REVIEW,2355,2370,29402,예니퍼(불),FIRE,SUPPORT,BASE,false,false,false,193,10,5,true,3,,,,,,false,FAMILY_HAS_PLAYABLE_SIGNAL
RELATED_FORM_REVIEW,2356,2371,29403,예니퍼(바람),WIND,ATTACK,BASE,false,false,false,193,10,5,true,3,,,,,,false,FAMILY_HAS_PLAYABLE_SIGNAL
RELATED_FORM_REVIEW,2357,2372,29404,예니퍼(빛),LIGHT,SUPPORT,BASE,false,false,false,193,10,5,true,3,,,,,,false,FAMILY_HAS_PLAYABLE_SIGNAL
RELATED_FORM_REVIEW,2358,2373,29405,예니퍼(어둠),DARK,ATTACK,BASE,false,false,false,193,10,5,true,3,,,,,,false,FAMILY_HAS_PLAYABLE_SIGNAL
RELATED_FORM_REVIEW,2364,2379,29501,트리스(물),WATER,SUPPORT,BASE,false,false,false,194,10,5,true,3,,,,,,false,FAMILY_HAS_PLAYABLE_SIGNAL
RELATED_FORM_REVIEW,2365,2380,29502,트리스(불),FIRE,ATTACK,BASE,false,false,false,194,10,5,true,3,,,,,,false,FAMILY_HAS_PLAYABLE_SIGNAL
RELATED_FORM_REVIEW,2366,2381,29503,트리스(바람),WIND,SUPPORT,BASE,false,false,false,194,10,5,true,3,,,,,,false,FAMILY_HAS_PLAYABLE_SIGNAL
RELATED_FORM_REVIEW,2367,2382,29504,트리스(빛),LIGHT,SUPPORT,BASE,false,false,false,194,10,5,true,3,,,,,,false,FAMILY_HAS_PLAYABLE_SIGNAL
RELATED_FORM_REVIEW,2368,2383,29505,트리스(어둠),DARK,ATTACK,BASE,false,false,false,194,10,5,true,3,,,,,,false,FAMILY_HAS_PLAYABLE_SIGNAL
RELATED_FORM_REVIEW,2475,2490,30205,스쿠나(어둠),DARK,ATTACK,BASE,false,false,false,201,2,1,true,3,,,,,,false,FAMILY_HAS_PLAYABLE_SIGNAL
RELATED_FORM_REVIEW,2477,2492,30301,고죠 사토루(물),WATER,DEFENSE,BASE,false,false,false,202,10,5,true,3,,,,,,false,FAMILY_HAS_PLAYABLE_SIGNAL
RELATED_FORM_REVIEW,2478,2493,30302,고죠 사토루(불),FIRE,ATTACK,BASE,false,false,false,202,10,5,true,3,,,,,,false,FAMILY_HAS_PLAYABLE_SIGNAL
RELATED_FORM_REVIEW,2479,2494,30303,고죠 사토루(바람),WIND,DEFENSE,BASE,false,false,false,202,10,5,true,3,,,,,,false,FAMILY_HAS_PLAYABLE_SIGNAL
RELATED_FORM_REVIEW,2480,2495,30304,고죠 사토루(빛),LIGHT,DEFENSE,BASE,false,false,false,202,10,5,true,3,,,,,,false,FAMILY_HAS_PLAYABLE_SIGNAL
RELATED_FORM_REVIEW,2481,2496,30305,고죠 사토루(어둠),DARK,ATTACK,BASE,false,false,false,202,10,5,true,3,,,,,,false,FAMILY_HAS_PLAYABLE_SIGNAL
RELATED_FORM_REVIEW,2487,2502,30401,이타도리 유지(물),WATER,ATTACK,BASE,false,false,false,203,10,5,true,3,,,,,,false,FAMILY_HAS_PLAYABLE_SIGNAL
RELATED_FORM_REVIEW,2488,2503,30402,이타도리 유지(불),FIRE,ATTACK,BASE,false,false,false,203,10,5,true,3,,,,,,false,FAMILY_HAS_PLAYABLE_SIGNAL
RELATED_FORM_REVIEW,2489,2504,30403,이타도리 유지(바람),WIND,ATTACK,BASE,false,false,false,203,10,5,true,3,,,,,,false,FAMILY_HAS_PLAYABLE_SIGNAL
RELATED_FORM_REVIEW,2490,2505,30404,이타도리 유지(빛),LIGHT,ATTACK,BASE,false,false,false,203,10,5,true,3,,,,,,false,FAMILY_HAS_PLAYABLE_SIGNAL
RELATED_FORM_REVIEW,2491,2506,30405,이타도리 유지(어둠),DARK,ATTACK,BASE,false,false,false,203,10,5,true,3,,,,,,false,FAMILY_HAS_PLAYABLE_SIGNAL
RELATED_FORM_REVIEW,2497,2512,30501,후시구로 메구미(물),WATER,SUPPORT,BASE,false,false,false,204,10,5,true,3,,,,,,false,FAMILY_HAS_PLAYABLE_SIGNAL
RELATED_FORM_REVIEW,2498,2513,30502,후시구로 메구미(불),FIRE,SUPPORT,BASE,false,false,false,204,10,5,true,3,,,,,,false,FAMILY_HAS_PLAYABLE_SIGNAL
RELATED_FORM_REVIEW,2499,2514,30503,후시구로 메구미(바람),WIND,SUPPORT,BASE,false,false,false,204,10,5,true,3,,,,,,false,FAMILY_HAS_PLAYABLE_SIGNAL
RELATED_FORM_REVIEW,2500,2515,30504,후시구로 메구미(빛),LIGHT,SUPPORT,BASE,false,false,false,204,10,5,true,3,,,,,,false,FAMILY_HAS_PLAYABLE_SIGNAL
RELATED_FORM_REVIEW,2501,2516,30505,후시구로 메구미(어둠),DARK,SUPPORT,BASE,false,false,false,204,10,5,true,3,,,,,,false,FAMILY_HAS_PLAYABLE_SIGNAL
RELATED_FORM_REVIEW,2507,2522,30601,쿠기사키 노바라(물),WATER,ATTACK,BASE,false,false,false,205,10,5,true,3,,,,,,false,FAMILY_HAS_PLAYABLE_SIGNAL
RELATED_FORM_REVIEW,2508,2523,30602,쿠기사키 노바라(불),FIRE,HP,BASE,false,false,false,205,10,5,true,3,,,,,,false,FAMILY_HAS_PLAYABLE_SIGNAL
RELATED_FORM_REVIEW,2509,2524,30603,쿠기사키 노바라(바람),WIND,HP,BASE,false,false,false,205,10,5,true,3,,,,,,false,FAMILY_HAS_PLAYABLE_SIGNAL
RELATED_FORM_REVIEW,2510,2525,30604,쿠기사키 노바라(빛),LIGHT,HP,BASE,false,false,false,205,10,5,true,3,,,,,,false,FAMILY_HAS_PLAYABLE_SIGNAL
RELATED_FORM_REVIEW,2511,2526,30605,쿠기사키 노바라(어둠),DARK,ATTACK,BASE,false,false,false,205,10,5,true,3,,,,,,false,FAMILY_HAS_PLAYABLE_SIGNAL
RELATED_FORM_REVIEW,2554,2569,30805,Hayato,DARK,ATTACK,BASE,false,false,false,207,2,1,true,3,,,,,,false,FAMILY_HAS_PLAYABLE_SIGNAL
RELATED_FORM_REVIEW,2556,2571,30901,Werner,WATER,DEFENSE,BASE,false,false,false,208,10,5,true,3,,,,,,false,FAMILY_HAS_PLAYABLE_SIGNAL
RELATED_FORM_REVIEW,2557,2572,30902,Werner,FIRE,ATTACK,BASE,false,false,false,208,10,5,true,3,,,,,,false,FAMILY_HAS_PLAYABLE_SIGNAL
RELATED_FORM_REVIEW,2558,2573,30903,Werner,WIND,DEFENSE,BASE,false,false,false,208,10,5,true,3,,,,,,false,FAMILY_HAS_PLAYABLE_SIGNAL
RELATED_FORM_REVIEW,2559,2574,30904,Werner,LIGHT,DEFENSE,BASE,false,false,false,208,10,5,true,3,,,,,,false,FAMILY_HAS_PLAYABLE_SIGNAL
RELATED_FORM_REVIEW,2560,2575,30905,Werner,DARK,ATTACK,BASE,false,false,false,208,10,5,true,3,,,,,,false,FAMILY_HAS_PLAYABLE_SIGNAL
RELATED_FORM_REVIEW,2566,2581,31001,Rick,WATER,ATTACK,BASE,false,false,false,209,10,5,true,3,,,,,,false,FAMILY_HAS_PLAYABLE_SIGNAL
RELATED_FORM_REVIEW,2567,2582,31002,Rick,FIRE,ATTACK,BASE,false,false,false,209,10,5,true,3,,,,,,false,FAMILY_HAS_PLAYABLE_SIGNAL
RELATED_FORM_REVIEW,2568,2583,31003,Rick,WIND,ATTACK,BASE,false,false,false,209,10,5,true,3,,,,,,false,FAMILY_HAS_PLAYABLE_SIGNAL
RELATED_FORM_REVIEW,2569,2584,31004,Rick,LIGHT,ATTACK,BASE,false,false,false,209,10,5,true,3,,,,,,false,FAMILY_HAS_PLAYABLE_SIGNAL
RELATED_FORM_REVIEW,2570,2585,31005,Rick,DARK,ATTACK,BASE,false,false,false,209,10,5,true,3,,,,,,false,FAMILY_HAS_PLAYABLE_SIGNAL
RELATED_FORM_REVIEW,2576,2591,31101,Tetsuya,WATER,SUPPORT,BASE,false,false,false,210,10,5,true,3,,,,,,false,FAMILY_HAS_PLAYABLE_SIGNAL
RELATED_FORM_REVIEW,2577,2592,31102,Tetsuya,FIRE,SUPPORT,BASE,false,false,false,210,10,5,true,3,,,,,,false,FAMILY_HAS_PLAYABLE_SIGNAL
RELATED_FORM_REVIEW,2578,2593,31103,Tetsuya,WIND,SUPPORT,BASE,false,false,false,210,10,5,true,3,,,,,,false,FAMILY_HAS_PLAYABLE_SIGNAL
RELATED_FORM_REVIEW,2579,2594,31104,Tetsuya,LIGHT,SUPPORT,BASE,false,false,false,210,10,5,true,3,,,,,,false,FAMILY_HAS_PLAYABLE_SIGNAL
RELATED_FORM_REVIEW,2580,2595,31105,Tetsuya,DARK,SUPPORT,BASE,false,false,false,210,10,5,true,3,,,,,,false,FAMILY_HAS_PLAYABLE_SIGNAL
RELATED_FORM_REVIEW,2586,2601,31201,Aya,WATER,ATTACK,BASE,false,false,false,211,10,5,true,3,,,,,,false,FAMILY_HAS_PLAYABLE_SIGNAL
RELATED_FORM_REVIEW,2587,2602,31202,Aya,FIRE,HP,BASE,false,false,false,211,10,5,true,3,,,,,,false,FAMILY_HAS_PLAYABLE_SIGNAL
RELATED_FORM_REVIEW,2588,2603,31203,Aya,WIND,HP,BASE,false,false,false,211,10,5,true,3,,,,,,false,FAMILY_HAS_PLAYABLE_SIGNAL
RELATED_FORM_REVIEW,2589,2604,31204,Aya,LIGHT,HP,BASE,false,false,false,211,10,5,true,3,,,,,,false,FAMILY_HAS_PLAYABLE_SIGNAL
RELATED_FORM_REVIEW,2590,2605,31205,Aya,DARK,ATTACK,BASE,false,false,false,211,10,5,true,3,,,,,,false,FAMILY_HAS_PLAYABLE_SIGNAL
RELATED_FORM_REVIEW,2618,2633,31703,히메지마 교메이(바람),WIND,DEFENSE,BASE,false,false,false,216,2,1,true,3,,,,,,false,FAMILY_HAS_PLAYABLE_SIGNAL
RELATED_FORM_REVIEW,2620,2635,31801,카마도 탄지로(물),WATER,ATTACK,BASE,false,false,false,217,10,5,true,3,,,,,,false,FAMILY_HAS_PLAYABLE_SIGNAL
RELATED_FORM_REVIEW,2621,2636,31802,카마도 탄지로(불),FIRE,ATTACK,BASE,false,false,false,217,10,5,true,3,,,,,,false,FAMILY_HAS_PLAYABLE_SIGNAL
RELATED_FORM_REVIEW,2622,2637,31803,카마도 탄지로(바람),WIND,ATTACK,BASE,false,false,false,217,10,5,true,3,,,,,,false,FAMILY_HAS_PLAYABLE_SIGNAL
RELATED_FORM_REVIEW,2623,2638,31804,카마도 탄지로(빛),LIGHT,ATTACK,BASE,false,false,false,217,10,5,true,3,,,,,,false,FAMILY_HAS_PLAYABLE_SIGNAL
RELATED_FORM_REVIEW,2624,2639,31805,카마도 탄지로(어둠),DARK,ATTACK,BASE,false,false,false,217,10,5,true,3,,,,,,false,FAMILY_HAS_PLAYABLE_SIGNAL
RELATED_FORM_REVIEW,2630,2645,31901,카마도 네즈코(물),WATER,HP,BASE,false,false,false,218,10,5,true,3,,,,,,false,FAMILY_HAS_PLAYABLE_SIGNAL
RELATED_FORM_REVIEW,2631,2646,31902,카마도 네즈코(불),FIRE,SUPPORT,BASE,false,false,false,218,10,5,true,3,,,,,,false,FAMILY_HAS_PLAYABLE_SIGNAL
RELATED_FORM_REVIEW,2632,2647,31903,카마도 네즈코(바람),WIND,SUPPORT,BASE,false,false,false,218,10,5,true,3,,,,,,false,FAMILY_HAS_PLAYABLE_SIGNAL
RELATED_FORM_REVIEW,2633,2648,31904,카마도 네즈코(빛),LIGHT,ATTACK,BASE,false,false,false,218,10,5,true,3,,,,,,false,FAMILY_HAS_PLAYABLE_SIGNAL
RELATED_FORM_REVIEW,2634,2649,31905,카마도 네즈코(어둠),DARK,SUPPORT,BASE,false,false,false,218,10,5,true,3,,,,,,false,FAMILY_HAS_PLAYABLE_SIGNAL
RELATED_FORM_REVIEW,2645,2660,32101,Inosuke Hashibira,WATER,SUPPORT,BASE,false,false,false,220,10,5,true,3,,,,,,false,FAMILY_HAS_PLAYABLE_SIGNAL
RELATED_FORM_REVIEW,2646,2661,32102,Inosuke Hashibira,FIRE,ATTACK,BASE,false,false,false,220,10,5,true,3,,,,,,false,FAMILY_HAS_PLAYABLE_SIGNAL
RELATED_FORM_REVIEW,2647,2662,32103,Inosuke Hashibira,WIND,ATTACK,BASE,false,false,false,220,10,5,true,3,,,,,,false,FAMILY_HAS_PLAYABLE_SIGNAL
RELATED_FORM_REVIEW,2648,2663,32104,Inosuke Hashibira,LIGHT,ATTACK,BASE,false,false,false,220,10,5,true,3,,,,,,false,FAMILY_HAS_PLAYABLE_SIGNAL
RELATED_FORM_REVIEW,2649,2664,32105,Inosuke Hashibira,DARK,ATTACK,BASE,false,false,false,220,10,5,true,3,,,,,,false,FAMILY_HAS_PLAYABLE_SIGNAL
RELATED_FORM_REVIEW,2655,2670,32201,아가츠마 젠이츠(물),WATER,ATTACK,BASE,false,false,false,221,10,5,true,4,,,,,,false,FAMILY_HAS_PLAYABLE_SIGNAL
RELATED_FORM_REVIEW,2656,2671,32202,아가츠마 젠이츠(불),FIRE,ATTACK,BASE,false,false,false,221,10,5,true,4,,,,,,false,FAMILY_HAS_PLAYABLE_SIGNAL
RELATED_FORM_REVIEW,2657,2672,32203,아가츠마 젠이츠(바람),WIND,ATTACK,BASE,false,false,false,221,10,5,true,4,,,,,,false,FAMILY_HAS_PLAYABLE_SIGNAL
RELATED_FORM_REVIEW,2658,2673,32204,아가츠마 젠이츠(빛),LIGHT,ATTACK,BASE,false,false,false,221,10,5,true,4,,,,,,false,FAMILY_HAS_PLAYABLE_SIGNAL
RELATED_FORM_REVIEW,2659,2674,32205,아가츠마 젠이츠(어둠),DARK,ATTACK,BASE,false,false,false,221,10,5,true,4,,,,,,false,FAMILY_HAS_PLAYABLE_SIGNAL
RELATED_FORM_REVIEW,2665,2680,32403,Black Tortoise Champion,WIND,DEFENSE,BASE,false,false,false,223,2,1,true,3,,,,,,false,FAMILY_HAS_PLAYABLE_SIGNAL
RELATED_FORM_REVIEW,2667,2682,32501,Azure Dragon Swordsman,WATER,ATTACK,BASE,false,false,false,224,10,5,true,3,,,,,,false,FAMILY_HAS_PLAYABLE_SIGNAL
RELATED_FORM_REVIEW,2668,2683,32502,Azure Dragon Swordsman,FIRE,ATTACK,BASE,false,false,false,224,10,5,true,3,,,,,,false,FAMILY_HAS_PLAYABLE_SIGNAL
RELATED_FORM_REVIEW,2669,2684,32503,Azure Dragon Swordsman,WIND,ATTACK,BASE,false,false,false,224,10,5,true,3,,,,,,false,FAMILY_HAS_PLAYABLE_SIGNAL
RELATED_FORM_REVIEW,2670,2685,32504,Azure Dragon Swordsman,LIGHT,ATTACK,BASE,false,false,false,224,10,5,true,3,,,,,,false,FAMILY_HAS_PLAYABLE_SIGNAL
RELATED_FORM_REVIEW,2671,2686,32505,Azure Dragon Swordsman,DARK,ATTACK,BASE,false,false,false,224,10,5,true,3,,,,,,false,FAMILY_HAS_PLAYABLE_SIGNAL
RELATED_FORM_REVIEW,2677,2692,32601,Vermilion Bird Dancer,WATER,HP,BASE,false,false,false,225,10,5,true,3,,,,,,false,FAMILY_HAS_PLAYABLE_SIGNAL
RELATED_FORM_REVIEW,2678,2693,32602,Vermilion Bird Dancer,FIRE,SUPPORT,BASE,false,false,false,225,10,5,true,3,,,,,,false,FAMILY_HAS_PLAYABLE_SIGNAL
RELATED_FORM_REVIEW,2679,2694,32603,Vermilion Bird Dancer,WIND,SUPPORT,BASE,false,false,false,225,10,5,true,3,,,,,,false,FAMILY_HAS_PLAYABLE_SIGNAL
RELATED_FORM_REVIEW,2680,2695,32604,Vermilion Bird Dancer,LIGHT,ATTACK,BASE,false,false,false,225,10,5,true,3,,,,,,false,FAMILY_HAS_PLAYABLE_SIGNAL
RELATED_FORM_REVIEW,2681,2696,32605,Vermilion Bird Dancer,DARK,SUPPORT,BASE,false,false,false,225,10,5,true,3,,,,,,false,FAMILY_HAS_PLAYABLE_SIGNAL
RELATED_FORM_REVIEW,2687,2702,32801,White Tiger Blade Master,WATER,SUPPORT,BASE,false,false,false,226,10,5,true,3,,,,,,false,FAMILY_HAS_PLAYABLE_SIGNAL
RELATED_FORM_REVIEW,2688,2703,32802,White Tiger Blade Master,FIRE,ATTACK,BASE,false,false,false,226,10,5,true,3,,,,,,false,FAMILY_HAS_PLAYABLE_SIGNAL
RELATED_FORM_REVIEW,2689,2704,32803,White Tiger Blade Master,WIND,ATTACK,BASE,false,false,false,226,10,5,true,3,,,,,,false,FAMILY_HAS_PLAYABLE_SIGNAL
RELATED_FORM_REVIEW,2690,2705,32804,White Tiger Blade Master,LIGHT,ATTACK,BASE,false,false,false,226,10,5,true,3,,,,,,false,FAMILY_HAS_PLAYABLE_SIGNAL
RELATED_FORM_REVIEW,2691,2706,32805,White Tiger Blade Master,DARK,ATTACK,BASE,false,false,false,226,10,5,true,3,,,,,,false,FAMILY_HAS_PLAYABLE_SIGNAL
RELATED_FORM_REVIEW,2697,2712,32901,Qilin Slasher,WATER,ATTACK,BASE,false,false,false,227,10,5,true,4,,,,,,false,FAMILY_HAS_PLAYABLE_SIGNAL
RELATED_FORM_REVIEW,2698,2713,32902,Qilin Slasher,FIRE,ATTACK,BASE,false,false,false,227,10,5,true,4,,,,,,false,FAMILY_HAS_PLAYABLE_SIGNAL
RELATED_FORM_REVIEW,2699,2714,32903,Qilin Slasher,WIND,ATTACK,BASE,false,false,false,227,10,5,true,4,,,,,,false,FAMILY_HAS_PLAYABLE_SIGNAL
RELATED_FORM_REVIEW,2700,2715,32904,Qilin Slasher,LIGHT,ATTACK,BASE,false,false,false,227,10,5,true,4,,,,,,false,FAMILY_HAS_PLAYABLE_SIGNAL
RELATED_FORM_REVIEW,2701,2716,32905,Qilin Slasher,DARK,ATTACK,BASE,false,false,false,227,10,5,true,4,,,,,,false,FAMILY_HAS_PLAYABLE_SIGNAL
RELATED_FORM_REVIEW,2717,2732,33002,미시마 헤이하치(불),FIRE,HP,BASE,false,false,false,228,2,1,true,3,,,,,,false,FAMILY_HAS_PLAYABLE_SIGNAL
RELATED_FORM_REVIEW,2719,2734,33101,카자마 진(물),WATER,ATTACK,BASE,false,false,false,229,10,5,true,3,,,,,,false,FAMILY_HAS_PLAYABLE_SIGNAL
RELATED_FORM_REVIEW,2720,2735,33102,카자마 진(불),FIRE,HP,BASE,false,false,false,229,10,5,true,3,,,,,,false,FAMILY_HAS_PLAYABLE_SIGNAL
RELATED_FORM_REVIEW,2721,2736,33103,카자마 진(바람),WIND,ATTACK,BASE,false,false,false,229,10,5,true,3,,,,,,false,FAMILY_HAS_PLAYABLE_SIGNAL
RELATED_FORM_REVIEW,2722,2737,33104,카자마 진(빛),LIGHT,SUPPORT,BASE,false,false,false,229,10,5,true,3,,,,,,false,FAMILY_HAS_PLAYABLE_SIGNAL
RELATED_FORM_REVIEW,2723,2738,33105,카자마 진(어둠),DARK,ATTACK,BASE,false,false,false,229,10,5,true,3,,,,,,false,FAMILY_HAS_PLAYABLE_SIGNAL
RELATED_FORM_REVIEW,2729,2744,33201,화랑(물),WATER,ATTACK,BASE,false,false,false,230,10,5,true,3,,,,,,false,FAMILY_HAS_PLAYABLE_SIGNAL
RELATED_FORM_REVIEW,2730,2745,33202,화랑(불),FIRE,ATTACK,BASE,false,false,false,230,10,5,true,3,,,,,,false,FAMILY_HAS_PLAYABLE_SIGNAL
RELATED_FORM_REVIEW,2731,2746,33203,화랑(바람),WIND,ATTACK,BASE,false,false,false,230,10,5,true,3,,,,,,false,FAMILY_HAS_PLAYABLE_SIGNAL
RELATED_FORM_REVIEW,2732,2747,33204,화랑(빛),LIGHT,ATTACK,BASE,false,false,false,230,10,5,true,3,,,,,,false,FAMILY_HAS_PLAYABLE_SIGNAL
RELATED_FORM_REVIEW,2733,2748,33205,화랑(어둠),DARK,ATTACK,BASE,false,false,false,230,10,5,true,3,,,,,,false,FAMILY_HAS_PLAYABLE_SIGNAL
RELATED_FORM_REVIEW,2739,2754,33301,폴 피닉스(물),WATER,HP,BASE,false,false,false,231,10,5,true,3,,,,,,false,FAMILY_HAS_PLAYABLE_SIGNAL
RELATED_FORM_REVIEW,2740,2755,33302,폴 피닉스(불),FIRE,HP,BASE,false,false,false,231,10,5,true,3,,,,,,false,FAMILY_HAS_PLAYABLE_SIGNAL
RELATED_FORM_REVIEW,2741,2756,33303,폴 피닉스(바람),WIND,HP,BASE,false,false,false,231,10,5,true,3,,,,,,false,FAMILY_HAS_PLAYABLE_SIGNAL
RELATED_FORM_REVIEW,2742,2757,33304,폴 피닉스(빛),LIGHT,HP,BASE,false,false,false,231,10,5,true,3,,,,,,false,FAMILY_HAS_PLAYABLE_SIGNAL
RELATED_FORM_REVIEW,2743,2758,33305,폴 피닉스(어둠),DARK,HP,BASE,false,false,false,231,10,5,true,3,,,,,,false,FAMILY_HAS_PLAYABLE_SIGNAL
RELATED_FORM_REVIEW,2749,2764,33401,니나 윌리엄스(물),WATER,SUPPORT,BASE,false,false,false,232,10,5,true,3,,,,,,false,FAMILY_HAS_PLAYABLE_SIGNAL
RELATED_FORM_REVIEW,2750,2765,33402,니나 윌리엄스(불),FIRE,ATTACK,BASE,false,false,false,232,10,5,true,3,,,,,,false,FAMILY_HAS_PLAYABLE_SIGNAL
RELATED_FORM_REVIEW,2751,2766,33403,니나 윌리엄스(바람),WIND,ATTACK,BASE,false,false,false,232,10,5,true,3,,,,,,false,FAMILY_HAS_PLAYABLE_SIGNAL
RELATED_FORM_REVIEW,2752,2767,33404,니나 윌리엄스(빛),LIGHT,SUPPORT,BASE,false,false,false,232,10,5,true,3,,,,,,false,FAMILY_HAS_PLAYABLE_SIGNAL
RELATED_FORM_REVIEW,2753,2768,33405,니나 윌리엄스(어둠),DARK,SUPPORT,BASE,false,false,false,232,10,5,true,3,,,,,,false,FAMILY_HAS_PLAYABLE_SIGNAL
RELATED_FORM_REVIEW,2782,2797,21922,Imperfect Chakram Dancer,FIRE,ATTACK,BASE,false,false,false,118,11,10,true,3,,,,,,false,FAMILY_HAS_PLAYABLE_SIGNAL
RELATED_FORM_REVIEW,2803,2818,34123,Imperfect Centaur Knight,WIND,ATTACK,BASE,false,false,false,239,11,10,true,3,,,,,,false,FAMILY_HAS_PLAYABLE_SIGNAL
RELATED_FORM_REVIEW,2807,2822,33502,Daimon,FIRE,HP,BASE,false,false,false,233,2,1,true,3,,,,,,false,FAMILY_HAS_PLAYABLE_SIGNAL
RELATED_FORM_REVIEW,2809,2824,33601,Kai,WATER,ATTACK,BASE,false,false,false,234,10,5,true,3,,,,,,false,FAMILY_HAS_PLAYABLE_SIGNAL
RELATED_FORM_REVIEW,2810,2825,33602,Kai,FIRE,HP,BASE,false,false,false,234,10,5,true,3,,,,,,false,FAMILY_HAS_PLAYABLE_SIGNAL
RELATED_FORM_REVIEW,2811,2826,33603,Kai,WIND,ATTACK,BASE,false,false,false,234,10,5,true,3,,,,,,false,FAMILY_HAS_PLAYABLE_SIGNAL
RELATED_FORM_REVIEW,2812,2827,33604,Kai,LIGHT,SUPPORT,BASE,false,false,false,234,10,5,true,3,,,,,,false,FAMILY_HAS_PLAYABLE_SIGNAL
RELATED_FORM_REVIEW,2813,2828,33605,Kai,DARK,ATTACK,BASE,false,false,false,234,10,5,true,3,,,,,,false,FAMILY_HAS_PLAYABLE_SIGNAL
RELATED_FORM_REVIEW,2819,2834,33701,Taebaek,WATER,ATTACK,BASE,false,false,false,235,10,5,true,3,,,,,,false,FAMILY_HAS_PLAYABLE_SIGNAL
RELATED_FORM_REVIEW,2820,2835,33702,Taebaek,FIRE,ATTACK,BASE,false,false,false,235,10,5,true,3,,,,,,false,FAMILY_HAS_PLAYABLE_SIGNAL
RELATED_FORM_REVIEW,2821,2836,33703,Taebaek,WIND,ATTACK,BASE,false,false,false,235,10,5,true,3,,,,,,false,FAMILY_HAS_PLAYABLE_SIGNAL
RELATED_FORM_REVIEW,2822,2837,33704,Taebaek,LIGHT,ATTACK,BASE,false,false,false,235,10,5,true,3,,,,,,false,FAMILY_HAS_PLAYABLE_SIGNAL
RELATED_FORM_REVIEW,2823,2838,33705,Taebaek,DARK,ATTACK,BASE,false,false,false,235,10,5,true,3,,,,,,false,FAMILY_HAS_PLAYABLE_SIGNAL
RELATED_FORM_REVIEW,2829,2844,33801,Duke,WATER,HP,BASE,false,false,false,236,10,5,true,3,,,,,,false,FAMILY_HAS_PLAYABLE_SIGNAL
RELATED_FORM_REVIEW,2830,2845,33802,Duke,FIRE,HP,BASE,false,false,false,236,10,5,true,3,,,,,,false,FAMILY_HAS_PLAYABLE_SIGNAL
RELATED_FORM_REVIEW,2831,2846,33803,Duke,WIND,HP,BASE,false,false,false,236,10,5,true,3,,,,,,false,FAMILY_HAS_PLAYABLE_SIGNAL
RELATED_FORM_REVIEW,2832,2847,33804,Duke,LIGHT,HP,BASE,false,false,false,236,10,5,true,3,,,,,,false,FAMILY_HAS_PLAYABLE_SIGNAL
RELATED_FORM_REVIEW,2833,2848,33805,Duke,DARK,HP,BASE,false,false,false,236,10,5,true,3,,,,,,false,FAMILY_HAS_PLAYABLE_SIGNAL
RELATED_FORM_REVIEW,2839,2854,33901,Shasha,WATER,SUPPORT,BASE,false,false,false,237,10,5,true,3,,,,,,false,FAMILY_HAS_PLAYABLE_SIGNAL
RELATED_FORM_REVIEW,2840,2855,33902,Shasha,FIRE,ATTACK,BASE,false,false,false,237,10,5,true,3,,,,,,false,FAMILY_HAS_PLAYABLE_SIGNAL
RELATED_FORM_REVIEW,2841,2856,33903,Shasha,WIND,ATTACK,BASE,false,false,false,237,10,5,true,3,,,,,,false,FAMILY_HAS_PLAYABLE_SIGNAL
RELATED_FORM_REVIEW,2842,2857,33904,Shasha,LIGHT,SUPPORT,BASE,false,false,false,237,10,5,true,3,,,,,,false,FAMILY_HAS_PLAYABLE_SIGNAL
RELATED_FORM_REVIEW,2843,2858,33905,Shasha,DARK,SUPPORT,BASE,false,false,false,237,10,5,true,3,,,,,,false,FAMILY_HAS_PLAYABLE_SIGNAL
RELATED_FORM_REVIEW,2865,2880,34301,Frodo,WATER,SUPPORT,BASE,false,false,false,241,2,1,true,3,,,,,,false,FAMILY_HAS_PLAYABLE_SIGNAL
RELATED_FORM_REVIEW,2867,2882,34401,Gandalf,WATER,SUPPORT,BASE,false,false,false,242,10,5,true,3,,,,,,false,FAMILY_HAS_PLAYABLE_SIGNAL
RELATED_FORM_REVIEW,2868,2883,34402,Gandalf,FIRE,SUPPORT,BASE,false,false,false,242,10,5,true,3,,,,,,false,FAMILY_HAS_PLAYABLE_SIGNAL
RELATED_FORM_REVIEW,2869,2884,34403,Gandalf,WIND,SUPPORT,BASE,false,false,false,242,10,5,true,3,,,,,,false,FAMILY_HAS_PLAYABLE_SIGNAL
RELATED_FORM_REVIEW,2870,2885,34404,Gandalf,LIGHT,SUPPORT,BASE,false,false,false,242,10,5,true,3,,,,,,false,FAMILY_HAS_PLAYABLE_SIGNAL
RELATED_FORM_REVIEW,2871,2886,34405,Gandalf,DARK,ATTACK,BASE,false,false,false,242,10,5,true,3,,,,,,false,FAMILY_HAS_PLAYABLE_SIGNAL
RELATED_FORM_REVIEW,2878,2893,34601,Aragorn,WATER,HP,BASE,false,false,false,244,10,5,true,3,,,,,,false,FAMILY_HAS_PLAYABLE_SIGNAL
RELATED_FORM_REVIEW,2879,2894,34602,Aragorn,FIRE,HP,BASE,false,false,false,244,10,5,true,3,,,,,,false,FAMILY_HAS_PLAYABLE_SIGNAL
RELATED_FORM_REVIEW,2880,2895,34603,Aragorn,WIND,HP,BASE,false,false,false,244,10,5,true,3,,,,,,false,FAMILY_HAS_PLAYABLE_SIGNAL
RELATED_FORM_REVIEW,2881,2896,34604,Aragorn,LIGHT,HP,BASE,false,false,false,244,10,5,true,3,,,,,,false,FAMILY_HAS_PLAYABLE_SIGNAL
RELATED_FORM_REVIEW,2882,2897,34605,Aragorn,DARK,HP,BASE,false,false,false,244,10,5,true,3,,,,,,false,FAMILY_HAS_PLAYABLE_SIGNAL
RELATED_FORM_REVIEW,2888,2903,34701,Legolas,WATER,ATTACK,BASE,false,false,false,245,10,5,true,3,,,,,,false,FAMILY_HAS_PLAYABLE_SIGNAL
RELATED_FORM_REVIEW,2889,2904,34702,Legolas,FIRE,ATTACK,BASE,false,false,false,245,10,5,true,3,,,,,,false,FAMILY_HAS_PLAYABLE_SIGNAL
RELATED_FORM_REVIEW,2890,2905,34703,Legolas,WIND,ATTACK,BASE,false,false,false,245,10,5,true,3,,,,,,false,FAMILY_HAS_PLAYABLE_SIGNAL
RELATED_FORM_REVIEW,2891,2906,34704,Legolas,LIGHT,ATTACK,BASE,false,false,false,245,10,5,true,3,,,,,,false,FAMILY_HAS_PLAYABLE_SIGNAL
RELATED_FORM_REVIEW,2892,2907,34705,Legolas,DARK,ATTACK,BASE,false,false,false,245,10,5,true,3,,,,,,false,FAMILY_HAS_PLAYABLE_SIGNAL
RELATED_FORM_REVIEW,2898,2913,34801,Gollum,WATER,ATTACK,BASE,false,false,false,246,10,5,true,3,,,,,,false,FAMILY_HAS_PLAYABLE_SIGNAL
RELATED_FORM_REVIEW,2899,2914,34802,Gollum,FIRE,ATTACK,BASE,false,false,false,246,10,5,true,3,,,,,,false,FAMILY_HAS_PLAYABLE_SIGNAL
RELATED_FORM_REVIEW,2900,2915,34803,Gollum,WIND,ATTACK,BASE,false,false,false,246,10,5,true,3,,,,,,false,FAMILY_HAS_PLAYABLE_SIGNAL
RELATED_FORM_REVIEW,2901,2916,34804,Gollum,LIGHT,ATTACK,BASE,false,false,false,246,10,5,true,3,,,,,,false,FAMILY_HAS_PLAYABLE_SIGNAL
RELATED_FORM_REVIEW,2902,2917,34805,Gollum,DARK,ATTACK,BASE,false,false,false,246,10,5,true,3,,,,,,false,FAMILY_HAS_PLAYABLE_SIGNAL
RELATED_FORM_REVIEW,2968,2983,34901,Silver Tail,WATER,SUPPORT,BASE,false,false,false,247,2,1,true,3,,,,,,false,FAMILY_HAS_PLAYABLE_SIGNAL
RELATED_FORM_REVIEW,2970,2985,35001,Old Wood,WATER,SUPPORT,BASE,false,false,false,248,10,5,true,3,,,,,,false,FAMILY_HAS_PLAYABLE_SIGNAL
RELATED_FORM_REVIEW,2971,2986,35002,Old Wood,FIRE,SUPPORT,BASE,false,false,false,248,10,5,true,3,,,,,,false,FAMILY_HAS_PLAYABLE_SIGNAL
RELATED_FORM_REVIEW,2972,2987,35003,Old Wood,WIND,SUPPORT,BASE,false,false,false,248,10,5,true,3,,,,,,false,FAMILY_HAS_PLAYABLE_SIGNAL
RELATED_FORM_REVIEW,2973,2988,35004,Old Wood,LIGHT,SUPPORT,BASE,false,false,false,248,10,5,true,3,,,,,,false,FAMILY_HAS_PLAYABLE_SIGNAL
RELATED_FORM_REVIEW,2974,2989,35005,Old Wood,DARK,ATTACK,BASE,false,false,false,248,10,5,true,3,,,,,,false,FAMILY_HAS_PLAYABLE_SIGNAL
RELATED_FORM_REVIEW,2981,2996,35201,Night Fang,WATER,HP,BASE,false,false,false,250,10,5,true,3,,,,,,false,FAMILY_HAS_PLAYABLE_SIGNAL
RELATED_FORM_REVIEW,2982,2997,35202,Night Fang,FIRE,HP,BASE,false,false,false,250,10,5,true,3,,,,,,false,FAMILY_HAS_PLAYABLE_SIGNAL
RELATED_FORM_REVIEW,2983,2998,35203,Night Fang,WIND,HP,BASE,false,false,false,250,10,5,true,3,,,,,,false,FAMILY_HAS_PLAYABLE_SIGNAL
RELATED_FORM_REVIEW,2984,2999,35204,Night Fang,LIGHT,HP,BASE,false,false,false,250,10,5,true,3,,,,,,false,FAMILY_HAS_PLAYABLE_SIGNAL
RELATED_FORM_REVIEW,2985,3000,35205,Night Fang,DARK,HP,BASE,false,false,false,250,10,5,true,3,,,,,,false,FAMILY_HAS_PLAYABLE_SIGNAL
RELATED_FORM_REVIEW,2991,3006,35301,Elder Horn,WATER,ATTACK,BASE,false,false,false,251,10,5,true,3,,,,,,false,FAMILY_HAS_PLAYABLE_SIGNAL
RELATED_FORM_REVIEW,2992,3007,35302,Elder Horn,FIRE,ATTACK,BASE,false,false,false,251,10,5,true,3,,,,,,false,FAMILY_HAS_PLAYABLE_SIGNAL
RELATED_FORM_REVIEW,2993,3008,35303,Elder Horn,WIND,ATTACK,BASE,false,false,false,251,10,5,true,3,,,,,,false,FAMILY_HAS_PLAYABLE_SIGNAL
RELATED_FORM_REVIEW,2994,3009,35304,Elder Horn,LIGHT,ATTACK,BASE,false,false,false,251,10,5,true,3,,,,,,false,FAMILY_HAS_PLAYABLE_SIGNAL
RELATED_FORM_REVIEW,2995,3010,35305,Elder Horn,DARK,ATTACK,BASE,false,false,false,251,10,5,true,3,,,,,,false,FAMILY_HAS_PLAYABLE_SIGNAL
RELATED_FORM_REVIEW,3001,3016,35401,Lob Ear,WATER,ATTACK,BASE,false,false,false,252,10,5,true,3,,,,,,false,FAMILY_HAS_PLAYABLE_SIGNAL
RELATED_FORM_REVIEW,3002,3017,35402,Lob Ear,FIRE,ATTACK,BASE,false,false,false,252,10,5,true,3,,,,,,false,FAMILY_HAS_PLAYABLE_SIGNAL
RELATED_FORM_REVIEW,3003,3018,35403,Lob Ear,WIND,ATTACK,BASE,false,false,false,252,10,5,true,3,,,,,,false,FAMILY_HAS_PLAYABLE_SIGNAL
RELATED_FORM_REVIEW,3004,3019,35404,Lob Ear,LIGHT,ATTACK,BASE,false,false,false,252,10,5,true,3,,,,,,false,FAMILY_HAS_PLAYABLE_SIGNAL
RELATED_FORM_REVIEW,3005,3020,35405,Lob Ear,DARK,ATTACK,BASE,false,false,false,252,10,5,true,3,,,,,,false,FAMILY_HAS_PLAYABLE_SIGNAL
RELATED_FORM_REVIEW,3011,3026,35601,Himmel,WATER,ATTACK,BASE,false,false,false,254,2,1,true,3,,,,,,false,FAMILY_HAS_PLAYABLE_SIGNAL
RELATED_FORM_REVIEW,3013,3028,35701,Frieren,WATER,ATTACK,BASE,false,false,false,255,10,5,true,3,,,,,,false,FAMILY_HAS_PLAYABLE_SIGNAL
RELATED_FORM_REVIEW,3014,3029,35702,Frieren,FIRE,ATTACK,BASE,false,false,false,255,10,5,true,3,,,,,,false,FAMILY_HAS_PLAYABLE_SIGNAL
RELATED_FORM_REVIEW,3015,3030,35703,Frieren,WIND,ATTACK,BASE,false,false,false,255,10,5,true,3,,,,,,false,FAMILY_HAS_PLAYABLE_SIGNAL
RELATED_FORM_REVIEW,3016,3031,35704,Frieren,LIGHT,ATTACK,BASE,false,false,false,255,10,5,true,3,,,,,,false,FAMILY_HAS_PLAYABLE_SIGNAL
RELATED_FORM_REVIEW,3017,3032,35705,Frieren,DARK,ATTACK,BASE,false,false,false,255,10,5,true,3,,,,,,false,FAMILY_HAS_PLAYABLE_SIGNAL
RELATED_FORM_REVIEW,3023,3038,35801,Fern,WATER,ATTACK,BASE,false,false,false,256,10,5,true,3,,,,,,false,FAMILY_HAS_PLAYABLE_SIGNAL
RELATED_FORM_REVIEW,3024,3039,35802,Fern,FIRE,ATTACK,BASE,false,false,false,256,10,5,true,3,,,,,,false,FAMILY_HAS_PLAYABLE_SIGNAL
RELATED_FORM_REVIEW,3025,3040,35803,Fern,WIND,ATTACK,BASE,false,false,false,256,10,5,true,3,,,,,,false,FAMILY_HAS_PLAYABLE_SIGNAL
RELATED_FORM_REVIEW,3026,3041,35804,Fern,LIGHT,ATTACK,BASE,false,false,false,256,10,5,true,3,,,,,,false,FAMILY_HAS_PLAYABLE_SIGNAL
RELATED_FORM_REVIEW,3027,3042,35805,Fern,DARK,ATTACK,BASE,false,false,false,256,10,5,true,3,,,,,,false,FAMILY_HAS_PLAYABLE_SIGNAL
RELATED_FORM_REVIEW,3033,3048,35901,Stark,WATER,HP,BASE,false,false,false,257,10,5,true,3,,,,,,false,FAMILY_HAS_PLAYABLE_SIGNAL
RELATED_FORM_REVIEW,3034,3049,35902,Stark,FIRE,HP,BASE,false,false,false,257,10,5,true,3,,,,,,false,FAMILY_HAS_PLAYABLE_SIGNAL
RELATED_FORM_REVIEW,3035,3050,35903,Stark,WIND,HP,BASE,false,false,false,257,10,5,true,3,,,,,,false,FAMILY_HAS_PLAYABLE_SIGNAL
RELATED_FORM_REVIEW,3036,3051,35904,Stark,LIGHT,HP,BASE,false,false,false,257,10,5,true,3,,,,,,false,FAMILY_HAS_PLAYABLE_SIGNAL
RELATED_FORM_REVIEW,3037,3052,35905,Stark,DARK,HP,BASE,false,false,false,257,10,5,true,3,,,,,,false,FAMILY_HAS_PLAYABLE_SIGNAL
RELATED_FORM_REVIEW,3043,3058,36001,Übel,WATER,ATTACK,BASE,false,false,false,258,10,5,true,3,,,,,,false,FAMILY_HAS_PLAYABLE_SIGNAL
RELATED_FORM_REVIEW,3044,3059,36002,Übel,FIRE,ATTACK,BASE,false,false,false,258,10,5,true,3,,,,,,false,FAMILY_HAS_PLAYABLE_SIGNAL
RELATED_FORM_REVIEW,3045,3060,36003,Übel,WIND,ATTACK,BASE,false,false,false,258,10,5,true,3,,,,,,false,FAMILY_HAS_PLAYABLE_SIGNAL
RELATED_FORM_REVIEW,3046,3061,36004,Übel,LIGHT,ATTACK,BASE,false,false,false,258,10,5,true,3,,,,,,false,FAMILY_HAS_PLAYABLE_SIGNAL
RELATED_FORM_REVIEW,3047,3062,36005,Übel,DARK,ATTACK,BASE,false,false,false,258,10,5,true,3,,,,,,false,FAMILY_HAS_PLAYABLE_SIGNAL
UNRESOLVED_FAMILY_REVIEW,1044,1059,17101,Ifrit,WATER,HP,BASE,false,false,false,70,10,0,false,3,,,,,,false,NO_PLAYABLE_SIGNAL_IN_FAMILY
UNRESOLVED_FAMILY_REVIEW,1045,1060,17102,Ifrit,FIRE,HP,BASE,false,false,false,70,10,0,false,3,,,,,,false,NO_PLAYABLE_SIGNAL_IN_FAMILY
UNRESOLVED_FAMILY_REVIEW,1046,1061,17103,Ifrit,WIND,ATTACK,BASE,false,false,false,70,10,0,false,3,,,,,,false,NO_PLAYABLE_SIGNAL_IN_FAMILY
UNRESOLVED_FAMILY_REVIEW,1047,1062,17104,Ifrit,LIGHT,ATTACK,BASE,false,false,false,70,10,0,false,3,,,,,,false,NO_PLAYABLE_SIGNAL_IN_FAMILY
UNRESOLVED_FAMILY_REVIEW,1048,1063,17105,Ifrit,DARK,HP,BASE,false,false,false,70,10,0,false,3,,,,,,false,NO_PLAYABLE_SIGNAL_IN_FAMILY
UNRESOLVED_FAMILY_REVIEW,1049,1064,17111,Theomars,WATER,HP,AWAKENED,false,false,false,70,10,0,false,3,,,,,,false,NO_PLAYABLE_SIGNAL_IN_FAMILY
UNRESOLVED_FAMILY_REVIEW,1050,1065,17112,Tesarion,FIRE,HP,AWAKENED,false,false,false,70,10,0,false,3,,,,,,false,NO_PLAYABLE_SIGNAL_IN_FAMILY
UNRESOLVED_FAMILY_REVIEW,1051,1066,17113,Akhamamir,WIND,ATTACK,AWAKENED,false,false,false,70,10,0,false,3,,,,,,false,NO_PLAYABLE_SIGNAL_IN_FAMILY
UNRESOLVED_FAMILY_REVIEW,1052,1067,17114,Elsharion,LIGHT,ATTACK,AWAKENED,false,false,false,70,10,0,false,3,,,,,,false,NO_PLAYABLE_SIGNAL_IN_FAMILY
UNRESOLVED_FAMILY_REVIEW,1053,1068,17115,Veromos,DARK,HP,AWAKENED,false,false,false,70,10,0,false,3,,,,,,false,NO_PLAYABLE_SIGNAL_IN_FAMILY
UNRESOLVED_FAMILY_REVIEW,1340,1355,23205,데몬(어둠),DARK,ATTACK,BASE,false,false,false,131,4,0,false,3,,,,,,false,NO_PLAYABLE_SIGNAL_IN_FAMILY
